societe,secteur,annee,type_comptes_resolu,capitaux_propres,chiffre_affaires,dettes_financieres,ebit,ebitda,immobilisations_corporelles,impot_differe,resultat_avant_impot,resultat_financier,resultat_net,total_actif,total_dettes,tresorerie_equivalents,nombre_variables_prevalidees,societe_is,score_correspondance_nom,methode_correspondance_nom,is_mad,statut_perimetre_is,ecart_identite_fiscale,is_implicite_mad,version_source,secteur_normalise,est_banque,qualite_perimetre,taille_log_actif,rentabilite_actif,ratio_capitaux_propres,ratio_dettes_financieres,marge_ebit,marge_nette,taux_effectif_observe,is_mad_retard_1,chiffre_affaires_retard_1,resultat_avant_impot_retard_1,resultat_net_retard_1,total_actif_retard_1,capitaux_propres_retard_1,croissance_chiffre_affaires,croissance_resultat_avant_impot,croissance_resultat_net,croissance_total_actif,croissance_capitaux_propres,chiffre_affaires_manquant,ebit_manquant,resultat_financier_manquant,resultat_avant_impot_manquant,resultat_net_manquant,total_actif_manquant,capitaux_propres_manquant,total_dettes_manquant,dettes_financieres_manquant,tresorerie_equivalents_manquant,ebitda_manquant,immobilisations_corporelles_manquant,impot_differe_manquant,split_temporel_t
AFMA,Assurances et courtage,2024,sociaux,78989000.0,239503000.0,15495000.0,87248000.0,,20159000.0,,87124000.0,6450000.0,65102000.0,866269000.0,787280000.0,5644000.0,11,AFMA,1.0,comparatif officiel du RFA 2025,22022000.0,vérifié_par_impôt_du_pdf,0.0,22022000.0,V26,assurances et courtage,False,haute,20.57970604300416,0.07515217559441698,0.09118299281170168,0.017887053559575605,0.36428771247124253,0.27182122979670403,0.25276617235204996,,,,,,,,,,,,0,0,0,0,0,0,0,0,0,0,1,0,1,test_final
AFMA,Assurances et courtage,2025,sociaux,,,,,,,,83022000.0,,64430000.0,,,,2,AFMA,1.0,contrôle publication annuelle 2025,18592000.0,vérifié_par_impôt_du_pdf,0.0,18592000.0,V26,assurances et courtage,False,haute,,,,,,,0.22394064223940643,22022000.0,239503000.0,87124000.0,65102000.0,866269000.0,78989000.0,,-0.047082319452734035,-0.01032226352493011,,,1,1,1,0,0,1,1,1,1,1,1,1,1,test_final
AFRIC INDUSTRIES SA,Industrie,2024,sociaux,,43110000.0,,9586000.0,,,,12095000.0,5052000.0,9917000.0,,,,5,AFRIC INDUSTRIES SA,1.0,comparatif officiel du RFA 2025,2178000.0,vérifié_par_impôt_du_pdf,0.0,2178000.0,V26,industrie,False,haute,,,,,0.2223614010670378,0.23003943400603108,0.18007441091360066,,,,,,,,,,,,0,0,0,0,0,1,1,1,1,1,1,1,1,test_final
AFRIC INDUSTRIES SA,Industrie,2025,sociaux,,43952000.0,,11151000.0,,,,9908000.0,-210000.0,7530000.0,,,,5,AFRIC INDUSTRIES SA,1.0,contrôle RFA/publication 2025,2378000.0,vérifié_par_impôt_du_pdf,0.0,2378000.0,V26,industrie,False,haute,,,,,0.2537085911903895,0.17132326174008009,0.24000807428340734,2178000.0,43110000.0,12095000.0,9917000.0,,,0.019531431222454185,-0.18081852004960727,-0.24069779167086822,,,0,0,0,0,0,1,1,1,1,1,1,1,1,test_final
AGMA,Sociétés d'assurances,2019,sociaux,89800000.0,125100000.0,,60800000.0,,,,65900000.00000001,2800000.0,45800000.0,,,,6,AGMA-LAHLOU-TAZI,1.0,alias vérifié,21932547.0,vérifié_par_impôt_du_pdf,,,V26,societes d assurances,False,haute,,,,,0.4860111910471623,0.36610711430855314,0.33281558421851287,,,,,,,,,,,,0,0,0,0,0,1,0,1,1,1,1,1,1,apprentissage
AGMA,Sociétés d'assurances,2021,sociaux,104800000.0,130600000.0,,70300000.0,,,,76229757.16,,52200000.0,,,,5,AGMA-LAHLOU-TAZI,1.0,alias vérifié,24081852.93,vérifié_par_rcai_moins_resultat_net,0.002163279136013031,24029757.16,V26,societes d assurances,False,haute,,,,,0.5382848392036753,0.3996937212863706,0.31591144753949785,22943453.43,141400000.0,,50200000.0,,,-0.07637906647807638,,0.0398406374501992,,,0,0,1,0,0,1,0,1,1,1,1,1,1,validation
AGMA,Sociétés d'assurances,2022,sociaux,128700000.0,160800000.0,,88600000.0,,,,91400000.0,6920000.0,,,,,5,AGMA-LAHLOU-TAZI,1.0,alias vérifié,26260725.75,provisoire_un_seul_type_disponible,,,V26,societes d assurances,False,provisoire,,,,,0.5509950248756219,,0.2873164742888403,24081852.93,130600000.0,76229757.16,52200000.0,,104800000.0,0.23124042879019907,0.19900683676794234,,,0.22805343511450382,0,0,0,0,1,1,0,1,1,1,1,1,1,validation
AGMA,Sociétés d'assurances,2023,sociaux,115300000.0,152000000.0,,82000000.0,,,,81600000.0,3200000.0,55300000.0,,,,6,AGMA-LAHLOU-TAZI,1.0,alias vérifié,26955938.64,provisoire_un_seul_type_disponible,,,V26,societes d assurances,False,provisoire,,,,,0.5394736842105263,0.3638157894736842,0.33034238529411764,26260725.75,160800000.0,91400000.0,,,128700000.0,-0.05472636815920398,-0.10722100656455143,,,-0.10411810411810411,0,0,0,0,0,1,0,1,1,1,1,1,1,test_final
AGMA,Sociétés d'assurances,2025,sociaux,142600000.0,172200000.0,,91600000.0,95400000.0,,,94100000.0,7400000.0,68900000.0,,,,7,AGMA-LAHLOU-TAZI,1.0,alias vérifié,22700000.0,provisoire_un_seul_type_disponible,,,V26,societes d assurances,False,provisoire,,,,,0.5319396051103368,0.40011614401858303,0.2412327311370882,25200000.0,160800000.0,,64400000.00000001,,128700000.0,0.0708955223880597,,0.06987577639751541,,0.108003108003108,0,0,0,0,0,1,0,1,1,1,0,1,1,test_final
AKDITAL,Santé,2024,sociaux,2298712215.0,119755123.0,90489321.0,-1875703.0,,16339879.0,,209141951.0,188567764.0,205624402.0,3040436931.0,741724716.0,306278377.0,11,AKDITAL,1.0,comparatif officiel du RFA 2025,3517549.0,vérifié_par_impôt_du_pdf,0.0,3517549.0,V26,sante,False,haute,21.835267069668294,0.06762988566000944,0.7560466693331321,0.02976194640887948,-0.01566282053753976,1.717040547818568,0.016818954701249774,,,,,,,,,,,,0,0,0,0,0,0,0,0,0,0,1,0,1,test_final
AKDITAL,Santé,2025,sociaux,,,,,,,,370702249.0,,365024673.0,,,,2,AKDITAL,1.0,contrôle publication annuelle 2025,5677576.0,vérifié_par_impôt_du_pdf,0.0,5677576.0,V26,sante,False,haute,,,,,,,0.015315731197519656,3517549.0,119755123.0,209141951.0,205624402.0,3040436931.0,2298712215.0,,0.7724911105950236,0.7752011407673297,,,1,1,1,0,0,1,1,1,1,1,1,1,1,test_final
ALLIANCES,Immobilier,2012,sociaux,,,,,,,,407048522.77,,387446152.38,,,,2,ALLIANCES Développement Immobilier (ADI),1.0,alias vérifié,19602370.39,vérifié_par_rcai_moins_resultat_net,7.60171392407184e-16,19602370.38999999,V26,immobilier,False,haute,,,,,,,0.04815733086710202,,,,,,,,,,,,1,1,1,0,0,1,1,1,1,1,1,1,1,apprentissage
ALLIANCES,Immobilier,2019,sociaux,1912254989.32,3279000000.0,,,,,,-3194483.19,,-0.77,13486707000.0,,,4,ALLIANCES Développement Immobilier (ADI),1.0,alias vérifié,1550984.0,vérifié_par_impôt_du_pdf,,,V26,immobilier,False,haute,23.324970370695585,-5.709325486199114e-11,0.14178813177449467,,,-2.348276913693199e-10,-0.4855195371993803,,,,,,,,,,,,0,1,1,0,0,0,0,1,1,1,1,1,1,apprentissage
ARADEI Capital,Sociétés de placement immobilier,2024,sociaux,2681443537.26,199977503.15,1639061901.14,20722458.59,,681019027.54,,143814333.19,134213170.33,138041971.19,5063012758.0,2381569220.74,17540413.66,11,ARADEI Capital,1.0,comparatif officiel du RFA 2025,5772362.0,vérifié_par_impôt_du_pdf,0.0,5772362.0,V26,societes de placement immobilier,False,haute,22.34522754997841,0.027264788336130833,0.5296142169547344,0.3237325243848418,0.10362394901218668,0.6902875024219943,0.04013759874945049,,,,,,,,,,,,0,0,0,0,0,0,0,0,0,0,1,0,1,test_final
ARADEI Capital,Sociétés immobilières,2025,sociaux,,,,,,,,89076420.2,,75589798.57,,,,2,ARADEI Capital,1.0,contrôle publication annuelle 2025,13486621.63,vérifié_par_impôt_du_pdf,-9.313225746154785e-09,13486621.63000001,V26,societes immobilieres,False,haute,,,,,,,0.15140506993566857,5772362.0,199977503.15,143814333.19,138041971.19,5063012758.0,2681443537.26,,-0.38061514298218885,-0.4524143786243191,,,1,1,1,0,0,1,1,1,1,1,1,1,1,test_final
Addoha,Immobilier,2018,consolides,11146854611.0,4062318164.0,4467133453.0,632326697.0,,15111000.0,4979530024.0,649058714.0,51412789.0,763909244.0,27248454111.0,,,9,Douja PRO ADDOHA,1.0,alias vérifié,84079684.0,provisoire_un_seul_type_disponible,,,V26,immobilier,False,provisoire,24.028262626611603,0.028034957171813115,0.40908209198187495,0.16394080320309443,0.15565661562494984,0.18804761546491217,0.12954095243839528,,,,,,,,,,,,0,0,0,0,0,0,0,1,0,1,1,0,0,apprentissage
Addoha,Immobilier,2017,sociaux,,,,,,719731420.96,,722931609.82,,3559158431.51,,,,3,Douja PRO ADDOHA,1.0,alias vérifié,134770811.0,vérifié_par_impôt_du_pdf,,,V26,immobilier,False,haute,,,,,,,0.18642262859906772,170797519.0,,,500000000.0,,,,,6.11831686302,,,1,1,1,0,0,1,1,1,1,1,1,0,1,apprentissage
Addoha,Immobilier,2024,sociaux,4025512540.0,,1807825140.34,,,837135484.08,,59939139.92,,-2.0,,,,5,Douja PRO ADDOHA,1.0,alias vérifié,2613868.0,vérifié_par_impôt_du_pdf,,,V26,immobilier,False,haute,,,,,,,0.0436087004833352,2168106.0,,,,,4025512540.0,,,,,0.0,1,1,1,0,0,1,0,1,0,1,1,0,1,test_final
Afriquia Gaz,Pétrole et Gaz,2009,consolides,1495822000.0,,,-188608000.0,,1893551000.0,140143000.0,35063000.0,,83.0,2839162000.0,,15290000.0,8,AfriquiaGaz,1.0,alias vérifié,117648296.0,provisoire_un_seul_type_disponible,,,V26,petrole et gaz,False,provisoire,21.766774775507365,2.9233978194974433e-08,0.5268533461634102,,,,3.355340273222485,121234203.0,,,69.0,2677192000.0,1448726000.0,,,0.2028985507246377,0.060499956671019484,0.03250856269577546,1,0,1,0,0,0,0,1,1,0,1,0,0,apprentissage
Afriquia Gaz,Pétrole et Gaz,2011,sociaux,,,,,,,,494894393.41,,350057497.26,,,,2,AfriquiaGaz,1.0,alias vérifié,144553830.0,vérifié_par_rcai_moins_resultat_net,0.001958205811634571,144836896.15,V26,petrole et gaz,False,haute,,,,,,,0.29209025587049436,133259096.0,,,329345406.55,,,,,0.06288865822349202,,,1,1,1,0,0,1,1,1,1,1,1,1,1,apprentissage
Afriquia Gaz,Pétrole et Gaz,2012,sociaux,,,,,,,,547846056.26,,385155758.26,,,,2,AfriquiaGaz,1.0,alias vérifié,162690298.0,vérifié_par_rcai_moins_resultat_net,0.0,162690298.0,V26,petrole et gaz,False,haute,,,,,,,0.29696352860627234,144553830.0,,494894393.41,350057497.26,,,,0.10699588347555121,0.10026427451125633,,,1,1,1,0,0,1,1,1,1,1,1,1,1,apprentissage
Afriquia Gaz,Pétrole et Gaz,2013,sociaux,,,,,,,,535159586.01,,383395438.01,,,,2,AfriquiaGaz,1.0,alias vérifié,151764148.0,vérifié_par_rcai_moins_resultat_net,0.0,151764148.0,V26,petrole et gaz,False,haute,,,,,,,0.28358671313637673,162690298.0,,547846056.26,385155758.26,,,,-0.023156998403177663,-0.004570411352416269,,,1,1,1,0,0,1,1,1,1,1,1,1,1,apprentissage
Afriquia Gaz,Pétrole et Gaz,2014,sociaux,,,,,,,,539905558.73,,385332209.13,,,,2,AfriquiaGaz,1.0,alias vérifié,154459416.0,vérifié_par_rcai_moins_resultat_net,0.000737628064060684,154573349.6,V26,petrole et gaz,False,haute,,,,,,,0.2860859894892159,151764148.0,,535159586.01,383395438.01,,,,0.00886833169781125,0.00505162797463826,,,1,1,1,0,0,1,1,1,1,1,1,1,1,apprentissage
Afriquia Gaz,Pétrole et Gaz,2018,sociaux,,,,,,,,867573867.95,,619008571.95,,,,2,AfriquiaGaz,1.0,alias vérifié,248565296.0,vérifié_par_rcai_moins_resultat_net,0.0,248565296.0,V26,petrole et gaz,False,haute,,,,,,,0.286506204465722,,,,,,,,,,,,1,1,1,0,0,1,1,1,1,1,1,1,1,apprentissage
Atlanta,Sociétés d'assurances,2017,consolides,1545819000.0,,8177000.0,,,32400000.0,5338000.0,-26870000.0,,,,,,5,Atlanta,1.0,nom normalisé,65020000.0,vérifié_par_impôt_du_pdf,,,V26,societes d assurances,False,haute,,,,,,,-2.419799032378117,,,,,,,,,,,,1,1,1,0,1,1,0,1,0,1,1,0,0,apprentissage
Atlanta,Sociétés d'assurances,2010,sociaux,,,,,,,,265047603.46,,185720734.46,,,,2,Atlanta,1.0,nom normalisé,79326869.0,provisoire_un_seul_type_disponible,,,V26,societes d assurances,False,provisoire,,,,,,,0.29929291178055006,5842593.0,,,142466937.54,,,,,0.30360585878288976,,,1,1,1,0,0,1,1,1,1,1,1,1,1,apprentissage
Atlanta,Sociétés d'assurances,2016,sociaux,,,,,,72888215.56,,173778827.83,,-1.0,,,,3,Atlanta,1.0,nom normalisé,13148384.0,vérifié_par_impôt_du_pdf,,,V26,societes d assurances,False,haute,,,,,,,0.0756615990807722,13283615.0,,,,,1144082215.83,,,,,,1,1,1,0,0,1,1,1,1,1,1,0,1,apprentissage
Attijari wafa bank,Banques,2012,sociaux,25213767000.0,,,,,,,4819712000.0,,11333764000.0,,,,3,Attijari wafa bank,1.0,nom normalisé,1510015000.0,vérifié_par_impôt_du_pdf,,,V26,banques,True,haute,,,,,,,0.3132998403224093,,,,,,,,,,,,1,1,1,0,0,1,0,1,1,1,1,1,1,apprentissage
Attijari wafa bank,Banques,2013,sociaux,27377268000.0,,,,,,,4747064000.0,,3309697000.0,,,,3,Attijari wafa bank,1.0,nom normalisé,1457578000.0,vérifié_par_rcai_moins_resultat_net,0.01386615330363109,1437367000.0,V26,banques,True,haute,,,,,,,0.3070483144950226,1510015000.0,,4819712000.0,11333764000.0,,25213767000.0,,-0.015073099803473735,-0.7079790085623805,,0.0858063374663532,1,1,1,0,0,1,0,1,1,1,1,1,1,apprentissage
Attijari wafa bank,Banques,2015,sociaux,30623461000.0,,,,,,,5118408000.0,,13027468000.0,,,,3,Attijari wafa bank,1.0,nom normalisé,1452990000.0,vérifié_par_impôt_du_pdf,,,V26,banques,True,haute,,,,,,,0.2838753768749971,,,,,,,,,,,,1,1,1,0,0,1,0,1,1,1,1,1,1,apprentissage
Attijari wafa bank,Banques,2016,sociaux,35320900000.0,,,,,3340980000.0,,8519470000.0,,6935048000.0,,,,4,Attijari wafa bank,1.0,nom normalisé,1584422000.0,vérifié_par_rcai_moins_resultat_net,0.0,1584422000.0,V26,banques,True,haute,,,,,,,0.18597659244060957,1452990000.0,,5118408000.0,13027468000.0,,30623461000.0,,0.6644765325468388,-0.4676595636235683,,0.15339347175683377,1,1,1,0,0,1,0,1,1,1,1,0,1,apprentissage
Attijari wafa bank,Banques,2017,sociaux,37037671000.0,,,,,,,5761605000.0,,388816.59,,,,3,Attijari wafa bank,1.0,nom normalisé,1603594000.0,vérifié_par_impôt_du_pdf,,,V26,banques,True,haute,,,,,,,0.27832418223741473,1584422000.0,,8519470000.0,6935048000.0,,35320900000.0,,-0.3237132122068626,-0.9999439345495518,,0.04860496193471854,1,1,1,0,0,1,0,1,1,1,1,1,1,apprentissage
Attijari wafa bank,Banques,2018,sociaux,41497564000.0,,,,,3735375000.0,,6478968000.0,13300000.0,4603982564.32,328791884000.0,,,5,Attijari wafa bank,1.0,nom normalisé,1874985000.0,vérifié_par_rcai_moins_resultat_net,2.32364525745633e-07,1874985435.68,V26,banques,True,haute,26.518690816128533,0.014002725700857019,0.12621225163818217,,,,0.2893956259700619,1603594000.0,,5761605000.0,388816.59,,37037671000.0,,0.12450749400557658,11840.0136880219,,0.12041504985559162,1,1,0,0,0,0,0,1,1,1,1,0,1,apprentissage
Attijari wafa bank,Banques,2019,sociaux,43609499000.0,,,,,,,6857021000.0,35300000.0,18615420000.0,347402363000.0,,,4,Attijari wafa bank,1.0,nom normalisé,2016910000.0,vérifié_par_impôt_du_pdf,,,V26,banques,True,haute,26.57374949269056,0.053584609613032484,0.12553023135308955,,,,0.2941379354095605,1874985000.0,,6478968000.0,4603982564.32,328791884000.0,41497564000.0,,0.05835080525170058,3.043329821504106,0.05660261066541411,0.05089298735704101,1,1,0,0,0,0,0,1,1,1,1,1,1,apprentissage
Attijari wafa bank,Banques,2020,sociaux,43095011000.0,,,,,,,3648628000.0,,18654912000.0,367356389000.0,,,3,Attijari wafa bank,1.0,nom normalisé,1330010000.0,vérifié_par_impôt_du_pdf,,,V26,banques,True,haute,26.62959830099702,0.05078150961463202,0.11731117870934865,,,,0.3645233221912456,2016910000.0,,6857021000.0,18615420000.0,347402363000.0,43609499000.0,,-0.4678989607877823,0.0021214670418395073,0.05743779583905709,-0.011797613175973427,1,1,1,0,0,0,0,1,1,1,1,1,1,validation
Attijari wafa bank,Banques,2021,sociaux,46980388000.0,,,,,,,5645280000.0,,20729805000.0,382246023000.0,,,3,Attijari wafa bank,1.0,nom normalisé,1545796000.0,vérifié_par_impôt_du_pdf,,,V26,banques,True,haute,26.669330277518334,0.05423157796987727,0.12290615251214791,,,,0.27382096193634325,1330010000.0,,3648628000.0,18654912000.0,367356389000.0,43095011000.0,,0.5472336450852211,0.11122502212822018,0.040531849848948726,0.09015839443688738,1,1,1,0,0,0,0,1,1,1,1,1,1,validation
Attijari wafa bank,Banques,2022,sociaux,47988116000.0,,,,,,,5966731000.0,,21783425000.0,427766876000.0,,,3,Attijari wafa bank,1.0,nom normalisé,1731891000.0,vérifié_par_impôt_du_pdf,,,V26,banques,True,haute,26.781844201894295,0.05092358997894919,0.11218287037259986,,,,0.29025793185581855,1545796000.0,,5645280000.0,20729805000.0,382246023000.0,46980388000.0,,0.0569415511719525,0.05082633435287983,0.11908783940441416,0.021449971847827227,1,1,1,0,0,0,0,1,1,1,1,1,1,validation
Attijari wafa bank,Banques,2023,sociaux,49799685000.0,,,,,,,7324318000.0,,21953362000.0,114116000.0,,,3,Attijari wafa bank,1.0,nom normalisé,2178066000.0,vérifié_par_impôt_du_pdf,,,V26,banques,True,haute,18.552726041634596,192.37759823337657,436.3952907567738,,,,0.2973745814968711,1731891000.0,,5966731000.0,21783425000.0,427766876000.0,47988116000.0,,0.227526094271721,0.007801206651387465,-0.9997332285260909,0.03775036719507805,1,1,1,0,0,0,0,1,1,1,1,1,1,test_final
Attijari wafa bank,Banques,2024,sociaux,52786655000.0,,,,,,,9314274000.0,,22053362000.0,491941270000.0,,,3,Attijari wafa bank,1.0,nom normalisé,2777480000.0,vérifié_par_impôt_du_pdf,,,V26,banques,True,haute,26.921625176396898,0.04482925776892026,0.10730275790847961,,,,0.29819608055335284,2178066000.0,,7324318000.0,21953362000.0,114116000.0,49799685000.0,,0.27169164419130903,0.004555110966602746,4309.887780854569,0.059979696658723845,1,1,1,0,0,0,0,1,1,1,1,1,1,test_final
Attijari wafa bank,Banques,2025,sociaux,56357157000.0,,,,,,,11538939000.0,,22226671000.0,527424302000.0,,,3,Attijari wafa bank,1.0,nom normalisé,3889647000.0,vérifié_par_impôt_du_pdf,,,V26,banques,True,haute,26.991271188683406,0.042141916699166435,0.10685354616063937,,,,0.3370887912658174,2777480000.0,,9314274000.0,22053362000.0,491941270000.0,52786655000.0,,0.23884470222799972,0.00785862037724679,0.07212859372420614,0.06764023975377868,1,1,1,0,0,0,0,1,1,1,1,1,1,test_final
Auto Nejma,Distributeurs,2024,sociaux,1257000000.0,,70000000.0,337269000000.0,,,,323000000.0,,,,,,4,Auto-Najma,1.0,alias vérifié,118541584.0,vérifié_par_impôt_du_pdf,,,V26,distributeurs,False,haute,,,,,,,0.3670018080495356,,,,,,,,,,,,1,0,1,0,1,1,0,1,0,1,1,1,1,test_final
Auto Nejma,Distributeurs,2025,sociaux,1434000000.0,,581000000.0,492337000000.0,,,,486000000.0,,,,,,4,Auto-Najma,1.0,alias vérifié,186412198.0,vérifié_par_impôt_du_pdf,,,V26,distributeurs,False,haute,,,,,,,0.38356419341563786,118541584.0,,323000000.0,,,1257000000.0,,0.5046439628482973,,,0.14081145584725538,1,0,1,0,1,1,0,1,0,1,1,1,1,test_final
Auto hall,Distributeurs,2018,sociaux,502945280.0,4811636630.5,,-1865560.02,,384188228.74,,1486356722.6,,167492012.8,3940584717.19,,,5,Auto-Hall,1.0,alias vérifié,48418632.0,vérifié_par_impôt_du_pdf,,,V26,distributeurs,False,haute,22.094594954877206,0.042504355272289955,0.1276321449976709,,-0.0003877183925682561,0.034809780052446546,0.032575377945143626,,,,,,,,,,,,0,0,1,0,0,0,0,1,1,1,1,0,1,apprentissage
Auto hall,Distributeurs,2019,sociaux,502945280.0,4424249242.77,,,,828831167.03,,1480480055.68,,170154181.08,4770843526.8,,,4,Auto-Hall,1.0,alias vérifié,56312840.0,vérifié_par_impôt_du_pdf,,,V26,distributeurs,False,haute,22.28578896642192,0.03566542900100716,0.10542061947215987,,,0.03845944740976377,0.038036878500288154,48418632.0,4811636630.5,1486356722.6,167492012.8,3940584717.19,502945280.0,-0.08051052427243333,-0.003953739254275459,0.01589429988628091,0.2106943180254861,0.0,0,1,1,0,0,0,0,1,1,1,1,0,1,apprentissage
Auto hall,Distributeurs,2020,sociaux,502945280.0,,,,,431411326.18,,1434973704.62,,130524496.94,,,,4,Auto-Hall,1.0,alias vérifié,58163046.0,vérifié_par_impôt_du_pdf,,,V26,distributeurs,False,haute,,,,,,,0.04053248210245242,56312840.0,4424249242.77,1480480055.68,170154181.08,4770843526.8,502945280.0,,-0.030737564403796467,-0.23290455684640302,,0.0,1,1,1,0,0,1,0,1,1,1,1,0,1,validation
Auto hall,Distributeurs,2025,sociaux,502945280.0,,,,,609815412.86,,1659905010.86,,,,,,3,Auto-Hall,1.0,alias vérifié,64635088.0,vérifié_par_impôt_du_pdf,,,V26,distributeurs,False,haute,,,,,,,0.038939028183614215,32539329.0,,,,,502945280.0,,,,,0.0,1,1,1,0,1,1,0,1,1,1,1,0,1,test_final
BCP,Banques,2024,sociaux,33378191000.0,10018334000.0,,4876294000.0,,2686750000.0,,4667429000.0,,2939923000.0,345976160000.0,312597969000.0,,8,BCP,1.0,comparatif officiel du RFA 2025,1727506000.0,vérifié_par_impôt_du_pdf,0.0,1727506000.0,V26,banques,True,haute,26.56963570789909,0.008497472773846614,0.09647540743847784,,0.4867370163542162,0.2934542809213588,0.3701193954958929,,,,,,,,,,,,0,0,1,0,0,0,0,0,1,1,1,0,1,test_final
BCP,Banques,2025,sociaux,34486059000.0,11076351000.0,,,,2728346000.0,,5450452000.0,,3282906000.0,372904872000.0,,,6,BCP,1.0,contrôle publication annuelle 2025,2167546000.0,vérifié_par_impôt_du_pdf,0.0,2167546000.0,V26,banques,True,haute,26.64458918921344,0.008803601793649937,0.09247950774963326,,,0.29638876557812227,0.39768188032845714,1727506000.0,10018334000.0,4667429000.0,2939923000.0,345976160000.0,33378191000.0,0.10560807814952067,0.16776323753398284,0.1166639398378801,0.07783401029712568,0.0331913733731106,0,1,1,0,0,0,0,1,1,1,1,0,1,test_final
BMCE BANK,Banques,2006,consolides,7047064000.0,,,,,1840684000.0,3285502000.0,1339416000.0,,1273857000.0,,,,5,BMCE BANK(bank of africa),1.0,alias vérifié,375375000.0,provisoire_un_seul_type_disponible,,,V26,banques,True,provisoire,,,,,,,0.2802527370137433,,,,,,,,,,,,1,1,1,0,0,1,0,1,1,1,1,0,0,apprentissage
BMCE BANK,Banques,2007,consolides,7950246000.0,,,,,1972055000.0,,2147212000.0,,,,,,3,BMCE BANK(bank of africa),1.0,alias vérifié,566014000.0,provisoire_un_seul_type_disponible,,,V26,banques,True,provisoire,,,,,,,0.2636041527338707,375375000.0,,1339416000.0,1273857000.0,,7047064000.0,,0.6030956775191576,,,0.1281642965070276,1,1,1,0,1,1,0,1,1,1,1,0,1,apprentissage
BMCE BANK,Banques,2009,sociaux,12898809000.0,,,,,26022000.0,,1154254000.0,,502929000.0,,,,4,BMCE BANK(bank of africa),1.0,alias vérifié,152499000.0,vérifié_par_impôt_du_pdf,,,V26,banques,True,haute,,,,,,,0.13211910030201324,,,,,,,,,,,,1,1,1,0,0,1,0,1,1,1,1,0,1,apprentissage
BMCE BANK,Banques,2010,sociaux,14887353000.0,,,,,432694000.0,,935266000.0,,476265000.0,,,,4,BMCE BANK(bank of africa),1.0,alias vérifié,275848000.0,vérifié_par_impôt_du_pdf,,,V26,banques,True,haute,,,,,,,0.29494069066982015,152499000.0,,1154254000.0,502929000.0,,12898809000.0,,-0.1897225394064045,-0.05301742393061446,,0.15416493104130777,1,1,1,0,0,1,0,1,1,1,1,0,1,apprentissage
BMCE BANK,Banques,2011,sociaux,15411554000.0,,,,,2089870000.0,,816087000.0,,521741000.0,,,,4,BMCE BANK(bank of africa),1.0,alias vérifié,293544000.0,provisoire_un_seul_type_disponible,,,V26,banques,True,provisoire,,,,,,,0.35969694407581543,275848000.0,,935266000.0,476265000.0,,14887353000.0,,-0.12742791890221605,0.09548465665123408,,0.03521116211861168,1,1,1,0,0,1,0,1,1,1,1,0,1,apprentissage
BMCE BANK,Banques,2012,sociaux,17111881000.0,,,,,,,372362000.0,,120839000.0,,,,3,BMCE BANK(bank of africa),1.0,alias vérifié,227527000.0,vérifié_par_impôt_du_pdf,,,V26,banques,True,haute,,,,,,,0.6110371090497956,293544000.0,,816087000.0,521741000.0,,15411554000.0,,-0.5437226668235127,-0.768392746592658,,0.1103280694471174,1,1,1,0,0,1,0,1,1,1,1,1,1,apprentissage
BMCE BANK,Banques,2013,sociaux,18633841000.0,,,,,2337608000.0,,1480987000.0,,713067000.0,,,,4,BMCE BANK(bank of africa),1.0,alias vérifié,372362000.0,vérifié_par_impôt_du_pdf,,,V26,banques,True,haute,,,,,,,0.25142827047097643,227527000.0,,372362000.0,120839000.0,,17111881000.0,,2.977277488035836,4.900967402908002,,0.08894171248619599,1,1,1,0,0,1,0,1,1,1,1,0,1,apprentissage
BMCE BANK,Banques,2014,sociaux,19995030000.0,,,,,2221952000.0,,1454705000.0,,1203572000.0,,,,4,BMCE BANK(bank of africa),1.0,alias vérifié,251133000.0,vérifié_par_rcai_moins_resultat_net,0.0,251133000.0,V26,banques,True,haute,,,,,,,0.1726350015982622,372362000.0,,1480987000.0,713067000.0,,18633841000.0,,-0.017746273262358142,0.6878806619854796,,0.07304929778031272,1,1,1,0,0,1,0,1,1,1,1,0,1,apprentissage
BMCE BANK,Banques,2015,sociaux,22410398000.0,,,,,15820000.0,,1622471000.0,,4.4,,,,4,BMCE BANK(bank of africa),1.0,alias vérifié,318435000.0,vérifié_par_impôt_du_pdf,,,V26,banques,True,haute,,,,,,,0.19626544942868007,251133000.0,,1454705000.0,1203572000.0,,19995030000.0,,0.11532647512725948,-0.9999999963442153,,0.12079841840697414,1,1,1,0,0,1,0,1,1,1,1,0,1,apprentissage
BMCE BANK,Banques,2016,sociaux,24709660000.0,,,,,7684428000.0,,1875333000.0,,,,,,3,BMCE BANK(bank of africa),1.0,alias vérifié,550362000.0,provisoire_un_seul_type_disponible,,,V26,banques,True,provisoire,,,,,,,0.2934742789680553,318435000.0,,1622471000.0,4.4,,22410398000.0,,0.15584993506817688,,,0.10259799937511149,1,1,1,0,1,1,0,1,1,1,1,0,1,apprentissage
BMCE BANK,Banques,2017,sociaux,26683739000.0,,,,,,,1938774000.0,,,,,,2,BMCE BANK(bank of africa),1.0,alias vérifié,608137000.0,provisoire_un_seul_type_disponible,,,V26,banques,True,provisoire,,,,,,,0.31367090749102267,550362000.0,,1875333000.0,,,24709660000.0,,0.03382919193551225,,,0.07989098190748072,1,1,1,0,1,1,0,1,1,1,1,1,1,apprentissage
BMCE BANK,Banques,2018,sociaux,25294339000.0,,,,,5143410000.0,,1863131000.0,,1343654000.0,208227549000.0,,,4,BMCE BANK(bank of africa),1.0,alias vérifié,519477000.0,vérifié_par_rcai_moins_resultat_net,0.0,519477000.0,V26,banques,True,haute,26.061897304263304,0.006452815712679786,0.12147450767909677,,,,0.2788193637484428,608137000.0,,1938774000.0,,,26683739000.0,,-0.039015893549222344,,,-0.052069164669913764,1,1,1,0,0,0,0,1,1,1,1,0,1,apprentissage
BMCE BANK,Banques,2019,sociaux,29435162000.0,,,,,9073898000.0,,2012790000.0,,6.87,222897610000.0,,,4,BMCE BANK(bank of africa),1.0,alias vérifié,640941000.0,vérifié_par_impôt_du_pdf,,,V26,banques,True,haute,26.129978354988243,3.082132643773076e-11,0.13205687580050768,,,,0.31843411384198056,519477000.0,,1863131000.0,1343654000.0,208227549000.0,25294339000.0,,0.08032661149430716,-0.9999999948870767,0.07045206587914071,0.16370552320027024,1,1,1,0,0,0,0,1,1,1,1,0,1,apprentissage
BMCE BANK,Banques,2020,sociaux,29943306000.0,,,,,9624001000.0,,998993000.0,,724181000.0,234574533000.0,,,4,BMCE BANK(bank of africa),1.0,alias vérifié,274812000.0,vérifié_par_rcai_moins_resultat_net,0.0,274812000.0,V26,banques,True,haute,26.18103921229032,0.003087210664936078,0.12764943243007543,,,,0.2750890146377402,640941000.0,,2012790000.0,6.87,222897610000.0,29435162000.0,,-0.5036774824994162,105412080.51382823,0.05238693676437356,0.017263163015715694,1,1,1,0,0,0,0,1,1,1,1,0,1,validation
BMCE BANK,Banques,2021,sociaux,,,,,,,,2010343000.0,,,,,,1,BMCE BANK(bank of africa),1.0,alias vérifié,509470000.0,vérifié_par_impôt_du_pdf,,,V26,banques,True,haute,,,,,,,0.25342441563454593,274812000.0,,998993000.0,724181000.0,234574533000.0,29943306000.0,,1.0123694560422345,,,,1,1,1,0,1,1,1,1,1,1,1,1,1,validation
BMCE BANK,Banques,2022,sociaux,33601517.0,,,,,,,1931997.0,,690079000.0,268445438000.0,,,3,BMCE BANK(bank of africa),1.0,alias vérifié,406902000.0,vérifié_par_impôt_du_pdf,,,V26,banques,True,haute,26.315913519820715,0.0025706490121094926,0.00012517075071322314,,,,210.6121282797023,509470000.0,,2010343000.0,,,,,-0.9990389714590993,,,,1,1,1,0,0,0,0,1,1,1,1,1,1,validation
BMCE BANK,Banques,2024,sociaux,35408147000.0,,,,,,,2805738000.0,,202000000.0,288891689000.0,,,3,BMCE BANK(bank of africa),1.0,alias vérifié,919542000.0,vérifié_par_impôt_du_pdf,,,V26,banques,True,haute,26.38931767626856,0.0006992239918677619,0.12256547470287385,,,,0.3277362319646382,1518983000.0,,,1525093000.0,,,,,-0.867549060942513,,,1,1,1,0,0,0,0,1,1,1,1,1,1,test_final
BMCE BANK,Banques,2025,sociaux,36436887000.0,,,,,,,3281456000.0,,1886195000.0,297580604000.0,,,3,BMCE BANK(bank of africa),1.0,alias vérifié,1110694000.0,vérifié_par_impôt_du_pdf,,,V26,banques,True,haute,26.41895096305356,0.006338433939061432,0.12244375644858897,,,,0.3384759692039144,919542000.0,,2805738000.0,202000000.0,288891689000.0,35408147000.0,,0.16955182558029297,8.33759900990099,0.030076721937127102,0.029053765507695162,1,1,1,0,0,0,0,1,1,1,1,1,1,test_final
BMCI,Banques,2004,consolides,2923672000.0,,,,,21676000.0,200.0,281371000.0,,-2873000.0,4398027000.0,,,6,BMCI,1.0,nom normalisé,217265000.0,provisoire_un_seul_type_disponible,,,V26,banques,True,provisoire,22.20442186844167,-0.0006532474675576116,0.6647689975527663,,,,0.7721655749881828,,,,,,,,,,,,1,1,1,0,0,0,0,1,1,1,1,0,0,apprentissage
BMCI,Banques,2007,consolides,4404058000.0,,,1266986000.0,,1144190000.0,,1257558000.0,,780604000.0,,,4729979000.0,6,BMCI,1.0,nom normalisé,373706000.0,provisoire_un_seul_type_disponible,,,V26,banques,True,provisoire,,,,,,,0.29716800338433697,,,,,,,,,,,,1,0,1,0,0,1,0,1,1,0,1,0,1,apprentissage
BMCI,Banques,2008,consolides,6624900000.0,,,1316535000.0,,1226317000.0,,1311769000.0,,728914000.0,,,5508252000.0,6,BMCI,1.0,nom normalisé,384426000.0,provisoire_un_seul_type_disponible,,,V26,banques,True,provisoire,,,,,,,0.29305922003035595,373706000.0,,1257558000.0,780604000.0,,4404058000.0,,0.04310815087654009,-0.06621795430205328,,0.5042717421069386,1,0,1,0,0,1,0,1,1,0,1,0,1,apprentissage
BMCI,Banques,2024,consolides,7345468000.0,,,646943000.0,,2569801000.0,15015914000.0,16188000000.0,,292000000000.0,78074415000.0,,290214000.0,7,BMCI,1.0,nom normalisé,224398000.0,provisoire_un_seul_type_disponible,,,V26,banques,True,provisoire,25.0809282473049,3.7400216191181195,0.09408290795390525,,,,0.013861996540647393,,,,,,,,,,,,1,0,1,0,0,0,0,1,1,0,1,0,0,test_final
BMCI,Banques,2025,consolides,7583624000.0,,,812874000.0,,1000611000.0,18746914000.0,17065000000.0,,479427000.0,78576845000.0,,,6,BMCI,1.0,nom normalisé,340045000.0,provisoire_un_seul_type_disponible,,,V26,banques,True,provisoire,25.087342900117974,0.0061013775750349865,0.09651219770913429,,,,0.019926457661881045,224398000.0,,16188000000.0,292000000000.0,78074415000.0,7345468000.0,,0.05417593278972078,-0.9983581267123288,0.006435270760594236,0.03242216833563226,1,0,1,0,0,0,0,1,1,1,1,0,0,test_final
BMCI,Banques,2010,sociaux,7061833000.0,,,,,1179662000.0,,1257463000.0,,200000.0,,,,4,BMCI,1.0,nom normalisé,439161000.0,vérifié_par_impôt_du_pdf,,,V26,banques,True,haute,,,,,,,0.3492436755594399,438770000.0,,,9806985000.0,,,,,-0.9999796063723968,,,1,1,1,0,0,1,0,1,1,1,1,0,1,apprentissage
BMCI,Banques,2012,sociaux,,,,,,,,1128566000.0,,3604145000.0,,,,2,BMCI,1.0,nom normalisé,387800000.0,vérifié_par_impôt_du_pdf,,,V26,banques,True,haute,,,,,,,0.3436219060294214,,,,,,,,,,,,1,1,1,0,0,1,1,1,1,1,1,1,1,apprentissage
BMCI,Banques,2013,sociaux,,,,,,1471046000.0,,919450000.0,,604145000.0,,,,3,BMCI,1.0,nom normalisé,315305000.0,vérifié_par_rcai_moins_resultat_net,0.0,315305000.0,V26,banques,True,haute,,,,,,,0.3429278372940345,387800000.0,,1128566000.0,3604145000.0,,,,-0.18529354951327615,-0.83237494606904,,,1,1,1,0,0,1,1,1,1,1,1,0,1,apprentissage
BMCI,Banques,2014,sociaux,,,,,,,,750677000.0,,201000.0,,,,2,BMCI,1.0,nom normalisé,289541000.0,vérifié_par_impôt_du_pdf,,,V26,banques,True,haute,,,,,,,0.3857065022639564,315305000.0,,919450000.0,604145000.0,,,,-0.18355864919245202,-0.9996672984134604,,,1,1,1,0,0,1,1,1,1,1,1,1,1,apprentissage
BMCI,Banques,2015,sociaux,,,,,,,,589883000.0,,201000.0,,,,2,BMCI,1.0,nom normalisé,177322000.0,vérifié_par_impôt_du_pdf,,,V26,banques,True,haute,,,,,,,0.30060537428608725,289541000.0,,750677000.0,201000.0,,,,-0.21419865001858324,0.0,,,1,1,1,0,0,1,1,1,1,1,1,1,1,apprentissage
BMCI,Banques,2017,sociaux,,,,,,82605000.0,,-219746000.0,,201000.0,,,,3,BMCI,1.0,nom normalisé,183100000.0,vérifié_par_impôt_du_pdf,,,V26,banques,True,haute,,,,,,,-0.8332347346481848,,,,,,,,,,,,1,1,1,0,0,1,1,1,1,1,1,0,1,apprentissage
BMCI,Banques,2019,sociaux,,,,,,2998961000.0,,-260428000.0,,,,,,2,BMCI,1.0,nom normalisé,254821000.0,vérifié_par_impôt_du_pdf,,,V26,banques,True,haute,,,,,,,-0.9784700569831201,219746000.0,,,487030000.0,,,,,,,,1,1,1,0,1,1,1,1,1,1,1,0,1,apprentissage
BMCI,Banques,2023,sociaux,,,,,,50442000.0,,10205000.0,,193922000.0,59661129000.0,,,3,BMCI,1.0,nom normalisé,209551000.0,vérifié_par_impôt_du_pdf,,,V26,banques,True,haute,24.811946539772833,0.00325039105445021,,,,,20.534149926506615,44283000.0,,,231723000.0,,,,,-0.1631301165615843,,,1,1,1,0,0,0,1,1,1,1,1,0,1,test_final
Balima,Sociétés de placement immobilier,2025,consolides,,50984600.14,,,,,,15123586.6,,10855773.6,,,,3,Balima,1.0,contrôle ciblé rapport 2025,4267813.0,vérifié_par_impôt_du_pdf,,4267813.0,V26,societes de placement immobilier,False,haute,,,,,,0.2129225995730247,0.28219582516226677,5771360.0,,,,,,,,,,,0,1,1,0,0,1,1,1,1,1,1,1,1,test_final
Brasseries du Maroc,Agroalimentaire,2005,sociaux,1641505932.82,1304332186.53,0.0,299016130.12,362748489.39,496071110.45,,353238721.98,69922927.89,244818062.98,1998273071.96,356767139.1400001,36356473.13,12,SOCIETE DES Boissons DU MAROC (SBM),1.0,lecture visuelle RFA officiel,108420659.0,vérifié_par_impôt_du_pdf,-2.980232238769531e-08,108420659.0,V26,agroalimentaire,False,haute,21.415549180987,0.12251481862780192,0.8214622695235211,0.0,0.2292484485225287,0.18769609882226818,0.30693310855693406,,,,,,,,,,,,0,0,0,0,0,0,0,0,0,0,0,0,1,apprentissage
Brasseries du Maroc,Agroalimentaire,2006,sociaux,1622533895.89,1344774123.7,0.0,315516256.48,377970138.69,483051578.46,,331240471.07,69655025.86,221170048.07,2019747447.81,397213551.9199998,17462969.49,12,SOCIETE DES Boissons DU MAROC (SBM),1.0,lecture visuelle RFA officiel,110070423.0,vérifié_par_impôt_du_pdf,0.0,110070423.0,V26,agroalimentaire,False,haute,21.42623831520162,0.10950381361284221,0.8033350395611609,0.0,0.23462397953634867,0.16446631755634517,0.33229762850065253,108420659.0,1304332186.53,353238721.98,244818062.98,1998273071.96,1641505932.82,0.03100585693403028,-0.06227587617431574,-0.09659424072778439,0.010746467112693876,-0.011557702321189366,0,0,0,0,0,0,0,0,0,0,0,0,1,apprentissage
Brasseries du Maroc,Agroalimentaire,2007,sociaux,1670655008.99,1597689333.38,0.0,343005520.27,,480575238.43,,426259706.1,71982477.13,302389203.1,2139794701.53,469139692.54,44318873.1,11,SOCIETE DES Boissons DU MAROC (SBM),1.0,lecture visuelle RFA officiel,123870503.0,vérifié_par_impôt_du_pdf,0.0,123870503.0,V26,agroalimentaire,False,haute,21.483975727981072,0.14131692301312138,0.7807548115692805,0.0,0.21468849613231933,0.18926658442431918,0.29059866843463766,110070423.0,1344774123.7,331240471.07,221170048.07,2019747447.81,1622533895.89,0.18807263258764328,0.28685877279144406,0.36722492823392744,0.059436764655980405,0.029658001735368544,0,0,0,0,0,0,0,0,0,0,1,0,1,apprentissage
Brasseries du Maroc,Agroalimentaire,2008,sociaux,1761200188.69,1678950329.31,0.0,373643288.47,,509255565.17,,484528501.7,92546589.6,358939274.7,2272463256.38,511263067.6900001,38118718.14,11,SOCIETE DES Boissons DU MAROC (SBM),1.0,lecture visuelle RFA officiel,125589227.0,vérifié_par_impôt_du_pdf,0.0,125589227.0,V26,agroalimentaire,False,haute,21.544130215515562,0.1579516296654164,0.7750181147023542,0.0,0.2225457668086921,0.21378790571339515,0.25919884291504414,123870503.0,1597689333.38,426259706.1,302389203.1,2139794701.53,1670655008.99,0.05086157504606211,0.13669787401000594,0.1870108820694199,0.06200059975620055,0.054197413118067646,0,0,0,0,0,0,0,0,0,0,1,0,1,apprentissage
Brasseries du Maroc,Agroalimentaire,2009,sociaux,1329486701.33,1710946833.76,0.0,395759471.51,,523343671.12,,447211576.64,105479001.36,336741184.64,1852470750.1,522984048.77,53185156.34,11,SOCIETE DES Boissons DU MAROC (SBM),1.0,lecture visuelle RFA officiel,110470392.0,vérifié_par_impôt_du_pdf,0.0,110470392.0,V26,agroalimentaire,False,haute,21.33978612612998,0.18177948808196948,0.7176829654439789,0.0,0.23131021005502175,0.196815691753538,0.24702042113933773,125589227.0,1678950329.31,484528501.7,358939274.7,2272463256.38,1761200188.69,0.019057445530952476,-0.0770169864704989,-0.061843580863512576,-0.18481817257148614,-0.24512459749457177,0,0,0,0,0,0,0,0,0,0,1,0,1,apprentissage
Brasseries du Maroc,Agroalimentaire,2010,sociaux,1314318403.96,1726993408.92,0.0,379582668.49,470091835.63,509184803.91,,435922141.63,131568557.25,315380219.63,1842861415.47,528543011.51,41980457.17,12,SOCIETE DES Boissons DU MAROC (SBM),1.0,lecture visuelle RFA officiel,120541922.0,vérifié_par_impôt_du_pdf,0.0,120541922.0,V26,agroalimentaire,False,haute,21.334585318270765,0.17113615651319392,0.7131943796353231,0.0,0.21979393003438122,0.1826180794906609,0.2765216778144594,110470392.0,1710946833.76,447211576.64,336741184.64,1852470750.1,1329486701.33,0.009378769020388504,-0.025244058069381892,-0.06343437032460512,-0.005187307075958498,-0.011409138094292882,0,0,0,0,0,0,0,0,0,0,0,0,1,apprentissage
Brasseries du Maroc,Agroalimentaire,2011,sociaux,1376544719.31,1830527007.12,0.0,413927273.33,503156935.87,492405150.56,,477388332.35,47015420.63,344746415.35,1898390386.49,521845667.1800001,63007876.55,12,SOCIETE DES Boissons DU MAROC (SBM),1.0,lecture visuelle RFA officiel,132641917.0,vérifié_par_impôt_du_pdf,0.0,132641917.0,V26,agroalimentaire,False,haute,21.364272199593238,0.1815993263574273,0.7251115097854774,0.0,0.22612464701148496,0.18833178314719082,0.2778490968705804,120541922.0,1726993408.92,435922141.63,315380219.63,1842861415.47,1314318403.96,0.059950198805185956,0.09512292852331303,0.09311362568791433,0.03013192991825594,0.0473449319149104,0,0,0,0,0,0,0,0,0,0,0,0,1,apprentissage
Brasseries du Maroc,Agroalimentaire,2012,sociaux,1397803581.47,1752106555.63,0.0,403106339.06,482903423.47,448227327.15,,457124886.16,56111282.59,332030972.16,1897211533.79,499407952.3199999,41145187.8,12,SOCIETE DES Boissons DU MAROC (SBM),1.0,lecture visuelle RFA officiel,125093914.0,vérifié_par_impôt_du_pdf,0.0,125093914.0,V26,agroalimentaire,False,haute,21.36365103185118,0.1750099903181129,0.7367673854889821,0.0,0.23006953416429413,0.18950386955239293,0.27365369461905736,132641917.0,1830527007.12,477388332.35,344746415.35,1898390386.49,1376544719.31,-0.0428403684758413,-0.04244646300895292,-0.036883467452709505,-0.0006209748576422521,0.015443640778089796,0,0,0,0,0,0,0,0,0,0,0,0,1,apprentissage
Brasseries du Maroc,Agroalimentaire,2013,sociaux,1373516642.3,1691170138.25,0.0,363273493.19,437912277.56,491086369.12,,406652846.83,54570202.39,294960773.83,1912535248.6,539018606.3,23851169.75,12,SOCIETE DES Boissons DU MAROC (SBM),1.0,lecture visuelle RFA officiel,111692073.0,vérifié_par_impôt_du_pdf,0.0,111692073.0,V26,agroalimentaire,False,haute,21.371695554658512,0.15422501313160897,0.7181654002484041,0.0,0.21480600027972968,0.1744122410624051,0.27466197241868207,125093914.0,1752106555.63,457124886.16,332030972.16,1897211533.79,1397803581.47,-0.03477894491302178,-0.11041192649558382,-0.11164680839514138,0.0080769669259749,-0.017375072930102754,0,0,0,0,0,0,0,0,0,0,0,0,1,apprentissage
Brasseries du Maroc,Agroalimentaire,2014,sociaux,1949695580.45,1948053918.51,0.0,325940127.75,440067350.23,745598466.19,,343060436.04,8408025.57,223620911.04,2549580136.64,599884556.1899998,68461751.96,12,SOCIETE DES Boissons DU MAROC (SBM),1.0,lecture visuelle RFA officiel,119439525.0,vérifié_par_impôt_du_pdf,-2.980232238769531e-08,119439525.0,V26,agroalimentaire,False,haute,21.65919453065425,0.08770891639228957,0.7647124137935252,0.0,0.16731576300480455,0.11479195155493438,0.3481588444843976,111692073.0,1691170138.25,406652846.83,294960773.83,1912535248.6,1373516642.3,0.15189706490786306,-0.15638009492795849,-0.24186220378956752,0.3330892272476154,0.4194917778245257,0,0,0,0,0,0,0,0,0,0,0,0,1,apprentissage
Brasseries du Maroc,Agroalimentaire,2015,sociaux,2064158372.64,2116037820.42,0.0,411007923.55,502862151.79,675453402.13,,376282228.19,4329000.86,244626830.19,2685953317.44,621794944.8,73470482.68,12,SOCIETE DES Boissons DU MAROC (SBM),1.0,comparatif officiel RFA,131655398.0,vérifié_par_impôt_du_pdf,0.0,131655398.0,V26,agroalimentaire,False,haute,21.71130155531341,0.09107635214716071,0.7685012093238326,0.0,0.19423467746357267,0.11560607652156493,0.3498847092335222,119439525.0,1948053918.51,343060436.04,223620911.04,2549580136.64,1949695580.45,0.08623164909033178,0.09683947392326638,0.09393539742015715,0.05348848574719503,0.05870803285279102,0,0,0,0,0,0,0,0,0,0,0,0,1,apprentissage
Brasseries du Maroc,Agroalimentaire,2016,sociaux,2098306301.71,2257097566.24,0.0,445683944.93,560619159.94,633862632.05,,445697445.07,10159869.94,294476005.07,2758210078.97,659903777.2599998,25156095.29,12,SOCIETE DES Boissons DU MAROC (SBM),1.0,comparatif officiel RFA,151221440.0,vérifié_par_impôt_du_pdf,0.0,151221440.0,V26,agroalimentaire,False,haute,21.737847784544275,0.10676344318920275,0.7607492691396341,0.0,0.19745887443955087,0.13046667076982174,0.33929169142140714,131655398.0,2116037820.42,376282228.19,244626830.19,2685953317.44,2064158372.64,0.06666220445530674,0.1844764692021263,0.20377640032895197,0.026901719051047445,0.01654326989761241,0,0,0,0,0,0,0,0,0,0,0,0,1,apprentissage
Brasseries du Maroc,Agroalimentaire,2017,sociaux,2169721049.29,2295989336.76,0.0,495815847.39,,597965540.47,,554634470.58,39504013.99,382676577.58,2928674499.05,758953449.7600002,38555663.67,11,SOCIETE DES Boissons DU MAROC (SBM),1.0,comparatif officiel RFA,171957893.0,vérifié_par_impôt_du_pdf,-5.960464477539062e-08,171957893.0000001,V26,agroalimentaire,False,haute,21.79781576855515,0.13066545213683942,0.740854284077596,0.0,0.21594867164743614,0.16667175733490838,0.3100382362101977,151221440.0,2257097566.24,445697445.07,294476005.07,2758210078.97,2098306301.71,0.017230876990749034,0.24441922814453357,0.2995170098461292,0.061802551364636096,0.03403447224163649,0,0,0,0,0,0,0,0,0,0,1,0,1,apprentissage
Brasseries du Maroc,Agroalimentaire,2019,sociaux,2165417840.49,2508184430.51,5497437.0,520143490.88,618237707.8,556259936.68,,554460744.33,52022113.05,387613997.33,2851230292.36,685812451.8700004,110630035.07,12,SOCIETE DES Boissons DU MAROC (SBM),1.0,RFA officiel,166846747.0,vérifié_par_impôt_du_pdf,-5.960464477539062e-08,166846747.0000001,V26,agroalimentaire,False,haute,21.771016419959857,0.1359462258691026,0.7594678852467072,0.0019280929410474593,0.2073784864274263,0.1545396712518404,0.3009171500529122,164102093.0,142200000.0,,23900000.0,,,16.63842778136428,,15.218158884100419,,,0,0,0,0,0,0,0,0,0,0,0,0,1,apprentissage
Brasseries du Maroc,Agroalimentaire,2020,sociaux,2001370477.5,2216340317.46,0.0,383917160.79,479910372.96,490065841.0,,333103702.01,47680783.82,220785445.01,2850083708.34,848713230.8400002,192442550.58,12,SOCIETE DES Boissons DU MAROC (SBM),1.0,RFA officiel,112318257.0,vérifié_par_impôt_du_pdf,0.0,112318257.0,V26,agroalimentaire,False,haute,21.770614202493878,0.07746630190682857,0.7022146302733249,0.0,0.17322121416352787,0.09961712254687831,0.3371870571304192,166846747.0,2508184430.51,554460744.33,387613997.33,2851230292.36,2165417840.49,-0.11635671982488872,-0.3992294217104292,-0.4303986787607374,-0.00040213658751883506,-0.07575783293300957,0,0,0,0,0,0,0,0,0,0,0,0,1,validation
Brasseries du Maroc,Agroalimentaire,2021,sociaux,2023994062.72,2518186586.83,0.0,438901669.76,518596653.23,486841790.4,,465754332.22,42945256.73,322566803.22,2824709659.27,800715596.55,38864443.95,12,SOCIETE DES Boissons DU MAROC (SBM),1.0,RFA officiel,143187529.0,vérifié_par_impôt_du_pdf,0.0,143187529.0,V26,agroalimentaire,False,haute,21.761671421137425,0.11419467560547875,0.7165317171900308,0.0,0.17429275179823273,0.12809487784066897,0.30743144850097726,112318257.0,2216340317.46,333103702.01,220785445.01,2850083708.34,2001370477.5,0.13619130013206898,0.3982262262759775,0.460996684837581,-0.008902913621712187,0.011304046639211019,0,0,0,0,0,0,0,0,0,0,0,0,1,validation
Brasseries du Maroc,Agroalimentaire,2022,sociaux,2113985081.43,2718405138.76,0.0,596758332.88,699072695.44,461337826.89,,597389390.71,28088225.93,409741807.71,3032752644.72,918767563.2899997,29062704.06,12,SOCIETE DES Boissons DU MAROC (SBM),1.0,comparatif officiel RFA,187647583.0,vérifié_par_impôt_du_pdf,-5.960464477539062e-08,187647583.0000001,V26,agroalimentaire,False,haute,21.832736507998074,0.13510558087332228,0.6970515993483454,0.0,0.21952516362303934,0.15072874968773184,0.3141126808043577,143187529.0,2518186586.83,465754332.22,322566803.22,2824709659.27,2023994062.72,0.07950902168136949,0.2826276630913267,0.2702541105277471,0.07365110420012694,0.04446209619264551,0,0,0,0,0,0,0,0,0,0,0,0,1,validation
Brasseries du Maroc,Agroalimentaire,2023,sociaux,2344199991.14,2725417168.86,0.0,557215103.58,678785028.21,523491324.77,,869030823.21,54561713.88,641929421.21,3365442032.51,1021242041.37,133781418.4,12,SOCIETE DES Boissons DU MAROC (SBM),1.0,comparatif officiel RFA,227101402.0,vérifié_par_impôt_du_pdf,0.0,227101402.0,V26,agroalimentaire,False,haute,21.936825153528783,0.19074148804495641,0.6965503991734655,0.0,0.20445130747197668,0.2355343719649749,0.26132721180261437,187647583.0,2718405138.76,597389390.71,409741807.71,3032752644.72,2113985081.43,0.002579464701570731,0.4547141893115191,0.5666681044769877,0.10969882043272149,0.10890091502172355,0,0,0,0,0,0,0,0,0,0,0,0,1,test_final
Brasseries du Maroc,Agroalimentaire,2024,sociaux,2124583565.55,2622969828.83,0.0,383509466.54,464920163.15,535070199.34,,369912804.41,49234430.91,233128054.41,2877896279.5,753312713.95,79355725.04,12,SOCIETE DES Boissons DU MAROC (SBM),1.0,comparatif officiel RFA,136784750.0,vérifié_par_impôt_du_pdf,-2.980232238769531e-08,136784750.0,V26,agroalimentaire,False,haute,21.780325406019994,0.08100641293803097,0.7382418819899655,0.0,0.14621192448525722,0.08887942661314902,0.36977565623381875,227101402.0,2725417168.86,869030823.21,641929421.21,3365442032.51,2344199991.14,-0.037589599566826074,-0.5743386833580573,-0.6368322642533396,-0.14486826642691594,-0.09368502108183994,0,0,0,0,0,0,0,0,0,0,0,0,1,test_final
Brasseries du Maroc,Agroalimentaire,2025,sociaux,2216322634.3,2904846538.24,0.0,521465114.19,565053946.0,523984834.66,,562701180.75,16676752.59,374704368.75,2995223507.99,778900873.6899996,88975076.84,12,SOCIETE DES Boissons DU MAROC (SBM),1.0,comparatif officiel RFA,187996812.0,vérifié_par_impôt_du_pdf,0.0,187996812.0,V26,agroalimentaire,False,haute,21.820284693104966,0.12510063698099522,0.7399523369083413,0.0,0.17951554663054503,0.12899282761320238,0.3340970632928603,136784750.0,2622969828.83,369912804.41,233128054.41,2877896279.5,2124583565.55,0.10746471663981494,0.5211724872500473,0.6072899063920086,0.04076840062852577,0.043179788377140794,0,0,0,0,0,0,0,0,0,0,0,0,1,test_final
CASH PLUS S.A,Services de paiement,2024,sociaux,473402000.0,562081000.0,91985000.0,397655000.0,409037000.0,61770000.0,,396568000.0,,218397000.0,2572088000.0,2098686000.0,1616074000.0,11,CASH PLUS S.A,1.0,comparatif officiel RFA 2025 en KMAD,178171000.0,vérifié_par_impôt_du_pdf,0.0,178171000.0,V26,services de paiement,False,haute,21.66798385774424,0.08491039186839641,0.18405357826015284,0.035762773279918884,0.7074692081746226,0.3885507604775824,0.4492823424986383,,,,,,,,,,,,0,0,1,0,0,0,0,0,0,0,0,0,1,test_final
CASH PLUS S.A,Services de paiement,2025,sociaux,,693098450.0,,,,,,463558430.0,,251455420.0,,,,3,CASH PLUS S.A,1.0,contrôle RFA/publication 2025,212103010.0,vérifié_par_impôt_du_pdf,0.0,212103010.0,V26,services de paiement,False,haute,,,,,,0.36279899341861177,0.457553991629491,178171000.0,562081000.0,396568000.0,218397000.0,2572088000.0,473402000.0,0.2330935398990537,0.16892545540739545,0.15136847117863342,,,0,1,1,0,0,1,1,1,1,1,1,1,1,test_final
CFG,Banques,2012,consolides,,,,-34943000.0,,,,-24854000.0,,18320834.29,1194256000.0,,,4,CFG,1.0,nom normalisé,620000.0,provisoire_un_seul_type_disponible,,,V26,banques,True,provisoire,20.900789235132752,0.01534079317164829,,,,,-0.024945682787478878,,,,,,,,,,,,1,0,1,0,0,0,1,1,1,1,1,1,1,apprentissage
CFG,Banques,2013,consolides,336857000.0,,,-33409000.0,,,,-61992000.0,,18320834.29,1240005000.0,,,4,CFG,1.0,nom normalisé,384000.0,provisoire_un_seul_type_disponible,,,V26,banques,True,provisoire,20.93838124961974,0.014774806787069406,0.2716577755734856,,,,-0.006194347657762292,620000.0,,-24854000.0,18320834.29,1194256000.0,,,-1.4942463989699848,0.0,0.03830753205342908,,1,0,1,0,0,0,0,1,1,1,1,1,1,apprentissage
CFG,Banques,2014,consolides,303085000.0,,,,,,,-55184000.0,,-70341000.0,1659941000.0,,,3,CFG,1.0,nom normalisé,467000.0,provisoire_un_seul_type_disponible,,,V26,banques,True,provisoire,21.230047897116982,-0.042375602506354144,0.18258781486811881,,,,-0.008462597854450565,384000.0,,-61992000.0,18320834.29,1240005000.0,336857000.0,,0.10982062201574397,-4.839399390146441,0.3386566989649235,-0.100256191796519,1,1,1,0,0,0,0,1,1,1,1,1,1,apprentissage
CFG,Banques,2017,sociaux,,,,,,80376000.0,,-77111000.0,,,,,,2,CFG,1.0,nom normalisé,1188000.0,vérifié_par_impôt_du_pdf,,,V26,banques,True,haute,,,,,,,-0.015406362257006133,,,,,,,,,,,,1,1,1,0,1,1,1,1,1,1,1,0,1,apprentissage
CFG,Banques,2018,sociaux,,,,,,317969000.0,,-91127000.0,,-92709000.0,,,,3,CFG,1.0,nom normalisé,1582000.0,vérifié_par_rcai_moins_resultat_net,0.0,1582000.0,V26,banques,True,haute,,,,,,,-0.017360387151996663,1188000.0,,-77111000.0,,,,,-0.1817639506685168,,,,1,1,1,0,0,1,1,1,1,1,1,0,1,apprentissage
CFG,Banques,2019,sociaux,52000000.0,,,,,357255000.0,,-110234000.0,,-112128000.0,7297471000.0,,,4,CFG,1.0,nom normalisé,1895000.0,vérifié_par_rcai_moins_resultat_net,0.0005277044854881266,1894000.0,V26,banques,True,haute,22.710793686857997,-0.015365323137289617,0.0071257563065341405,,,,-0.01719070341274017,1582000.0,,-91127000.0,-92709000.0,,,,-0.2096744104381797,-0.20946186454389543,,,1,1,1,0,0,0,0,1,1,1,1,0,1,apprentissage
CFG,Banques,2023,sociaux,,,,,,,,3477000.0,,20000000.0,,,,2,CFG,1.0,nom normalisé,2563000.0,vérifié_par_impôt_du_pdf,,,V26,banques,True,haute,,,,,,,0.7371297095197009,3095000.0,,,-23000000.0,,889877000000.0,,,1.8695652173913044,,,1,1,1,0,0,1,1,1,1,1,1,1,1,test_final
CGI,Immobilier,2010,sociaux,,,,,,,,534095229.19,,196000.0,,,,2,CGI,1.0,nom normalisé,150266590.0,vérifié_par_impôt_du_pdf,,,V26,immobilier,False,haute,,,,,,,0.28134793532586283,,,,,,,,,,,,1,1,1,0,0,1,1,1,1,1,1,1,1,apprentissage
CIH,Banques,2018,consolides,,,,88729000.0,,,,645960000.0,,8523000.0,64949880000.0,,,4,CIH,1.0,nom normalisé,198939000.0,provisoire_un_seul_type_disponible,,,V26,banques,True,provisoire,24.89688173250165,0.00013122426092242203,,,,,0.307974177967676,,,,,,,,,,,,1,0,1,0,0,0,1,1,1,1,1,1,1,apprentissage
CIH,Banques,2019,consolides,,,,,,2286602000.0,,637737530.0,,201.0,75134280000.0,,,4,CIH,1.0,nom normalisé,186338000.0,provisoire_un_seul_type_disponible,,,V26,banques,True,provisoire,25.042542749640447,2.6752103034726626e-09,,,,,0.2921860345901236,198939000.0,,645960000.0,8523000.0,64949880000.0,,,-0.012729069911449625,-0.9999764167546639,0.15680398485724684,,1,1,1,0,0,0,1,1,1,1,1,0,1,apprentissage
CIH,Banques,2020,consolides,,,,67.19,,,714.079,-67.42,,-35.957,,,,4,CIH,1.0,nom normalisé,215517000.0,provisoire_un_seul_type_disponible,,,V26,banques,True,provisoire,,,,,,,-3196633.046573717,186338000.0,,637737530.0,201.0,75134280000.0,,,-1.0000001057174728,-1.1788905472636815,,,1,0,1,0,0,1,1,1,1,1,1,1,0,validation
CIH,Banques,2023,consolides,36600000.0,,,,,,,1322946000.0,,-24777000000.0,,6940456000.0,,4,CIH,1.0,nom normalisé,659375000.0,provisoire_un_seul_type_disponible,,,V26,banques,True,provisoire,,,,,,,0.49841414539973666,,,,,,,,,,,,1,1,1,0,0,1,0,0,1,1,1,1,1,test_final
CIH,Banques,2007,sociaux,,,,,,,,396680000.0,,387564.0,,,,2,CIH,1.0,nom normalisé,10012000.0,provisoire_un_seul_type_disponible,,,V26,banques,True,provisoire,,,,,,,0.02523948774831098,9117000.0,,,1415669.0,,,,,-0.726232615109888,,,1,1,1,0,0,1,1,1,1,1,1,1,1,apprentissage
CIH,Banques,2013,sociaux,,,,,,1028693000.0,,249107000.0,,824972.0,,,,3,CIH,1.0,nom normalisé,266361000.0,vérifié_par_impôt_du_pdf,,,V26,banques,True,haute,,,,,,,1.0692634088965787,,,,,,,,,,,,1,1,1,0,0,1,1,1,1,1,1,0,1,apprentissage
CIH,Banques,2025,sociaux,8833740000.0,,,,,184574000.0,,1523279000.0,,,,,,3,CIH,1.0,nom normalisé,604583000.0,vérifié_par_impôt_du_pdf,,,V26,banques,True,haute,,,,,,,0.3968957754948371,540660000.0,,,620007000.0,,,,,,,,1,1,1,0,1,1,0,1,1,1,1,0,1,test_final
CMGP GROUP,Agriculture,2024,sociaux,2229269508.68,20347094.23,27435953.5,-82839.16,275648.84,0.0,,102718210.01,102809049.17,102403753.01,2274317058.08,45047549.4,291101710.79,12,CMGP GROUP,1.0,comparatif officiel du RFA 2025,314457.0,vérifié_par_impôt_du_pdf,0.0,314457.0,V26,agriculture,False,haute,21.544945650471153,0.045026155278653286,0.9801929334171069,0.012063381137879558,-0.004071301732994432,5.032844093237387,0.003061355917021786,,,,,,,,,,,,0,0,0,0,0,0,0,0,0,0,0,0,1,test_final
CMGP GROUP,Industrie,2025,sociaux,,26787027.66,,8173897.64,,,,124211405.73,114253661.46,123837936.73,,,,5,CMGP GROUP,1.0,contrôle publication officielle 2025,373469.0,vérifié_par_impôt_du_pdf,0.0,373469.0,V26,industrie,False,haute,,,,,0.3051438832164927,4.623056290598536,0.0030067206614810766,314457.0,20347094.23,102718210.01,102403753.01,2274317058.08,2229269508.68,0.3165038386908773,0.2092442588116319,0.2093105290575326,,,0,0,0,0,0,1,1,1,1,1,1,1,1,test_final
CNIA SAADA,Sociétés d'assurances,2013,consolides,5788000.0,,,,,,,167119000.0,,,,,,2,CNIA SAADA (SAHAM ASSURANCES),1.0,alias vérifié,109460012.0,provisoire_un_seul_type_disponible,,,V26,societes d assurances,False,provisoire,,,,,,,0.6549824496316996,,,,,,,,,,,,1,1,1,0,1,1,0,1,1,1,1,1,1,apprentissage
CTM,Divers,2010,sociaux,122597800.0,,64870699.48,12990898.9,46669106.64,278739395.91,,-1701511.41,,22385015.63,,,66220.0,8,CTM,1.0,nom normalisé,9097580.0,vérifié_par_impôt_du_pdf,,,V26,divers,False,haute,,,,,,,-5.346764027870963,,,,,,,,,,,,1,0,1,0,0,1,0,1,0,0,0,0,1,apprentissage
CTM,Divers,2011,sociaux,,,87182301.51,7797778.99,55679701.69,529465731.28,,38799338.42,6227165.81,28240348.42,,,,7,CTM,1.0,nom normalisé,10558990.0,vérifié_par_rcai_moins_resultat_net,0.0,10558990.0,V26,divers,False,haute,,,,,,,0.27214355785399497,9097580.0,,-1701511.41,22385015.63,,122597800.0,,23.802867022795926,0.26157376375260555,,,1,0,0,0,0,1,1,1,0,1,0,0,1,apprentissage
CTM,Divers,2018,sociaux,3865000.0,657300000.0,13207000.0,74608000.0,,,,90917000.0,1714000.0,63518648.59,14545000.0,,,7,CTM,1.0,nom normalisé,27398596.0,vérifié_par_impôt_du_pdf,,,V26,divers,False,haute,16.492757918663585,4.367043560673771,0.26572705397043656,0.9080096253007907,0.11350677012018864,0.09663570453369846,0.30135833782460925,31591054.0,,,,,,,,,,,0,0,0,0,0,0,0,1,0,1,1,1,1,apprentissage
CTM,Divers,2019,sociaux,,,21128000.0,70152000.0,,,,88616000.0,1671000.0,,,,,4,CTM,1.0,nom normalisé,27130266.0,vérifié_par_impôt_du_pdf,,,V26,divers,False,haute,,,,,,,0.30615538954590593,27398596.0,657300000.0,90917000.0,63518648.59,14545000.0,3865000.0,,-0.025308798134562292,,,,1,0,0,0,1,1,1,1,0,1,1,1,1,apprentissage
CTM,Divers,2021,sociaux,,,-30016000000.0,14417000.0,,39352000000.0,,32445000.0,-2011000.0,,,,,5,CTM,1.0,nom normalisé,2051830.0,vérifié_par_impôt_du_pdf,,,V26,divers,False,haute,,,,,,,0.06324025273539836,,,,,,,,,,,,1,0,0,0,1,1,1,1,0,1,1,0,1,validation
CTM,Divers,2023,sociaux,51498000.0,,60000000.0,,,,,76426000.0,4754000.0,,,,,4,CTM,1.0,nom normalisé,20265533.0,vérifié_par_impôt_du_pdf,,,V26,divers,False,haute,,,,,,,0.26516542799570825,1954775.0,,,31314000000.0,50573000000.0,,,,,,,1,1,0,0,1,1,0,1,0,1,1,1,1,test_final
CTM,Divers,2024,sociaux,1047000000.0,450171000.0,330000000.0,41950000.0,,,,93154000.0,-426000.0,69888000.0,1409095000.0,,,6,CTM,1.0,nom normalisé,23266402.0,vérifié_par_rcai_moins_resultat_net,1.727813350770781e-05,23266000.0,V26,divers,False,haute,21.066213492004508,0.04959779149028277,0.7430301008803523,0.23419286847231735,0.09318681123395332,0.15524767255109725,0.24976277991283252,20265533.0,,76426000.0,,,51498000.0,,0.21887839217020386,,,19.330886636374228,0,0,0,0,0,0,0,1,0,1,1,1,1,test_final
CTM,Divers,2025,sociaux,,556100000.0,,68986000.0,,,,91725000.0,,70172000.0,1370741000.0,,,3,CTM,1.0,nom normalisé,21553492.0,vérifié_par_rcai_moins_resultat_net,2.282692753452666e-05,21553000.0,V26,divers,False,haute,21.038617307207733,0.05119274903136333,,,0.12405322783672001,0.12618593778097464,0.234979471245571,23266402.0,450171000.0,93154000.0,69888000.0,1409095000.0,1047000000.0,0.2353083606007495,-0.01534018936384911,0.004063644688644689,-0.027218888719355332,,0,0,1,0,0,0,1,1,1,1,1,1,1,test_final
Cartier Saada,Agroalimentaire,2025,sociaux,,296694031.26,,,,,,6491136.56,,5736516.56,,,,3,Cartier Saada,1.0,contrôle ciblé rapport 2025,754620.0,vérifié_par_impôt_du_pdf,,754620.0,V26,agroalimentaire,False,haute,,,,,,0.019334789229288385,0.11625390916132568,2825774.0,,,,,,,,,,,0,1,1,0,0,1,1,1,1,1,1,1,1,test_final
Colorado,Chimie,2013,sociaux,333273450.16,,23440508.88,80435139.99,,17976674.47,,-13819.29,-9463027.19,48031304.63,,,,7,COLORADO,1.0,nom normalisé,20871604.0,provisoire_un_seul_type_disponible,,,V26,chimie,False,provisoire,,,,,,,-1510.3239023133603,15437284.0,,,39625052.51,,,,,0.2121448827828949,,,1,0,0,0,0,1,0,1,0,1,1,0,1,apprentissage
Cosumar,Agroalimentaire,2008,consolides,2440300000.0,5698700000.0,545600000.0,809100000.0,,2978100000.0,-11600000.0,770600000.0,-41300000.0,507700000.0,5992900000.0,,67700000.0,11,Cosumar,1.0,nom normalisé,190157456.0,provisoire_un_seul_type_disponible,,,V26,agroalimentaire,False,provisoire,22.513841272316284,0.08471691501610239,0.4071985182465918,0.09104106526055833,0.14197974976749084,0.08909049432326671,0.24676545029846872,,,,,,,,,,,,0,0,0,0,0,0,0,1,0,0,1,0,0,apprentissage
Cosumar,Agroalimentaire,2013,consolides,,,,993200000.0,,,,922800000.0,-71300000.0,639400000.0,8582300000.0,,,5,Cosumar,1.0,nom normalisé,196501690.0,provisoire_un_seul_type_disponible,,,V26,agroalimentaire,False,provisoire,22.872967779907793,0.07450217307714715,,,,,0.21294071304724752,,,,,,,,,,,,1,0,0,0,0,0,1,1,1,1,1,1,1,apprentissage
Cosumar,Agroalimentaire,2019,consolides,4182000000.0,6676200000.0,138600000.0,1041500000.0,,4512100000.0,-20200000.0,1196700000.0,-10500000.0,871100000.0,10995500000.0,,584500000.0,11,Cosumar,1.0,nom normalisé,325611059.0,vérifié_par_rcai_moins_resultat_net,3.396383413377861e-05,325600000.0,V26,agroalimentaire,False,haute,23.120751935226124,0.07922331863034877,0.38033741075894684,0.012605156654995226,0.1560019172583206,0.1304784158653126,0.2720907988635414,,,,,,,,,,,,0,0,0,0,0,0,0,1,0,0,1,0,0,apprentissage
Cosumar,Agroalimentaire,2020,consolides,4186900000.0,6979600000.0,86400000.0,927600000.0,,4547500000.0,-33100000.0,860200000.0,57300000.0,593800000.0,11540800000.0,,632200000.0,11,Cosumar,1.0,nom normalisé,266449348.0,provisoire_un_seul_type_disponible,,,V26,agroalimentaire,False,provisoire,23.169154419800332,0.051452239012893385,0.3627911409954249,0.0074864827394981286,0.1329015989454983,0.08507650868244598,0.3097527877237852,325611059.0,6676200000.0,1196700000.0,871100000.0,10995500000.0,4182000000.0,0.045445013630508374,-0.2811899389989137,-0.3183331420043623,0.049593015324450915,0.00117168818747011,0,0,0,0,0,0,0,1,0,0,1,0,0,validation
Cosumar,Agroalimentaire,2021,consolides,5419400000.0,7552800000.0,76900000.0,1016300000.0,1202000000.0,4403200000.0,4700000.0,1154800000.0,156500000.0,7500000.0,12155300000.0,,671800000.0,12,Cosumar,1.0,nom normalisé,308964703.0,provisoire_un_seul_type_disponible,,,V26,agroalimentaire,False,provisoire,23.221031125693344,0.0006170148001283391,0.4458466677087361,0.006326458417315903,0.13455936871094165,0.0009930092151255164,0.2675482360581919,266449348.0,6979600000.0,860200000.0,593800000.0,11540800000.0,4186900000.0,0.08212505014614017,0.34247849337363406,-0.9873694846749748,0.053245875502564814,0.2943705366739115,0,0,0,0,0,0,0,1,0,0,0,0,0,validation
Cosumar,Agroalimentaire,2015,sociaux,2774801364.74,5273601226.17,330000000.0,881034518.45,,4602198585.67,,727145043.51,103532351.35,490487401.51,,,,8,Cosumar,1.0,nom normalisé,236657642.0,provisoire_un_seul_type_disponible,,,V26,agroalimentaire,False,provisoire,,,,,0.16706506249996822,0.0930080566342368,0.3254613974367899,146280273.0,5273601226.17,,433544816.9,,2715992834.23,0.0,,0.1313418645323909,,0.021652682499316064,0,0,0,0,0,1,0,1,0,1,1,0,1,apprentissage
Cosumar,Agroalimentaire,2016,sociaux,3266926935.89,6387473512.69,,1108012581.92,,5235918261.34,,1165031212.63,128933166.67,802505014.63,,,,7,Cosumar,1.0,nom normalisé,362526198.0,vérifié_par_rcai_moins_resultat_net,3.288294479362875e-16,362526198.0000001,V26,agroalimentaire,False,haute,,,,,0.1734664855703449,0.12563731388250182,0.31117294890461783,236657642.0,5273601226.17,727145043.51,490487401.51,,2774801364.74,0.2112166314344096,0.6021992077485406,0.6361378746109112,,0.17735524329905053,0,0,0,0,0,1,0,1,1,1,1,0,1,apprentissage
Cosumar,Agroalimentaire,2017,sociaux,3618741594.94,6261217618.65,,1099682436.52,,3645384111.46,,1243314597.05,161447072.71,800762387.35,,,,7,Cosumar,1.0,nom normalisé,345574220.0,vérifié_par_impôt_du_pdf,,,V26,agroalimentaire,False,haute,,,,,0.1756339586799262,0.1278924382000086,0.27794592038084365,362526198.0,6387473512.69,1165031212.63,802505014.63,,3266926935.89,-0.019766171051694738,0.06719423786361825,-0.002171484599137889,,0.10768978491224086,0,0,0,0,0,1,0,1,1,1,1,0,1,apprentissage
Cosumar,Agroalimentaire,2018,sociaux,3789589692.29,6261217618.65,3869802.37,1052365057.46,,5722643062.33,,1094973318.35,152217434.59,,,,,7,Cosumar,1.0,nom normalisé,294210931.0,vérifié_par_impôt_du_pdf,,,V26,agroalimentaire,False,haute,,,,,0.1680767418665291,,0.2686923289083814,345574220.0,6261217618.65,1243314597.05,800762387.35,,3618741594.94,0.0,-0.11931113738386721,,,0.04721201911429451,0,0,0,0,1,1,0,1,0,1,1,0,1,apprentissage
Crédit du Maroc,Banques,2017,consolides,4658703000.0,,,18106000.0,,1247315000.0,363580000.0,3800.0,,,,,2071975000.0,6,Crédit du Maroc,1.0,nom normalisé,203302000.0,provisoire_un_seul_type_disponible,,,V26,banques,True,provisoire,,,,,,,53500.52631578947,,,,,,,,,,,,1,0,1,0,1,1,0,1,1,0,1,0,0,apprentissage
Crédit du Maroc,Banques,2023,consolides,1050261000.0,,,960782000.0,,1620977000.0,17885000.0,878743135.0,,590574000.0,11342568000.0,,3259110000.0,8,Crédit du Maroc,1.0,nom normalisé,380083000.0,provisoire_un_seul_type_disponible,,,V26,banques,True,provisoire,23.151828564723566,0.052067045134752556,0.09259463994397037,,,,0.43253026380684045,,,,,,,,,,,,1,0,1,0,0,0,0,1,1,0,1,0,0,test_final
Crédit du Maroc,Banques,2024,consolides,7878853000.0,,,1346910000.0,,1622972000.0,5003000.0,1293543000.0,,445000000.0,9797821000.0,,2525258000.0,8,Crédit du Maroc,1.0,nom normalisé,552594000.0,vérifié_par_impôt_du_pdf,,,V26,banques,True,haute,23.00542585106348,0.045418261876798934,0.804143390657984,,,,0.4271941481651557,380083000.0,,878743135.0,590574000.0,11342568000.0,1050261000.0,,0.47203767344367364,-0.2464957820696475,-0.13619023487450108,6.5018047894761395,1,0,1,0,0,0,0,1,1,0,1,0,0,test_final
Crédit du Maroc,Banques,2025,consolides,2410234000.0,,,1525211000.0,,1606804000.0,1282000.0,1350173000.0,,886859000.0,11954746000.0,,3932314000.0,8,Crédit du Maroc,1.0,contrôle ciblé rapport 2025,680270000.0,vérifié_par_impôt_du_pdf,,463314000.0,V26,banques,True,haute,23.2043941913742,0.0741846794570123,0.20161315012464506,,,,0.5038391376512491,552594000.0,,1293543000.0,445000000.0,9797821000.0,7878853000.0,,0.04377898531397874,0.9929415730337079,0.22014333595194277,-0.6940882130939617,1,0,1,0,0,0,0,1,1,0,1,0,0,test_final
Crédit du Maroc,Banques,2019,sociaux,,,,,,2319241000.0,,-16345000.0,,-10297000.0,,,1574949000.0,4,Crédit du Maroc,1.0,nom normalisé,263875000.0,vérifié_par_impôt_du_pdf,,,V26,banques,True,haute,,,,,,,-16.144080758641785,,,,,,,,,,,,1,1,1,0,0,1,1,1,1,0,1,0,1,apprentissage
DELATTRE LEVIVIER MAROC,Divers,2020,consolides,-12436000.0,105834000.0,,-71487000.0,,,-8300000.0,-64004000.0,-3123000.0,-66429000.0,1272189000.0,,6374000.0,8,DELATTRE LEVIVIER MAROC (DLM),1.0,alias vérifié,730343.0,vérifié_par_impôt_du_pdf,,,V26,divers,False,haute,20.964004876518405,-0.052216298050053886,-0.009775277101122554,,-0.6754634616474857,-0.6276716367140994,-0.011410896193987876,,,,,,,,,,,,0,0,0,0,0,0,0,1,1,0,1,1,0,validation
DELATTRE LEVIVIER MAROC,Divers,2018,sociaux,134325465.08,,152324846.01,93174.43,-111164915.58,212162839.0,,103988191.87,-93174.43,,,,,7,DELATTRE LEVIVIER MAROC (DLM),1.0,alias vérifié,3558360.0,vérifié_par_impôt_du_pdf,,,V26,divers,False,haute,,,,,,,0.03421888520235504,,,,,,,,,,,,1,0,0,0,1,1,0,1,0,1,0,0,1,apprentissage
DELTA HOLDING S.A,Sociétés de portefeuille,2009,sociaux,985472801.11,60733097.38,0.0,27841097.88,32697755.06,32133001.58,,227495853.86,168050485.39,213263277.86,1012295434.53,26822633.42,113998226.44,12,DELTA HOLDING S.A,1.0,publication annuelle officielle,14232576.0,vérifié_par_impôt_du_pdf,0.0,14232576.0,V26,societes de portefeuille,False,haute,20.735486297549627,0.2106729622454697,0.9735031567810503,0.0,0.4584172235741815,3.5114836400593274,0.06256191380419032,2392020.0,,,,,667205610000.0,,,,,-0.9985229848395459,0,0,0,0,0,0,0,0,0,0,0,0,1,apprentissage
DELTA HOLDING S.A,Sociétés de portefeuille,2010,sociaux,1054377656.77,67413834.05,0.0,32465778.63,36935421.84,25725245.67,,211539092.75,166333730.2,200304855.66,1068092817.79,13715161.02,65171026.9,12,DELTA HOLDING S.A,1.0,publication annuelle officielle,11234237.09,vérifié_par_impôt_du_pdf,-3.725290298461914e-09,11234237.09,V26,societes de portefeuille,False,haute,20.789140482687447,0.18753506467205022,0.9871592049009579,0.0,0.4815892626121893,2.9712722690039612,0.053107144140382534,14232576.0,60733097.38,227495853.86,213263277.86,1012295434.53,985472801.11,0.11000157999845445,-0.07014088757775663,-0.06076255757686879,0.05511966305163298,0.06992060621296507,0,0,0,0,0,0,0,0,0,0,0,0,1,apprentissage
DELTA HOLDING S.A,Sociétés de portefeuille,2014,sociaux,1255723545.64,78052879.38,205000000.0,38063191.29,44873862.44,23722569.19,,170102452.08,134393346.03,162140419.08,1645686729.29,389963183.65,77391189.34,12,DELTA HOLDING S.A,1.0,comparatif officiel annuel,7962033.0,vérifié_par_impôt_du_pdf,0.0,7962033.0,V26,societes de portefeuille,False,haute,21.22142359927127,0.0985244738225193,0.763039236624189,0.12456805803401193,0.48765902798652144,2.0773150249924837,0.04680727939333536,,,,,,,,,,,,0,0,0,0,0,0,0,0,0,0,0,0,1,apprentissage
DELTA HOLDING S.A,Sociétés de portefeuille,2015,sociaux,1234943197.49,83081851.9,180000000.0,32029172.15,38827444.8,23914932.5,,115926960.85,83613632.7,110619651.85,1542945867.46,308002669.97,2182948.41,12,DELTA HOLDING S.A,1.0,comparatif officiel annuel,5307309.0,vérifié_par_impôt_du_pdf,0.0,5307309.0,V26,societes de portefeuille,False,haute,21.156959327702975,0.07169379962247298,0.8003801193122643,0.11665995793897571,0.38551345952845806,1.3314538532812843,0.045781490009621006,7962033.0,78052879.38,170102452.08,162140419.08,1645686729.29,1255723545.64,0.06443032672140751,-0.3184874207722827,-0.31775400311861596,-0.062430388482457716,-0.016548505618256167,0,0,0,0,0,0,0,0,0,0,0,0,1,apprentissage
DELTA HOLDING S.A,Sociétés de portefeuille,2016,sociaux,1310959712.57,82116209.56,0.0,34708798.9,37432075.22,23803762.85,,190594606.08,155499780.33,181136515.08,1541757709.07,230797996.5,901758.52,12,DELTA HOLDING S.A,1.0,comparatif officiel annuel,9458091.0,vérifié_par_impôt_du_pdf,0.0,9458091.0,V26,societes de portefeuille,False,haute,21.15618897267954,0.11748701758674063,0.8503020318028965,0.0,0.4226790189900236,2.205855775011737,0.04962412732724487,5307309.0,83081851.9,115926960.85,110619651.85,1542945867.46,1234943197.49,-0.011622783049687937,0.6440921480432308,0.6374713900349346,-0.0007700583766791852,0.06155466521415894,0,0,0,0,0,0,0,0,0,0,0,0,1,apprentissage
DELTA HOLDING S.A,Sociétés de portefeuille,2017,sociaux,1329770504.23,67233445.47,0.0,16785730.08,19737443.18,22436479.2,,129335359.66,116050395.16,123930791.66,1540484884.09,210714379.86,992494.96,12,DELTA HOLDING S.A,1.0,comparatif officiel 2018/2017,5404568.0,vérifié_par_impôt_du_pdf,0.0,5404568.0,V26,societes de portefeuille,False,haute,21.155363064261852,0.0804492098169524,0.8632155485352433,0.0,0.2496633924181366,1.8432908025708532,0.04178724220667621,9458091.0,82116209.56,190594606.08,181136515.08,1541757709.07,1310959712.57,-0.1812402711930534,-0.32141122815557077,-0.3158155239695032,-0.0008255674497439658,0.014348870891786209,0,0,0,0,0,0,0,0,0,0,0,0,1,apprentissage
DELTA HOLDING S.A,Sociétés de portefeuille,2018,sociaux,1383441064.26,69913039.51,0.0,19041888.9,22026426.71,21556020.22,,191446862.03,172166738.97,185070560.03,1725208463.75,341767399.49,1994507.46,12,DELTA HOLDING S.A,1.0,comparatif officiel 2018/2017,6376302.0,vérifié_par_impôt_du_pdf,0.0,6376302.0,V26,societes de portefeuille,False,haute,21.2686137292585,0.10727431723104425,0.8018979116604162,0.0,0.2723653417654134,2.647153683019724,0.033305857993121996,5404568.0,67233445.47,129335359.66,123930791.66,1540484884.09,1329770504.23,0.03985507542069459,0.48023605093982236,0.49333799575600973,0.11991262073896984,0.04036076891409,0,0,0,0,0,0,0,0,0,0,0,0,1,apprentissage
DELTA HOLDING S.A,Sociétés de portefeuilles holdings,2019,sociaux,1412243274.22,,,,,,,171629504.76,,,,,,2,DELTA HOLDING S.A,1.0,nom normalisé,11620600.0,vérifié_par_impôt_du_pdf,,,V26,societes de portefeuilles holdings,False,haute,,,,,,,0.06770747265308372,6376302.0,69913039.51,191446862.03,185070560.03,1725208463.75,1383441064.26,,-0.10351361761622711,,,0.02081925331268541,1,1,1,0,1,1,0,1,1,1,1,1,1,apprentissage
DISTY RFA,"Matériels, logiciels et services informatiques",2021,sociaux,99811000.0,,7968964.28,32108000000.0,,1983591.11,,26463000.0,-5377000000.0,4134452.49,,,,7,DISTY RFA,1.0,nom normalisé,8191931.0,provisoire_un_seul_type_disponible,,,V26,materiels logiciels et services informatiques,False,provisoire,,,,,,,0.3095616899066621,,,,,,,,,,,,1,0,0,0,0,1,0,1,0,1,1,0,1,validation
DISTY RFA,"Matériels, logiciels et services informatiques",2022,sociaux,162429915.14,202000000.0,6092742.27,26344000000.0,,3485429.27,,7332000.0,-17766000000.0,-2.0,,,,8,DISTY RFA,1.0,nom normalisé,3197250.0,provisoire_un_seul_type_disponible,,,V26,materiels logiciels et services informatiques,False,provisoire,,,,,130.41584158415841,-9.900990099009902e-09,0.43606792144026185,8191931.0,,26463000.0,4134452.49,,99811000.0,,-0.7229339077202132,-1.0000004837399885,,0.6273748899419902,0,0,0,0,0,1,0,1,0,1,1,0,1,validation
DISTY RFA,"Matériels, logiciels et services informatiques",2023,sociaux,171233239.0,56000000.0,4164942.77,29145.0,21100000.0,3666440.15,,27713.0,-7128.0,,,,,8,DISTY RFA,1.0,nom normalisé,2928870.0,vérifié_par_impôt_du_pdf,,,V26,materiels logiciels et services informatiques,False,haute,,,,,0.0005204464285714286,,105.68577923718111,3197250.0,202000000.0,7332000.0,-2.0,,162429915.14,-0.7227722772277227,-0.9962202673213312,,,0.054197675670841425,0,0,0,0,1,1,0,1,0,1,0,0,1,test_final
DISTY RFA,"Matériels, logiciels et services informatiques",2024,sociaux,,,,29705667.09,,,,22293214.78,6685642.22,,,,,3,DISTY RFA,1.0,nom normalisé,2929158.0,vérifié_par_impôt_du_pdf,,,V26,materiels logiciels et services informatiques,False,haute,,,,,,,0.1313923554277083,2928870.0,56000000.0,27713.0,,,171233239.0,,803.431666726807,,,,1,0,0,0,1,1,1,1,1,1,1,1,1,test_final
DISTY RFA,"Matériels, logiciels et services informatiques",2025,sociaux,,,,35929036.65,,,,29615892.91,4571016.07,25878107.91,,,,4,DISTY RFA,1.0,nom normalisé,3737785.0,vérifié_par_rcai_moins_resultat_net,0.0,3737785.0,V26,materiels logiciels et services informatiques,False,haute,,,,,,,0.1262087559324579,2929158.0,,22293214.78,,,,,0.32847116049720304,,,,1,0,0,0,0,1,1,1,1,1,1,1,1,test_final
DISWAY,Distributeurs,2024,sociaux,625444434.25,1601013160.52,68162603.4,76456849.53,,185485513.76,,87348236.79,14897481.27,67189047.79,1170994480.62,545550046.37,41306391.48,11,DISWAY,1.0,comparatif officiel du RFA 2025,20159189.0,vérifié_par_impôt_du_pdf,0.0,20159189.0,V26,distributeurs,False,haute,20.881119209014592,0.05737776642160243,0.5341139045496179,0.058209158564018454,0.04775529109652493,0.04196658056713124,0.23079102384706532,,,,,,,,,,,,0,0,0,0,0,0,0,0,0,0,1,0,1,test_final
DISWAY,Distributeurs,2025,sociaux,,1585037428.91,,76456849.53,,,,87348236.79,14897481.27,67189047.79,1170994480.62,,,6,DISWAY,1.0,contrôle RFA/publication 2025,20159189.0,vérifié_par_impôt_du_pdf,0.0,20159189.0,V26,distributeurs,False,haute,20.881119209014592,0.05737776642160243,,,0.04823662087435873,0.042389565422568366,0.23079102384706532,20159189.0,1601013160.52,87348236.79,67189047.79,1170994480.62,625444434.25,-0.009978513608727032,0.0,0.0,0.0,,0,0,0,0,0,0,1,1,1,1,1,1,1,test_final
Dari couspate,Agroalimentaire,2025,sociaux,374351492.96,814205707.4,0.0,76439847.13,,75029642.37,,76593839.67,2481912.02,56509255.67,689819897.57,315468404.61,38395809.88,11,Dari couspate,1.0,contrôle rapport annuel 2025,20084584.0,vérifié_par_impôt_du_pdf,0.0,20084584.0,V26,agroalimentaire,False,haute,20.35194110491961,0.0819188542822015,0.5426800448620176,0.0,0.09388272083487977,0.06940415076486113,0.2622219239371369,,,,,,,,,,,,0,0,0,0,0,0,0,0,0,0,1,0,1,test_final
ENNAKL,Distributeurs,2024,sociaux,625448736.3744,1902825044.033333,34059810.1881,156783141.15125,176931162.09375,200827535.2182,,195848205.5823333,39663636.89625,141414361.52675,1209161955.5436,583713219.1692001,94396197.73560001,12,ENNAKL,1.0,comparatif officiel + conversion BAM,54433844.05558334,vérifié_par_impôt_du_pdf,7.450580596923828e-09,54433844.05558333,V26,distributeurs,False,haute,20.913193358700482,0.11695237422779703,0.5172580343823492,0.028168112660133946,0.0823949325466748,0.07431811031191828,0.2779389471235146,,,,,,,,,,,,0,0,0,0,0,0,0,0,0,0,0,0,1,test_final
ENNAKL,Distributeurs,2025,sociaux,698803046.3548,1924648186.2039,4712555.9638,174495494.619,194382837.6255,201524297.6837,,239316963.2721,58638679.0749,161427262.4406,1377653623.0221,678850576.6673,32185352.3264,12,ENNAKL,1.0,publication officielle + conversion BAM,77889700.83150001,vérifié_par_impôt_du_pdf,1.490116119384766e-08,77889700.8315,V26,distributeurs,False,haute,21.043647616564026,0.11717550750273781,0.5072414681579145,0.003420711770395716,0.09066357990504643,0.08387364693336123,0.32546669390477145,54433844.05558334,1902825044.033333,195848205.5823333,141414361.52675,1209161955.5436,625448736.3744,0.011468811722337593,0.22195126863949094,0.14151957904264456,0.13934582270474388,0.11728268955441509,0,0,0,0,0,0,0,0,0,0,0,0,1,test_final
Eqdom,Sociétés de financement,2006,sociaux,,,,,,17589000.0,,132029.0,,1504404.0,,,,3,Eqdom,1.0,nom normalisé,110969000.0,provisoire_un_seul_type_disponible,,,V26,societes de financement,False,provisoire,,,,,,,840.4895894083876,,,,,,,,,,,,1,1,1,0,0,1,1,1,1,1,1,0,1,apprentissage
Eqdom,Sociétés de financement,2007,sociaux,,,,,,170693000.0,,337261000.0,,205232179039.0,,,,3,Eqdom,1.0,nom normalisé,132029000.0,provisoire_un_seul_type_disponible,,,V26,societes de financement,False,provisoire,,,,,,,0.39147425880845993,110969000.0,,132029.0,1504404.0,,,,2553.446371630475,136419.9208689953,,,1,1,1,0,0,1,1,1,1,1,1,0,1,apprentissage
Eqdom,Sociétés de financement,2011,sociaux,,,,,,,,125630000.0,,2254498000.0,,,,2,Eqdom,1.0,nom normalisé,135452000.0,provisoire_un_seul_type_disponible,,,V26,societes de financement,False,provisoire,,,,,,,1.078181962906949,,,,,,,,,,,,1,1,1,0,0,1,1,1,1,1,1,1,1,apprentissage
Eqdom,Sociétés de financement,2012,sociaux,,,,,,218104000.0,,84048000.0,,2088085000.0,,,,3,Eqdom,1.0,nom normalisé,152630000.0,provisoire_un_seul_type_disponible,,,V26,societes de financement,False,provisoire,,,,,,,1.8159861031791358,135452000.0,,125630000.0,2254498000.0,,,,-0.3309878213802436,-0.07381377140276904,,,1,1,1,0,0,1,1,1,1,1,1,0,1,apprentissage
Eqdom,Sociétés de financement,2013,sociaux,,,,,,222887000.0,,71686000.0,,2115565000.0,,,,3,Eqdom,1.0,nom normalisé,87624000.0,vérifié_par_impôt_du_pdf,,,V26,societes de financement,False,haute,,,,,,,1.2223307200848144,152630000.0,,84048000.0,2088085000.0,,,,-0.1470826194555492,0.013160383796636631,,,1,1,1,0,0,1,1,1,1,1,1,0,1,apprentissage
Eqdom,Sociétés de financement,2014,sociaux,,,,,,229638000.0,,79134000.0,,1989864000.0,,,,3,Eqdom,1.0,nom normalisé,74593000.0,vérifié_par_impôt_du_pdf,,,V26,societes de financement,False,haute,,,,,,,0.9426163216822099,87624000.0,,71686000.0,2115565000.0,,,,0.1038975532182016,-0.05941722424033296,,,1,1,1,0,0,1,1,1,1,1,1,0,1,apprentissage
Eqdom,Sociétés de financement,2018,sociaux,,,,,,7856000.0,,80610000.0,,2595799000.0,,,,3,Eqdom,1.0,nom normalisé,70732000.0,vérifié_par_impôt_du_pdf,,,V26,societes de financement,False,haute,,,,,,,0.8774593722863169,,,,,,,,,,,,1,1,1,0,0,1,1,1,1,1,1,0,1,apprentissage
Eqdom,Sociétés de financement,2020,sociaux,,,,,,,,70510000.0,,,,,,1,Eqdom,1.0,nom normalisé,36124000.0,provisoire_un_seul_type_disponible,,,V26,societes de financement,False,provisoire,,,,,,,0.5123244929797192,,,,,,,,,,,,1,1,1,0,1,1,1,1,1,1,1,1,1,validation
Eqdom,Sociétés de financement,2021,sociaux,,,,,,6494000.0,,95667000.0,,35064000.0,,,,3,Eqdom,1.0,nom normalisé,60604000.0,provisoire_un_seul_type_disponible,,,V26,societes de financement,False,provisoire,,,,,,,0.6334890819195752,36124000.0,,70510000.0,,,,,0.35678627145085806,,,,1,1,1,0,0,1,1,1,1,1,1,0,1,validation
Eqdom,Sociétés de financement,2024,sociaux,,,,,,4337000.0,,77000000.0,,202000000.0,,,,3,Eqdom,1.0,nom normalisé,83847000.0,vérifié_par_impôt_du_pdf,,,V26,societes de financement,False,haute,,,,,,,1.0889220779220778,,,,,,,,,,,,1,1,1,0,0,1,1,1,1,1,1,0,1,test_final
Eqdom,Sociétés de financement,2025,sociaux,,,,,,,,151000000.0,,,,,,1,Eqdom,1.0,nom normalisé,55641000.0,provisoire_un_seul_type_disponible,,,V26,societes de financement,False,provisoire,,,,,,,0.36848344370860925,83847000.0,,77000000.0,202000000.0,,,,0.961038961038961,,,,1,1,1,0,1,1,1,1,1,1,1,1,1,test_final
Fenie Brossette,Distributeurs,2022,sociaux,,569081279.98,,16207441.74,,,,26805100.48,-5834297.38,24524044.48,,,,5,Fenie Brossette,1.0,comparatif officiel RFA 2023,2281056.0,vérifié_par_impôt_du_pdf,0.0,2281056.0,V26,distributeurs,False,haute,,,,,0.02848001210050276,0.043094098053729483,0.08509783433574356,,,,,,,,,,,,0,0,0,0,0,1,1,1,1,1,1,1,1,validation
Fenie Brossette,Distributeurs,2023,sociaux,,602966700.73,,17475432.15,,,,13512106.71,-3930299.83,11739351.71,,,,5,Fenie Brossette,1.0,comparatif officiel RFA 2023,1772755.0,vérifié_par_impôt_du_pdf,0.0,1772755.0,V26,distributeurs,False,haute,,,,,0.028982416655584518,0.019469320106379667,0.1311975281166204,2281056.0,569081279.98,26805100.48,24524044.48,,,0.05954407910095177,-0.4959128498666982,-0.5213125747030124,,,0,0,0,0,0,1,1,1,1,1,1,1,1,test_final
Fenie Brossette,Distributeurs,2024,sociaux,,698037146.33,,24611298.36,,,,19804698.61,-4719131.59,14407477.61,,,,5,Fenie Brossette,1.0,comparatif officiel RFA 2025,5397221.0,vérifié_par_impôt_du_pdf,0.0,5397221.0,V26,distributeurs,False,haute,,,,,0.03525786340941361,0.020639986977410516,0.27252224869884045,1772755.0,602966700.73,13512106.71,11739351.71,,,0.15767113753529025,0.4657002816106385,0.22728051479428743,,,0,0,0,0,0,1,1,1,1,1,1,1,1,test_final
Fenie Brossette,Distributeurs,2025,sociaux,176897395.75,756514194.28,2531250.32,32235739.39,,252480041.57,,24055529.83,-6040164.04,17900192.83,,,,8,Fenie Brossette,1.0,comparatif officiel RFA 2025,6155337.0,vérifié_par_impôt_du_pdf,0.0,6155337.0,V26,distributeurs,False,haute,,,,,0.04261088507490575,0.02366141040755516,0.2558803336904095,5397221.0,698037146.33,19804698.61,14407477.61,,,0.08377354737845807,0.21463751121431476,0.2424237826040945,,,0,0,0,0,0,1,0,1,0,1,1,0,1,test_final
HPS,"Matériels, logiciels et services informatiques",2023,consolides,,5345000.0,26574000.0,,246.6,125852000.0,2051656000.0,-4000000.0,,,920000000.0,,,7,HPS,1.0,nom normalisé,61052087.0,vérifié_par_impôt_du_pdf,,,V26,materiels logiciels et services informatiques,False,haute,20.639884229094317,,,0.02888478260869565,,,-15.26302175,,,,,,,,,,,,0,1,1,0,1,0,1,1,0,1,0,0,0,test_final
HPS,"Matériels, logiciels et services informatiques",2024,consolides,,5501000.0,62143000.0,,,12485000.0,-1109000000.0,-3000000.0,,,,,,5,HPS,1.0,nom normalisé,44329913.0,vérifié_par_impôt_du_pdf,,,V26,materiels logiciels et services informatiques,False,haute,,,,,,,-14.776637666666666,61052087.0,5345000.0,-4000000.0,,920000000.0,,0.029186155285313375,0.25,,,,0,1,1,0,1,1,1,1,0,1,1,0,0,test_final
HPS,"Matériels, logiciels et services informatiques",2013,sociaux,162403478.9,,,,,,,22494941.29,,21599206.29,,,,3,HPS,1.0,nom normalisé,895735.0,provisoire_un_seul_type_disponible,,,V26,materiels logiciels et services informatiques,False,provisoire,,,,,,,0.039819397101436046,,,,,,,,,,,,1,1,1,0,0,1,0,1,1,1,1,1,1,apprentissage
Holcim,Bâtiment et matériaux de construction,2010,consolides,6216238000.0,5353697000.0,63163000.0,2405654000.0,,6811292000.0,3533690000.0,2363316000.0,-10767000.0,,8631658000.0,,569939000.0,10,Holcim,1.0,nom normalisé,265399322.89,provisoire_un_seul_type_disponible,,,V26,batiment et materiaux de construction,False,provisoire,22.878702444214667,,0.7201673189554081,0.007317597615660861,0.44934444366201526,,0.1122995498232145,,,,,,,,,,,,0,0,0,0,1,0,0,1,0,0,1,0,0,apprentissage
Holcim,Bâtiment et matériaux de construction,2011,consolides,5094585000.0,5567171000.0,207198000.0,2375162000.0,,6570618000.0,,2359115000.0,10326000.0,1664205000.0,9361348000.0,,125634000.0,10,Holcim,1.0,nom normalisé,265500646.51,provisoire_un_seul_type_disponible,,,V26,batiment et materiaux de construction,False,provisoire,22.959855134267286,0.17777407698122108,0.5442148929833609,0.022133350880663767,0.4266371555678818,0.2989318991638662,0.11254247737393047,265399322.89,5353697000.0,2363316000.0,,8631658000.0,6216238000.0,0.03987412810250562,-0.0017775870852649413,,0.084536481867099,-0.18043919811307096,0,0,0,0,0,0,0,1,0,0,1,0,1,apprentissage
Holcim,Bâtiment et matériaux de construction,2012,consolides,4855947000.0,5043275000.0,,1951271000.0,,6344585000.0,,1828673000.0,-38349000.0,1265763000.0,8562115000.0,,695573000.0,9,Holcim,1.0,nom normalisé,189069587.08,provisoire_un_seul_type_disponible,,,V26,batiment et materiaux de construction,False,provisoire,22.870613076137012,0.1478329828552875,0.5671433985644903,,0.3869055326152153,0.2509803649414319,0.10339168734924178,265500646.51,5567171000.0,2359115000.0,1664205000.0,9361348000.0,5094585000.0,-0.0941045281346666,-0.2248478772760124,-0.23941882159950245,-0.08537584544448086,-0.046841499356669876,0,0,0,0,0,0,0,1,1,0,1,0,1,apprentissage
Holcim,Bâtiment et matériaux de construction,2013,consolides,5100267000.0,5049806000.0,612000.0,2137401000.0,,6125432000.0,10582000.0,2016269000.0,-65320000.0,1399941000.0,8539906000.0,,1642892000.0,11,Holcim,1.0,nom normalisé,215326295.61,provisoire_un_seul_type_disponible,,,V26,batiment et materiaux de construction,False,provisoire,22.868015837777648,0.1639293219386724,0.5972275338862044,7.16635522686081e-05,0.4232639828143893,0.27722668950054713,0.106794428526154,189069587.08,5043275000.0,1828673000.0,1265763000.0,8562115000.0,4855947000.0,0.0012949918455765351,0.10258586417582585,0.10600562664574648,-0.002593868454231227,0.05031356396599881,0,0,0,0,0,0,0,1,0,0,1,0,0,apprentissage
Holcim,Bâtiment et matériaux de construction,2014,consolides,4917744000.0,4934951000.0,,2046032000.0,,5919967000.0,14332000.0,1925871000.0,-46499000.0,1315614000.0,7906307000.0,,1911269000.0,10,Holcim,1.0,nom normalisé,269645116.0,provisoire_un_seul_type_disponible,,,V26,batiment et materiaux de construction,False,provisoire,22.790926632460863,0.16640057108837286,0.6220026619254729,,0.4146002665477327,0.26659109685182286,0.14001203403550913,215326295.61,5049806000.0,2016269000.0,1399941000.0,8539906000.0,5100267000.0,-0.022744438103166734,-0.044834295423874494,-0.06023610995034791,-0.07419273701607489,-0.03578694997732472,0,0,0,0,0,0,0,1,1,0,1,0,0,apprentissage
Holcim,Bâtiment et matériaux de construction,2015,consolides,4849025000.0,5187735000.0,,2184625000.0,,5739573000.0,9177000.0,2068750000.0,-43765000.0,1401214000.0,7993339000.0,,2906257000.0,10,Holcim,1.0,nom normalisé,230965991.96,provisoire_un_seul_type_disponible,,,V26,batiment et materiaux de construction,False,provisoire,22.801874406926625,0.17529770725350194,0.6066332229872898,,0.42111345317368754,0.27010130625407813,0.11164519248821753,269645116.0,4934951000.0,1925871000.0,1315614000.0,7906307000.0,4917744000.0,0.05122320363464602,0.07418928889837377,0.0650646770253281,0.01100792063854844,-0.013973683868050065,0,0,0,0,0,0,0,1,1,0,1,0,0,apprentissage
Holcim,Bâtiment et matériaux de construction,2025,consolides,12156299000.0,8155000000.0,3510859000.0,3294000000.0,,9815953000.0,964382000.0,3398533000.0,-198005000.0,1826000000.0,19994546000.0,,,10,Holcim,1.0,contrôle ciblé rapport 2025,1155515000.0,vérifié_par_impôt_du_pdf,,1572533000.0,V26,batiment et materiaux de construction,False,haute,23.71872537336101,0.091324904301403,0.6079807463495295,0.17559083362032826,0.40392397302268546,0.22391171060698958,0.34000405469065625,,,,,,,,,,,,0,0,0,0,0,0,0,1,0,1,1,0,0,test_final
IB Maroc.com,"Matériels, logiciels et services informatiques",2008,sociaux,41748600.0,,11300761.7,24351016.29,27991804.07,7572002.57,,20966014.26,,14416080.26,,,24185688.64,8,IB Maroc.com,1.0,nom normalisé,9790600.0,provisoire_un_seul_type_disponible,,,V26,materiels logiciels et services informatiques,False,provisoire,,,,,,,0.4669747849346354,,,,,,,,,,,,1,0,1,0,0,1,0,1,0,0,0,0,1,apprentissage
IB Maroc.com,"Matériels, logiciels et services informatiques",2009,sociaux,41748600.0,,7982903.47,31428335.41,35005157.81,24690544.16,,26597435.21,,18000863.21,,,24185688.64,8,IB Maroc.com,1.0,nom normalisé,8698672.0,provisoire_un_seul_type_disponible,,,V26,materiels logiciels et services informatiques,False,provisoire,,,,,,,0.3270492786736635,9790600.0,,20966014.26,14416080.26,,41748600.0,,0.268597592282664,0.24866557936324926,,0.0,1,0,1,0,0,1,0,1,0,0,0,0,1,apprentissage
IB Maroc.com,"Matériels, logiciels et services informatiques",2010,sociaux,41748600.0,,8402680.39,21636866.49,-19304039.81,8381560.53,,11898029.65,,8555643.65,,,,7,IB Maroc.com,1.0,nom normalisé,3342386.0,provisoire_un_seul_type_disponible,,,V26,materiels logiciels et services informatiques,False,provisoire,,,,,,,0.2809192864971554,8698672.0,,26597435.21,18000863.21,,41748600.0,,-0.5526625196730764,-0.524709256984571,,0.0,1,0,1,0,0,1,0,1,0,1,0,0,1,apprentissage
IB Maroc.com,"Matériels, logiciels et services informatiques",2011,sociaux,41748600.0,,14366829.3,-24662227.26,21643736.68,28477157.83,,-18304396.2,,-19496747.2,,,701522.08,8,IB Maroc.com,1.0,nom normalisé,1192351.0,provisoire_un_seul_type_disponible,,,V26,materiels logiciels et services informatiques,False,provisoire,,,,,,,-0.06514014376502625,3342386.0,,11898029.65,8555643.65,,41748600.0,,-2.5384392826756823,-3.2788171174006293,,0.0,1,0,1,0,0,1,0,1,0,0,0,0,1,apprentissage
Involys,"Matériels, logiciels et services informatiques",2024,sociaux,90252994.6,37516821.87,8672951.73,1664692.5,,661793.6,,-23486.36,-2429914.31,-123469.25,124924150.46,34671155.86,254940.4,11,Involys,1.0,comparatif officiel du RFA 2025,99982.89,vérifié_par_impôt_du_pdf,0.0,99982.89,V26,materiels logiciels et services informatiques,False,haute,18.64321732277604,-0.0009883537294058619,0.7224623442918549,0.06942574112422746,0.04437189551312066,-0.003291037029411362,-4.257061971288867,,,,,,,,,,,,0,0,0,0,0,0,0,0,0,0,1,0,1,test_final
Involys,Télécommunications et nouvelles technologies,2025,sociaux,90369128.48,37387849.45,5706874.15,315064.97,,670753.44,,273286.88,-469577.73,116178.88,119873844.98,29504716.5,249750.77,11,Involys,1.0,contrôle rapport annuel 2025,157108.0,vérifié_par_impôt_du_pdf,0.0,157108.0,V26,telecommunications et nouvelles technologies,False,haute,18.601950464260224,0.0009691762203788785,0.7538686065761666,0.0476073337845478,0.008426934809966716,0.003107396699972536,0.5748830679321305,99982.89,37516821.87,-23486.36,-123469.25,124924150.46,90252994.6,-0.0034377224288053574,12.635982757651675,1.9409539622213627,-0.040426974779524866,0.0012867592982893682,0,0,0,0,0,0,0,0,0,0,1,0,1,test_final
JALU (JET CONTRACTORS),Bâtiment,2024,sociaux,,2695481931.37,,200030084.57,,,,141189074.6,-60195239.23,76817079.29,,,,5,JALU (JET CONTRACTORS),1.0,comparatif officiel du RFA 2025,64371995.31,vérifié_par_impôt_du_pdf,1.490116119384766e-08,64371995.30999999,V26,batiment,False,haute,,,,,0.07420939544875121,0.028498458251937576,0.45592759561864854,,,,,,,,,,,,0,0,0,0,0,1,1,1,1,1,1,1,1,test_final
JALU (JET CONTRACTORS),Bâtiment et matériaux de construction,2025,sociaux,,,,,,,,238956471.42,,139962333.47,5646901866.67,,,3,JALU (JET CONTRACTORS),1.0,contrôle publication annuelle 2025,98994137.95,vérifié_par_impôt_du_pdf,1.490116119384766e-08,98994137.94999999,V26,batiment et materiaux de construction,False,haute,22.45437288970499,0.024785685456321968,,,,,0.41427686541287984,64371995.31,2695481931.37,141189074.6,76817079.29,,,,0.6924572393223972,0.8220210240175091,,,1,1,1,0,0,0,1,1,1,1,1,1,1,test_final
LABEL VIE,Distributeurs,2024,consolides,3409746949.01,16417976508.23,5723611615.42,803599896.06,,,,819130374.34,43902736.25,559113645.16,15458511089.42,12048764140.41,,9,LABEL VIE,1.0,comparatif officiel RFA 2025,260016729.18,vérifié_par_impôt_du_pdf,-5.960464477539062e-08,260016729.1800001,V26,distributeurs,False,haute,23.461425568250515,0.03616866087075258,0.2205740856468172,0.37025633208215714,0.04894634217908471,0.03405496681516919,0.3174302129737332,,,,,,,,,,,,0,0,0,0,0,0,0,0,0,1,1,1,1,test_final
LABEL VIE,Distributeurs,2025,consolides,3670153999.9,18534397910.76,6391365262.29,838715916.89,,,,831487637.41,43086765.51,593657993.13,17504590757.64,13834436757.74,,9,LABEL VIE,1.0,comparatif officiel RFA 2025,237829644.28,vérifié_par_impôt_du_pdf,2.980232238769531e-08,237829644.28,V26,distributeurs,False,haute,23.58572901253877,0.033914417157732975,0.20966808368816825,0.365125089228404,0.04525185662508573,0.03203006625779608,0.28602908038514596,260016729.18,16417976508.23,819130374.34,559113645.16,15458511089.42,3409746949.01,0.12890878492054605,0.015085831824947991,0.061784126123615835,0.1323594268804039,0.07637137147834606,0,0,0,0,0,0,0,0,0,1,1,1,1,test_final
LABEL VIE,Distributeurs,2019,sociaux,1475837293.59,,,,,,,433089575.75,,112.01,,,,3,LABEL VIE,1.0,nom normalisé,54409897.0,vérifié_par_impôt_du_pdf,,,V26,distributeurs,False,haute,,,,,,,0.12563197095145046,,,,,,,,,,,,1,1,1,0,0,1,0,1,1,1,1,1,1,apprentissage
Les grandes marques et conserveries chérifiennes,Agroalimentaire,2008,sociaux,168278384.35,12922987.6,132862.51,23943836.58,21720341.04,145638984.08,,13645154.23,526550.54,8828988.02,,,,9,Les grandes marques et conserveries chérifiennes,1.0,nom normalisé,6980213.0,provisoire_un_seul_type_disponible,,,V26,agroalimentaire,False,provisoire,,,,,1.852809684658368,0.683200223762499,0.511552517644207,6980213.0,12068664.8,,,,201826412.37,0.07078851009268224,,,,-0.1662221887911172,0,0,0,0,0,1,0,1,0,1,0,0,1,apprentissage
Lesieur cristal,Agroalimentaire,2007,consolides,276300000.0,3858400000.0,2100000.0,190500000.0,,677200000.0,300000.0,178500000.0,-2600000.0,124400000.0,2949800000.0,,,10,Lesieur,1.0,alias vérifié,51637542.0,provisoire_un_seul_type_disponible,,,V26,agroalimentaire,False,provisoire,21.80500320872868,0.04217235066784189,0.09366736727913758,0.0007119126720455624,0.04937279701430645,0.032241343562098276,0.28928594957983195,,,,,,,,,,,,0,0,0,0,0,0,0,1,0,1,1,0,0,apprentissage
Lesieur cristal,Agroalimentaire,2008,consolides,276300000.0,4496600000.0,,225500000.0,,670500000.0,1200000.0,248900000.0,,156500000.0,3100600000.0,,,8,Lesieur,1.0,alias vérifié,61416511.0,provisoire_un_seul_type_disponible,,,V26,agroalimentaire,False,provisoire,21.854861478419053,0.05047410178675095,0.0891117848158421,,0.05014900146777565,0.03480407418938754,0.24675175170751307,51637542.0,3858400000.0,178500000.0,124400000.0,2949800000.0,276300000.0,0.16540534936761353,0.39439775910364144,0.2580385852090032,0.05112210997355753,0.0,0,0,1,0,0,0,0,1,1,1,1,0,0,apprentissage
Lesieur cristal,Agroalimentaire,2024,consolides,6897000000.0,4778000000.0,,256000000.0,,1132000000.0,56000000.0,127000000.0,-49000000.0,37000000.0,5314000000.0,,,9,Lesieur,1.0,alias vérifié,89320470.0,vérifié_par_rcai_moins_resultat_net,0.007607774567240858,90000000.0,V26,agroalimentaire,False,haute,22.393610684472215,0.006962739932254422,1.2978923598042906,,0.05357890330682294,0.007743825868564253,0.7033107874015748,,,,,,,,,,,,0,0,0,0,0,0,0,1,1,1,1,0,0,test_final
Lesieur cristal,Agroalimentaire,2023,sociaux,1656124468.47,5228985949.22,,,,2205921185.77,,27907189.29,,-2.0,,,,5,Lesieur,1.0,alias vérifié,19034615.0,vérifié_par_impôt_du_pdf,,,V26,agroalimentaire,False,haute,,,,,,-3.8248333795931063e-10,0.6820685093794339,185046160.0,,,-2.0,,1771593689.18,,,0.0,,-0.06517816213459539,0,1,1,0,0,1,0,1,1,1,1,0,1,test_final
Lydec,Divers,2024,sociaux,1818000.0,7599000000.0,,,,,,-8202658.77,,-129243937.77,15112000.0,,,4,Lydec,1.0,nom normalisé,121000000.0,provisoire_un_seul_type_disponible,,,V26,divers,False,provisoire,16.530999754336058,-8.55240456392271,0.12030174695606141,,,-0.017008019182787208,-14.7513145911347,127308324.82,7381000.0,,,4104000.0,,1028.5352933206882,,,2.682261208576998,,0,1,1,0,0,0,0,1,1,1,1,1,1,test_final
MINIERE TOUISSIT,Mines,2011,sociaux,728289764.72,,,,,390300800.83,,448015453.49,12544129.69,362194323.49,,,,5,MINIERE TOUISSIT,1.0,nom normalisé,85821130.0,vérifié_par_rcai_moins_resultat_net,0.0,85821130.0,V26,mines,False,haute,,,,,,,0.19155841462936407,62798856.0,,,264992236.07,,514595441.23,,,0.36681107666234886,,0.415266647095089,1,1,0,0,0,1,0,1,1,1,1,0,1,apprentissage
MINIERE TOUISSIT,Mines,2018,sociaux,606794593.2,,,,,,,247328975.76,,109.47,,,,3,MINIERE TOUISSIT,1.0,nom normalisé,43041223.0,provisoire_un_seul_type_disponible,,,V26,mines,False,provisoire,,,,,,,0.17402418324719787,,,,,,,,,,,,1,1,1,0,0,1,0,1,1,1,1,1,1,apprentissage
MINIERE TOUISSIT,Mines,2023,sociaux,709066144.89,,204958076.75,,,1060337479.29,,235895966.05,,-2.0,,,,5,MINIERE TOUISSIT,1.0,nom normalisé,67029525.0,vérifié_par_impôt_du_pdf,,,V26,mines,False,haute,,,,,,,0.2841486699513656,59944735.0,,,,,647278459.2,,,,,0.09545765784692736,1,1,1,0,0,1,0,1,0,1,1,0,1,test_final
MINIERE TOUISSIT,Mines,2024,sociaux,695005807.17,,197823657.59,,,1141896047.03,,61791009.83,,-2.0,,,,5,MINIERE TOUISSIT,1.0,nom normalisé,79798251.0,vérifié_par_impôt_du_pdf,,,V26,mines,False,haute,,,,,,,1.291421700657453,67029525.0,,235895966.05,-2.0,,709066144.89,,-0.7380582175071917,0.0,,-0.019829373918537965,1,1,1,0,0,1,0,1,0,1,1,0,1,test_final
MINIERE TOUISSIT,Mines,2025,sociaux,898404885.1,,136977960.27,,,1195452679.92,,324150717.35,-25080222.08,-2.0,,,,6,MINIERE TOUISSIT,1.0,nom normalisé,121638308.0,vérifié_par_impôt_du_pdf,,,V26,mines,False,haute,,,,,,,0.37525231779345924,79798251.0,,61791009.83,-2.0,,695005807.17,,4.24592037323563,0.0,,0.2926580984383749,1,1,0,0,0,1,0,1,0,1,1,0,1,test_final
MUTANDIS SCA,Agroalimentaire,2017,consolides,783668000.0,1268986000.0,,17874636.67,14301414.22,,,73916.0,1400512.04,18759315.76,1801338.0,,35149.0,8,MUTANDIS SCA,1.0,nom normalisé,430665.0,provisoire_un_seul_type_disponible,,,V26,agroalimentaire,False,provisoire,14.40404083520708,10.4141009405231,435.0477256350557,,0.0140857634914806,0.014782917825728575,5.8264110612046105,,,,,,,,,,,,0,0,0,0,0,0,0,1,1,0,0,1,1,apprentissage
MUTANDIS SCA,Agroalimentaire,2018,consolides,999947000.0,1368109000.0,104166666.67,22069903.62,18584758.36,,1310000.0,90385.0,,69232330.27,2014519.0,,28629.0,9,MUTANDIS SCA,1.0,nom normalisé,599552.0,vérifié_par_impôt_du_pdf,,,V26,agroalimentaire,False,haute,14.515891511586098,34.36668021994332,496.3701012499758,51.70795940370878,0.016131685136198944,0.05060439648449063,6.633313049731703,430665.0,1268986000.0,73916.0,18759315.76,1801338.0,783668000.0,0.07811197286652492,0.22280697007413822,2.690557329261565,0.11834591842286123,0.2759829417559477,0,0,1,0,0,0,0,1,0,0,0,1,0,apprentissage
MUTANDIS SCA,Agroalimentaire,2024,consolides,1403402000.0,,,,,123430000.0,,89652000.0,,,3429150000.0,,40618000.0,5,MUTANDIS SCA,1.0,nom normalisé,53821000.0,vérifié_par_impôt_du_pdf,,,V26,agroalimentaire,False,haute,21.955578254293982,,0.4092565212953647,,,,0.6003323963771026,,,,,,,,,,,,1,1,1,0,1,0,0,1,1,0,1,0,1,test_final
MUTANDIS SCA,Agroalimentaire,2025,consolides,1343000000.0,2116550000.0,,,,,6279000.0,22666000.0,,,3702790000.0,,,5,MUTANDIS SCA,1.0,nom normalisé,53249000.0,vérifié_par_impôt_du_pdf,,,V26,agroalimentaire,False,haute,22.03235242676479,,0.36269947796121305,,,,2.349289684990735,53821000.0,,89652000.0,,3429150000.0,1403402000.0,,-0.7471779770668808,,0.07979820072029511,-0.04303969924512007,0,1,1,0,1,0,0,1,1,1,1,1,0,test_final
Maghreb Oxygène,Chimie,2010,sociaux,,,,,,,,26298355.37,,18044721.37,,,,2,Maghreb Oxygène,1.0,nom normalisé,8253634.0,vérifié_par_rcai_moins_resultat_net,0.0,8253634.0,V26,chimie,False,haute,,,,,,,0.313846013709868,7913388.0,,,17361141.09,,,,,0.03937415613733724,,,1,1,1,0,0,1,1,1,1,1,1,1,1,apprentissage
Maghreb Oxygène,Chimie,2011,sociaux,,,,,,,,13864832.39,,9117593.39,,,,2,Maghreb Oxygène,1.0,nom normalisé,4747239.0,vérifié_par_rcai_moins_resultat_net,0.0,4747239.0,V26,chimie,False,haute,,,,,,,0.3423942581104653,8253634.0,,26298355.37,18044721.37,,,,-0.47278709276944414,-0.4947224064563098,,,1,1,1,0,0,1,1,1,1,1,1,1,1,apprentissage
Maghreb Oxygène,Chimie,2012,sociaux,,,,,,,,12436061.29,,8322608.29,,,,2,Maghreb Oxygène,1.0,nom normalisé,4113453.0,vérifié_par_rcai_moins_resultat_net,2.264089500027054e-16,4113452.999999999,V26,chimie,False,haute,,,,,,,0.3307681511112913,4747239.0,,13864832.39,9117593.39,,,,-0.10305000881442328,-0.08719242743067757,,,1,1,1,0,0,1,1,1,1,1,1,1,1,apprentissage
Maghreb Oxygène,Chimie,2013,sociaux,,,,,,,,12949115.48,,8797595.48,,,,2,Maghreb Oxygène,1.0,nom normalisé,4151520.0,vérifié_par_rcai_moins_resultat_net,0.0,4151520.0,V26,chimie,False,haute,,,,,,,0.32060259300429067,4113453.0,,12436061.29,8322608.29,,,,0.041255360361769446,0.05707191465092975,,,1,1,1,0,0,1,1,1,1,1,1,1,1,apprentissage
Maghreb Oxygène,Chimie,2014,sociaux,,,,,,,,12031358.73,,8157911.73,,,,2,Maghreb Oxygène,1.0,nom normalisé,3873447.0,vérifié_par_rcai_moins_resultat_net,0.0,3873447.0,V26,chimie,False,haute,,,,,,,0.32194593203688804,4151520.0,,12949115.48,8797595.48,,,,-0.07087408799600882,-0.07271120290245488,,,1,1,1,0,0,1,1,1,1,1,1,1,1,apprentissage
Maghreb Oxygène,Chimie,2016,sociaux,,,,,,,,14751250.09,,9349819.09,,,,2,Maghreb Oxygène,1.0,nom normalisé,5401431.0,vérifié_par_rcai_moins_resultat_net,0.0,5401431.0,V26,chimie,False,haute,,,,,,,0.36616767847097087,,,,,,,,,,,,1,1,1,0,0,1,1,1,1,1,1,1,1,apprentissage
Maghreb Oxygène,Chimie,2017,sociaux,,,,,,,,18705271.93,,12610416.93,,,,2,Maghreb Oxygène,1.0,nom normalisé,6064855.0,vérifié_par_rcai_moins_resultat_net,0.004946532110000981,6094855.0,V26,chimie,False,haute,,,,,,,0.3242323887456043,5401431.0,,14751250.09,9349819.09,,,,0.26804655984244113,0.34873378924383014,,,1,1,1,0,0,1,1,1,1,1,1,1,1,apprentissage
Maghreb Oxygène,Chimie,2023,sociaux,,80488000.0,,,,,,10076000.0,-3468000.0,10445.0,,,,4,Maghreb Oxygène,1.0,nom normalisé,1832000.0,vérifié_par_impôt_du_pdf,,,V26,chimie,False,haute,,,,,,0.0001297708975250969,0.18181818181818182,4997470.0,,,12383.0,,,,,-0.1565048857304369,,,0,1,0,0,0,1,1,1,1,1,1,1,1,test_final
Maghreb Oxygène,Chimie,2025,sociaux,261022100.75,,475411128.07,9096319.05,,880113895.88,,9911380.13,,13776.0,,,,6,Maghreb Oxygène,1.0,contrôle ciblé rapport 2025,1418379.0,vérifié_par_impôt_du_pdf,,9897604.13,V26,chimie,False,haute,,,,,,,0.14310610443714258,,,,,,,,,,,,1,0,1,0,0,1,0,1,0,1,1,0,1,test_final
Managem,Mines,2013,sociaux,-1000000000.0,,600000000.0,51667523.87,57700527.05,87384428.07,,162289257.35,115416573.3,160222961.35,,,,8,Managem,1.0,nom normalisé,2066296.0,vérifié_par_rcai_moins_resultat_net,0.0,2066296.0,V26,mines,False,haute,,,,,,,0.012732179774190088,1752861.0,,,156140770.8,,,,,0.026144296131526346,,,1,0,0,0,0,1,0,1,0,1,0,0,1,apprentissage
Managem,Mines,2014,sociaux,2356823175.0,,950000000.0,37052624.21,41476998.85,122383164.05,,221891934.12,189278095.0,219414441.12,,,,8,Managem,1.0,nom normalisé,2477493.0,vérifié_par_rcai_moins_resultat_net,0.0,2477493.0,V26,mines,False,haute,,,,,,,0.011165313465879127,2066296.0,,162289257.35,160222961.35,,-1000000000.0,,0.3672619971478353,0.36943194203419344,,3.356823175,1,0,0,0,0,1,0,1,0,1,0,0,1,apprentissage
Managem,Mines,2015,sociaux,2365274698.28,,950000000.0,48508358.43,52722186.24,141492089.81,,240103636.28,197779723.01,237418998.28,,,,8,Managem,1.0,nom normalisé,2684638.0,vérifié_par_rcai_moins_resultat_net,0.0,2684638.0,V26,mines,False,haute,,,,,,,0.011181163440895474,2477493.0,,221891934.12,219414441.12,,2356823175.0,,0.08207464697725803,0.08205730246421256,,0.003585981065380609,1,0,0,0,0,1,0,1,0,1,0,0,1,apprentissage
Managem,Mines,2016,sociaux,2452052369.9,,950000000.0,56105979.0,,143567050.95,,272717827.62,216155843.13,269951651.62,,,,7,Managem,1.0,nom normalisé,2766176.0,vérifié_par_rcai_moins_resultat_net,0.0,2766176.0,V26,mines,False,haute,,,,,,,0.01014299660620038,2684638.0,,240103636.28,237418998.28,,2365274698.28,,0.1358338084558059,0.13702632719236998,,0.036688200183726476,1,0,0,0,0,1,0,1,0,1,1,0,1,apprentissage
Managem,Mines,2023,sociaux,,368200000.0,,130400000.0,143300000.0,,,318100000.0,-378600000.0,315300000.0,,,,6,Managem,1.0,nom normalisé,2844213.0,vérifié_par_rcai_moins_resultat_net,0.01554489765710233,2800000.0,V26,mines,False,haute,,,,,0.354155350353069,0.856328082563824,0.008941254322540082,6146040.0,380200000.0,,61.88,,2119212628.24,-0.03156233561283535,,5095344.830639948,,,0,0,0,0,0,1,1,1,1,1,0,1,1,test_final
Maroc Leasing,Sociétés de financement,2024,sociaux,,379187000.0,,183385000.0,,,,174971000.0,,105304000.0,,,,4,Maroc Leasing,1.0,comparatif officiel RFA 2025,69667000.0,vérifié_par_impôt_du_pdf,0.0,69667000.0,V26,societes de financement,False,haute,,,,,0.4836268121006258,0.2777099425876942,0.39816312417486327,,,,,,,,,,,,0,0,1,0,0,1,1,1,1,1,1,1,1,test_final
Maroc Leasing,Sociétés de financement,2025,sociaux,,,,,,,,192281000.0,,107295000.0,,,,2,Maroc Leasing,1.0,contrôle publication annuelle 2025,84986000.0,vérifié_par_impôt_du_pdf,0.0,84986000.0,V26,societes de financement,False,haute,,,,,,,0.44198854801046383,69667000.0,379187000.0,174971000.0,105304000.0,,,,0.0989306799412474,0.0189071640203601,,,1,1,1,0,0,1,1,1,1,1,1,1,1,test_final
MarocTelecom,Télécommunications,2011,consolides,,30837000000.0,,12375000000.0,,24850000000.0,51116000000.0,12006000000.0,-327000000.0,,,,,6,Maroc Telecom(Itissalat almaghrib,1.0,alias vérifié,3070823000.0,provisoire_un_seul_type_disponible,,,V26,telecommunications,False,provisoire,,,,,0.40130362875766123,,0.25577402965184076,,,,,,,,,,,,0,0,0,0,1,1,1,1,1,1,1,0,0,apprentissage
MarocTelecom,Télécommunications,2019,sociaux,13224863000.0,19900000000.0,,6676000000.0,,71812207000.0,,5647807000.0,1006000000.0,5699000000.0,,,,7,Maroc Telecom(Itissalat almaghrib,1.0,alias vérifié,2388514000.0,vérifié_par_impôt_du_pdf,,,V26,telecommunications,False,haute,,,,,0.3354773869346734,0.2863819095477387,0.4229099896650151,2374572000.0,,,,,,,,,,,0,0,0,0,0,1,0,1,1,1,1,0,1,apprentissage
MarocTelecom,Télécommunications,2020,sociaux,14603256000.0,20289226000.0,6874000.0,8249364000.0,,71977666000.0,,8544797000.0,,,,,,6,Maroc Telecom(Itissalat almaghrib,1.0,alias vérifié,2296379000.0,vérifié_par_impôt_du_pdf,,,V26,telecommunications,False,haute,,,,,0.4065884031258758,,0.26874588126552335,2388514000.0,19900000000.0,5647807000.0,5699000000.0,,13224863000.0,0.019559095477386934,0.5129406865354995,,,0.1042273935087267,0,0,1,0,1,1,0,1,0,1,1,0,1,validation
Microdata,"Matériels, logiciels et services informatiques",2025,sociaux,,979416352.36,,,,,,91471712.96,,69547790.96,,,,3,Microdata,1.0,contrôle ciblé rapport 2025,21923922.0,vérifié_par_impôt_du_pdf,,21923922.0,V26,materiels logiciels et services informatiques,False,haute,,,,,,0.07100942392111154,0.23967980144405074,24141088.0,,,,,,,,,,,0,1,1,0,0,1,1,1,1,1,1,1,1,test_final
ONA,Sociétés de portefeuilles holdings,2007,sociaux,1746245000.0,,4090000000.0,306785.22,10564937.14,60838548.27,,3502385593.39,943522561.58,3500864852.39,,,,8,O.N.A ,1.0,alias vérifié,1500000.0,provisoire_un_seul_type_disponible,,,V26,societes de portefeuilles holdings,False,provisoire,,,,,,,0.0004282795140634794,,,,,,,,,,,,1,0,0,0,0,1,0,1,0,1,0,0,1,apprentissage
Oulmès,Agroalimentaire,2021,consolides,198000000.0,1678824982.0,36712000.0,106749260.0,,139496322.1,105000.0,53971843.0,-41410664.0,40277698.0,,,,9,OULMES,1.0,nom normalisé,13694145.0,vérifié_par_rcai_moins_resultat_net,0.0,13694145.0,V26,agroalimentaire,False,haute,,,,,0.06358569901242987,0.023991600334667882,0.25372757791502504,,,,,,,,,,,,0,0,0,0,0,1,0,1,0,1,1,0,0,validation
Oulmès,Agroalimentaire,2008,sociaux,441260177.37,,107198785.27,2705770.04,,712534760.93,,44162702.04,27375082.48,43184956.87,,,,7,OULMES,1.0,nom normalisé,14183536.12,provisoire_un_seul_type_disponible,,,V26,agroalimentaire,False,provisoire,,,,,,,0.32116549633112074,,,,,,,,,,,,1,0,0,0,0,1,0,1,0,1,1,0,1,apprentissage
Oulmès,Agroalimentaire,2009,sociaux,462665134.25,,205602058.52,,,1446952491.07,,65341948.87,27375082.48,,,,,5,OULMES,1.0,nom normalisé,22156992.0,provisoire_un_seul_type_disponible,,,V26,agroalimentaire,False,provisoire,,,,,,,0.3390929163144809,14183536.12,,44162702.04,43184956.87,,441260177.37,,0.4795731658542331,,,0.04850869844538855,1,1,0,0,1,1,0,1,0,1,1,0,1,apprentissage
Oulmès,Agroalimentaire,2010,sociaux,540377221.14,,,42810987.03,,,,157317887.89,27640999.61,,,,,4,OULMES,1.0,nom normalisé,49905801.0,provisoire_un_seul_type_disponible,,,V26,agroalimentaire,False,provisoire,,,,,,,0.3172290301462425,22156992.0,,65341948.87,,,462665134.25,,1.407609362906962,,,0.16796616199743386,1,0,0,0,1,1,0,1,1,1,1,1,1,apprentissage
Oulmès,Agroalimentaire,2011,sociaux,446067853.06,,,51852242.28,,,,33146078.93,21698557.14,,,,,4,OULMES,1.0,nom normalisé,8655447.0,provisoire_un_seul_type_disponible,,,V26,agroalimentaire,False,provisoire,,,,,,,0.2611303442038838,49905801.0,,157317887.89,,,540377221.14,,-0.7893050855527857,,,-0.17452506210576643,1,0,0,0,1,1,0,1,1,1,1,1,1,apprentissage
Oulmès,Agroalimentaire,2012,sociaux,487302417.03,,50738211.34,115409684.06,204853233.89,788513487.04,,96511869.96,21104912.93,-2.0,,,,8,OULMES,1.0,nom normalisé,31517306.0,provisoire_un_seul_type_disponible,,,V26,agroalimentaire,False,provisoire,,,,,,,0.3265640383204943,8655447.0,,33146078.93,,,446067853.06,,1.911713031391131,,,0.09244011575174767,1,0,0,0,0,1,0,1,0,1,0,0,1,apprentissage
Oulmès,Agroalimentaire,2013,sociaux,517177341.16,,303985735.97,144236577.7,260284388.23,1562529410.48,,120284662.13,21306140.26,-2.0,,,,8,OULMES,1.0,nom normalisé,40909738.0,provisoire_un_seul_type_disponible,,,V26,agroalimentaire,False,provisoire,,,,,,,0.34010768518255474,31517306.0,,96511869.96,-2.0,,487302417.03,,0.24631987940812666,0.0,,0.06130674317620069,1,0,0,0,0,1,0,1,0,1,0,0,1,apprentissage
Oulmès,Agroalimentaire,2025,sociaux,18179512.0,3195794324.0,1241194196.0,292030771.0,,711442081.1,,214040905.0,-81098800.0,-2.0,3919500000.0,,,8,OULMES,1.0,nom normalisé,72913473.0,vérifié_par_impôt_du_pdf,,,V26,agroalimentaire,False,haute,22.089229931848184,-5.102691669855849e-10,0.004638222222222222,0.3166715642301314,0.09137971389675702,-6.258225020866518e-10,0.34065204966312396,84226671.0,,,-2.0,,20912614.0,,,0.0,,-0.13069155295459478,0,0,0,0,0,0,0,1,0,1,1,0,1,test_final
PROMOPHARM,Divers,2007,sociaux,337820687.1,334204076.48,0.0,72355458.84,93326436.6,125610940.72,,77977207.25,1518350.6,52735407.25,422517734.92,84697047.82,117183060.19,12,PROMOPHARM,1.0,RFA officiel/comparatif,25241800.0,vérifié_par_impôt_du_pdf,0.0,25241800.0,V26,divers,False,haute,19.861741982389304,0.12481229281413472,0.7995420290794737,0.0,0.21650082668674456,0.15779402754578872,0.323707412591389,,,,,,,,,,,,0,0,0,0,0,0,0,0,0,0,0,0,1,apprentissage
PROMOPHARM,Divers,2008,sociaux,370300820.37,352876915.31,0.0,83571131.24,105580972.37,127540946.93,,89462733.27,1551284.5,67480133.27,440683538.25,70382717.88,109550765.85,12,PROMOPHARM,1.0,RFA officiel/comparatif,21982600.0,vérifié_par_impôt_du_pdf,0.0,21982600.0,V26,divers,False,haute,19.903837577741818,0.15312605852710223,0.8402873904491711,0.0,0.2368279918979209,0.19122852853868083,0.24571795647754416,25241800.0,334204076.48,77977207.25,52735407.25,422517734.92,337820687.1,0.05587256453204105,0.14729337488551816,0.27959822041575294,0.04299417948323404,0.09614607544855704,0,0,0,0,0,0,0,0,0,0,0,0,1,apprentissage
PROMOPHARM,Divers,2009,sociaux,391008944.96,357017375.02,0.0,83091038.58,104703667.31,131385041.27,,88216124.59,1804541.92,65708124.59,463812144.16,72803199.20000005,48847660.92,12,PROMOPHARM,1.0,RFA officiel/comparatif,22508000.0,vérifié_par_impôt_du_pdf,0.0,22508000.0,V26,divers,False,haute,19.9549901686438,0.1416696941150658,0.8430330035194479,0.0,0.23273668004350004,0.18404741390056734,0.25514609834211033,21982600.0,352876915.31,89462733.27,67480133.27,440683538.25,370300820.37,0.011733438857462843,-0.013934390717056528,-0.026259709252645824,0.052483480553519465,0.05592243778803588,0,0,0,0,0,0,0,0,0,0,0,0,1,apprentissage
PROMOPHARM,Divers,2010,sociaux,411361688.39,375967174.6,0.0,88355658.81,111811500.94,127217595.45,,88929951.43,767240.31,65352743.43,495118334.03,83756645.63999999,47464999.8,12,PROMOPHARM,1.0,RFA officiel/comparatif,23577208.0,vérifié_par_impôt_du_pdf,-7.450580596923828e-09,23577208.00000001,V26,divers,False,haute,20.02030735262918,0.13199418995063952,0.830835095605801,0.0,0.23500897094009227,0.173825663103515,0.26512111634918045,22508000.0,357017375.02,88216124.59,65708124.59,463812144.16,391008944.96,0.0530780878071788,0.00809179550017233,-0.00540848125277477,0.06749756396891654,0.05205186145314932,0,0,0,0,0,0,0,0,0,0,0,0,1,apprentissage
PROMOPHARM,Divers,2011,sociaux,435195294.76,414644365.15,0.0,95710447.93,118779531.23,129915906.28,,98895961.37,3266460.79,68833606.37,518211225.45,83015930.69,67069979.68,12,PROMOPHARM,1.0,RFA officiel/comparatif,30062355.0,vérifié_par_impôt_du_pdf,0.0,30062355.0,V26,divers,False,haute,20.06589349017641,0.1328292460477421,0.8398029092906829,0.0,0.2308253915264861,0.16600637113469285,0.30397960223600584,23577208.0,375967174.6,88929951.43,65352743.43,495118334.03,411361688.39,0.10287384953526725,0.11206584260697146,0.053262690398428236,0.04664115592738439,0.057938322995708974,0,0,0,0,0,0,0,0,0,0,0,0,1,apprentissage
PROMOPHARM,Divers,2012,sociaux,456151439.79,449584011.4,0.0,93089274.55,117342041.02,124993366.68,,95006243.03,3101792.21,65956145.03,545687447.32,89536007.53000003,71460331.64,12,PROMOPHARM,1.0,RFA officiel/comparatif,29050098.0,vérifié_par_impôt_du_pdf,0.0,29050098.0,V26,divers,False,haute,20.11755693082908,0.1208679901909531,0.8359207125439068,0.0,0.20705646150565044,0.14670482792440337,0.3057704112226276,30062355.0,414644365.15,98895961.37,68833606.37,518211225.45,435195294.76,0.08426412894182315,-0.03933141744228947,-0.041803146627721915,0.053021278815680785,0.04815342739759366,0,0,0,0,0,0,0,0,0,0,0,0,1,apprentissage
PROMOPHARM,Divers,2013,sociaux,377153698.91,449183045.58,0.0,77527427.09,106039410.54,117537917.41,,75857903.12,2264272.33,51002259.12,467588402.74,90434703.82999998,106276798.61,12,PROMOPHARM,1.0,RFA officiel/comparatif,24855644.0,vérifié_par_impôt_du_pdf,-7.450580596923828e-09,24855644.00000001,V26,divers,False,haute,19.96309898772516,0.10907511568108658,0.8065933558230577,0.0,0.17259651238593396,0.11354448842596941,0.32766057296206474,29050098.0,449584011.4,95006243.03,65956145.03,545687447.32,456151439.79,-0.0008918596076212528,-0.20154822777229017,-0.2267246805160954,-0.1431204711846734,-0.17318314487041508,0,0,0,0,0,0,0,0,0,0,0,0,1,apprentissage
PROMOPHARM,Divers,2014,sociaux,380373525.27,474836506.93,0.0,110183843.64,141103331.53,118837378.29,,113909753.36,3948725.31,78219826.36,540857056.83,160483531.5600001,38592631.29,12,PROMOPHARM,1.0,RFA officiel/comparatif,35689927.0,vérifié_par_impôt_du_pdf,0.0,35689927.0,V26,divers,False,haute,20.10866558347008,0.1446219946143473,0.7032792129946405,0.0,0.23204585585127138,0.1647300180555222,0.31331756892849794,24855644.0,449183045.58,75857903.12,51002259.12,467588402.74,377153698.91,0.05711137497826844,0.5016201170207089,0.5336541500242471,0.15669476330177648,0.008537172959738888,0,0,0,0,0,0,0,0,0,0,0,0,1,apprentissage
PROMOPHARM,Divers,2015,sociaux,397480337.51,532838890.03,0.0,136241808.5,163505810.29,111343349.96,,140760600.24,6258622.59,97106812.24,527685781.73,130205444.22,124528533.97,12,PROMOPHARM,1.0,RFA officiel/comparatif,43653788.0,vérifié_par_impôt_du_pdf,-1.490116119384766e-08,43653788.00000001,V26,divers,False,haute,20.0840115560573,0.1840239316694086,0.7532519375581319,0.0,0.2556904367328167,0.18224422814658417,0.3101278903725141,35689927.0,474836506.93,113909753.36,78219826.36,540857056.83,380373525.27,0.12215232454431021,0.23572034955725596,0.24146034015818793,-0.02435259914550762,0.04497371952439935,0,0,0,0,0,0,0,0,0,0,0,0,1,apprentissage
PROMOPHARM,Divers,2016,sociaux,315697985.57,529788922.38,0.0,129734250.88,158116105.12,98262628.59,,129164707.5,810271.95,87217648.06,491618828.68,175920843.11,45187361.03,12,PROMOPHARM,1.0,RFA officiel/comparatif,41947059.44,vérifié_par_impôt_du_pdf,0.0,41947059.44,V26,divers,False,haute,20.013214237770462,0.17740908804119646,0.642160078403936,0.0,0.24487913091347335,0.164627164471819,0.3247563537431461,43653788.0,532838890.03,140760600.24,97106812.24,527685781.73,397480337.51,-0.005723995952750852,-0.08238024504178548,-0.10183800654025045,-0.06834929857642881,-0.20575194348561324,0,0,0,0,0,0,0,0,0,0,0,0,1,apprentissage
PROMOPHARM,Divers,2017,sociaux,233498730.53,511203838.56,0.0,102035277.87,126958329.53,88040580.37,,97185218.96,-2950424.13,65800744.96,447356124.44,213857393.91,26507217.76,12,PROMOPHARM,1.0,RFA officiel/comparatif,31384474.0,vérifié_par_impôt_du_pdf,7.450580596923828e-09,31384473.99999999,V26,divers,False,haute,19.91886553658795,0.1470880610886222,0.5219526855082034,0.0,0.1995980275841065,0.12871723566347393,0.32293464310573183,41947059.44,529788922.38,129164707.5,87217648.06,491618828.68,315697985.57,-0.03508016690214887,-0.24758689241796183,-0.24555698962744996,-0.09003459928263056,-0.26037307425825773,0,0,0,0,0,0,0,0,0,0,0,0,1,apprentissage
PROMOPHARM,Divers,2018,sociaux,272244361.07,444532858.69,0.0,54724313.09,83681695.5,83306922.89,,55037400.54,-3203663.74,38745630.54,481714609.49,209470248.42,26636907.67,12,PROMOPHARM,1.0,RFA officiel/comparatif,16291770.0,vérifié_par_impôt_du_pdf,0.0,16291770.0,V26,divers,False,haute,19.992862402238664,0.08043274955065345,0.5651569533218642,0.0,0.12310521487943059,0.0871603297317099,0.2960127084519461,31384474.0,511203838.56,97185218.96,65800744.96,447356124.44,233498730.53,-0.13041956034173016,-0.433685480889305,-0.41116729660806567,0.07680343058454812,0.1659350800411394,0,0,0,0,0,0,0,0,0,0,0,0,1,apprentissage
PROMOPHARM,Divers,2019,sociaux,324358564.9,522450180.24,0.0,91239923.93,102097738.68,79544054.17,,81584456.41,-1619645.55,52114203.41,490247686.82,165889121.92,119302279.65,12,PROMOPHARM,1.0,RFA officiel/comparatif,29470253.0,vérifié_par_impôt_du_pdf,0.0,29470253.0,V26,divers,False,haute,20.010421306701204,0.10630178338635246,0.6616218161149466,0.0,0.1746385155577643,0.09974961322830837,0.3612238690651834,16291770.0,444532858.69,55037400.54,38745630.54,481714609.49,272244361.07,0.1752791048554108,0.482345743249741,0.34503433506388864,0.017713968316290234,0.1914243645861972,0,0,0,0,0,0,0,0,0,0,0,0,1,apprentissage
PROMOPHARM,Divers,2020,sociaux,384619455.28,573195995.7,0.0,101480571.14,128882808.74,85276133.62,,90451697.38,-907914.76,60260890.38,545090096.48,160470641.2,104109342.95,12,PROMOPHARM,1.0,RFA officiel/comparatif,30190807.0,vérifié_par_impôt_du_pdf,7.450580596923828e-09,30190806.99999999,V26,divers,False,haute,20.11646165544132,0.11055216517259003,0.7056071239667296,0.0,0.17704340557381182,0.10513138757434623,0.3337782250029458,29470253.0,522450180.24,81584456.41,52114203.41,490247686.82,324358564.9,0.09713043918692636,0.10868787217797925,0.15632373589033444,0.1118667382517116,0.18578479775485035,0,0,0,0,0,0,0,0,0,0,0,0,1,validation
PROMOPHARM,Divers,2021,sociaux,423589590.55,630491043.46,30000000.0,104922804.49,133801271.28,100696426.75,,102694955.27,1709718.59,68970135.27,616198845.69,192609255.14,160117365.12,12,PROMOPHARM,1.0,RFA officiel/comparatif,33724820.0,vérifié_par_impôt_du_pdf,0.0,33724820.0,V26,divers,False,haute,20.239080272476276,0.11192837466738421,0.6874235378933203,0.04868558292478939,0.1664144250395788,0.10939114200815073,0.32839802024678366,30190807.0,573195995.7,90451697.38,60260890.38,545090096.48,384619455.28,0.09995716681521818,0.13535686166910052,0.14452565893202443,0.13045320336802174,0.10132127934513892,0,0,0,0,0,0,0,0,0,0,0,0,1,validation
PROMOPHARM,Divers,2022,sociaux,458867835.35,746771033.32,67533495.69,134115436.66,160694419.51,212683177.88,,114250564.8,-11976222.87,75278244.8,762866240.51,303998405.16,106300304.87,12,PROMOPHARM,1.0,RFA officiel,38972320.0,vérifié_par_impôt_du_pdf,0.0,38972320.0,V26,divers,False,haute,20.452593267865108,0.09867817030371423,0.6015049703120071,0.0885259985352763,0.1795937853450858,0.1008049876617836,0.34111271194345993,33724820.0,630491043.46,102694955.27,68970135.27,616198845.69,423589590.55,0.18442766327318513,0.11252363370351173,0.09146146379596627,0.2380195870957311,0.08328402205114105,0,0,0,0,0,0,0,0,0,0,0,0,1,validation
PROMOPHARM,Divers,2023,sociaux,475765782.17,805516174.89,104372103.39,100662043.33,121188258.68,310727981.02,,87794040.82,-1456971.67,56897946.82,984531667.59,508765885.42,62741537.2,12,PROMOPHARM,1.0,RFA officiel,30896094.0,vérifié_par_impôt_du_pdf,7.450580596923828e-09,30896093.99999999,V26,divers,False,haute,20.70767662270741,0.05779189100059976,0.4832407101079949,0.1060119311809327,0.12496588705217031,0.07063538708924112,0.3519156164977622,38972320.0,746771033.32,114250564.8,75278244.8,762866240.51,458867835.35,0.07866553327440991,-0.2315658047407745,-0.2441648052346725,0.2905691919618959,0.03682530244707855,0,0,0,0,0,0,0,0,0,0,0,0,1,test_final
PROMOPHARM,Divers,2024,sociaux,530925751.86,898713862.91,227569236.68,106205594.23,131328556.55,378002235.79,,89043610.69,-2546396.48,55159969.69,1157262504.47,626336752.61,100040599.8,12,PROMOPHARM,1.0,RFA officiel,33883641.0,vérifié_par_impôt_du_pdf,0.0,33883641.0,V26,divers,False,haute,20.86932314401299,0.0476641811835613,0.4587772867515067,0.19664443961590336,0.11817509288897635,0.061376564851680596,0.3805286054488948,30896094.0,805516174.89,87794040.82,56897946.82,984531667.59,475765782.17,0.11569933779756429,0.014232969098232297,-0.030545515737117817,0.1754446734078363,0.11593933771027339,0,0,0,0,0,0,0,0,0,0,0,0,1,test_final
PROMOPHARM,Divers,2025,sociaux,590840385.99,979733874.82,189965477.88,90790739.19,120423768.68,395255069.71,,98375645.13,13020215.01,59914634.13,1219927998.22,629087612.23,138187221.29,12,PROMOPHARM ,1.0,contrôle rapport annuel 2025,38461011.0,vérifié_par_impôt_du_pdf,7.450580596923828e-09,38461010.99999999,V26,divers,False,haute,20.922057676917216,0.04911325440306444,0.48432398211377775,0.1557185982756188,0.09266877620892752,0.06115398851653232,0.39096069915653525,33883641.0,898713862.91,89043610.69,55159969.69,1157262504.47,530925751.86,0.09015106504272727,0.10480296528505473,0.08619773481967635,0.054149765941565155,0.1128493653210457,0,0,0,0,0,0,0,0,0,0,0,0,1,test_final
Papelera de Tetuan,Divers,2022,sociaux,,,,13785000.0,19172000.0,,,325000.0,5256000.0,,,,,4,Papelera de Tetuan (MED paper),1.0,alias vérifié,539045.0,provisoire_un_seul_type_disponible,,,V26,divers,False,provisoire,,,,,,,1.6586,464706.0,,,9484000.0,,,,,,,,1,0,0,0,1,1,1,1,1,1,0,1,1,validation
Papelera de Tetuan,Divers,2024,sociaux,,113000000.0,,9670000.0,,,,6670000.0,3000000.0,6345000.0,,,,5,Papelera de Tetuan (MED paper),1.0,alias vérifié,277495.0,provisoire_un_seul_type_disponible,,,V26,divers,False,provisoire,,,,,0.08557522123893806,0.05615044247787611,0.04160344827586207,271478.0,130000000.0,,5751000.0,,,-0.13076923076923078,,0.10328638497652583,,,0,0,0,0,0,1,1,1,1,1,1,1,1,test_final
Papelera de Tetuan,Divers,2025,sociaux,,110000000.0,,11520000.0,,,,6920000.0,4600000.0,,,,,4,Papelera de Tetuan (MED paper),1.0,alias vérifié,276584.0,provisoire_un_seul_type_disponible,,,V26,divers,False,provisoire,,,,,0.10472727272727272,,0.03996878612716763,277495.0,113000000.0,6670000.0,6345000.0,,,-0.02654867256637168,0.037481259370314844,,,,0,0,0,0,1,1,1,1,1,1,1,1,1,test_final
RES DAR SAADA,Immobilier,2023,consolides,4109461000.0,,,-29125000.0,,66195000.0,,-59696000.0,-31887000.0,-67135000.0,7321810000.0,1021876000.0,,7,RES DAR SAADA,1.0,nom normalisé,4175000.0,provisoire_un_seul_type_disponible,,,V26,immobilier,False,provisoire,22.714123402250138,-0.009169180844627216,0.5612629937133031,,,,-0.06993768426695256,1392018.0,,,,,,,,,,,1,0,0,0,0,0,0,0,1,1,1,0,1,test_final
RES DAR SAADA,Immobilier,2024,consolides,4027483000.0,,,-36972000.0,,63659000.0,-764000.0,-76667000.0,-22667000.0,-82829000.0,7344250000.0,782940000.0,,9,RES DAR SAADA,1.0,nom normalisé,5398000.0,vérifié_par_impôt_du_pdf,,,V26,immobilier,False,haute,22.717183531215703,-0.011278074684276815,0.5483858801102903,,,,-0.07040838952874118,4175000.0,,-59696000.0,-67135000.0,7321810000.0,4109461000.0,,-0.284290404717234,-0.2337677813361138,0.0030648159403207677,-0.019948601531928397,1,0,0,0,0,0,0,0,1,1,1,0,0,test_final
RES DAR SAADA,Immobilier,2025,consolides,,,341465.0,36987.0,,,,18530.0,-21136.0,,,,,4,RES DAR SAADA,1.0,nom normalisé,353000.0,vérifié_par_impôt_du_pdf,,,V26,immobilier,False,haute,,,,,,,19.050188882892606,5398000.0,,-76667000.0,-82829000.0,7344250000.0,4027483000.0,,1.0002416946013277,,,,1,0,0,0,1,1,1,1,0,1,1,1,1,test_final
RES DAR SAADA,Immobilier,2017,sociaux,1310442500.0,,1963079251.68,201198236.81,6524112.03,21817803.96,,193653725.61,907688.15,189838148.61,,,,8,RES DAR SAADA,1.0,nom normalisé,3815577.0,vérifié_par_rcai_moins_resultat_net,0.0,3815577.0,V26,immobilier,False,haute,,,,,,,0.01970309111266057,,,,,,,,,,,,1,0,0,0,0,1,0,1,0,1,0,0,1,apprentissage
RES DAR SAADA,Immobilier,2018,sociaux,1310442500.0,,1978768853.6,304204881.19,,33587572.69,,318617077.76,,266856728.76,,,,6,RES DAR SAADA,1.0,nom normalisé,51760349.0,vérifié_par_rcai_moins_resultat_net,0.0,51760349.0,V26,immobilier,False,haute,,,,,,,0.1624531533711095,3815577.0,,193653725.61,189838148.61,,1310442500.0,,0.6452927861644353,0.40570654904681736,,0.0,1,0,1,0,0,1,0,1,0,1,1,0,1,apprentissage
RES DAR SAADA,Immobilier,2020,sociaux,,186346486502.0,,,,,,65362453.22,,,,,,2,RES DAR SAADA,1.0,nom normalisé,3758735.0,vérifié_par_impôt_du_pdf,,,V26,immobilier,False,haute,,,,,,,0.05750602700526974,,,,,,,,,,,,0,1,1,0,1,1,1,1,1,1,1,1,1,validation
Rebab Company,Mines,2020,consolides,,9600000.0,,,-2900000.0,,,-232000.0,,-4845.0,11256000.0,,138240000000.0,6,Rebab,1.0,alias vérifié,3000.0,provisoire_un_seul_type_disponible,,,V26,mines,False,provisoire,16.236411966617865,-0.0004304371002132196,,,,-0.0005046875,-0.01293103448275862,,,,,,,,,,,,0,1,1,0,0,0,1,1,1,0,0,1,1,validation
Rebab Company,Mines,2018,sociaux,17645600.0,,,-70397.79,-90116.6,,,-12837775.83,,-12840775.83,31438000.0,,,5,Rebab,1.0,alias vérifié,3000.0,vérifié_par_rcai_moins_resultat_net,0.0,3000.0,V26,mines,False,haute,17.26352794207896,-0.4084476057637254,0.561282524333609,,,,-0.00023368533924618312,,,,,,,,,,,,1,0,1,0,0,0,0,1,1,1,0,1,1,apprentissage
Rebab Company,Mines,2019,sociaux,33189601.5,34600000.0,,-268178.97,-287897.8,,,3066285.33,,2195245.33,54972000.0,,,5,Rebab,1.0,alias vérifié,871040.0,vérifié_par_rcai_moins_resultat_net,0.0,871040.0,V26,mines,False,haute,17.822334540847958,0.039933881430546464,0.6037546660117878,,-0.007750837283236994,0.06344639682080926,0.28407010641765684,3000.0,,-12837775.83,-12840775.83,31438000.0,17645600.0,,1.238848642522215,1.1709589326270482,0.7485845155544246,0.8808995726980097,0,0,1,0,0,0,0,1,1,1,0,1,1,apprentissage
Rebab Company,Mines,2022,sociaux,24000192.62,,,-161000000.0,-1300000.0,,,-219000.0,-58000000.0,-3600000.0,39802000000.0,,69000000.0,8,Rebab,1.0,alias vérifié,3000.0,provisoire_un_seul_type_disponible,,,V26,mines,False,provisoire,24.407182999255657,-9.044771619516608e-05,0.0006029896140897443,,,,-0.0136986301369863,,,,,,,,,,,,1,0,0,0,0,0,0,1,1,0,0,1,1,validation
Rebab Company,Mines,2023,sociaux,24217926.66,,,,-1300000.0,,,221000.0,,-5000000.0,39766000.0,,,4,Rebab,1.0,alias vérifié,3000.0,provisoire_un_seul_type_disponible,,,V26,mines,False,provisoire,17.498522858947275,-0.12573555298496203,0.609010880148871,,,,0.013574660633484163,3000.0,,-219000.0,-3600000.0,39802000000.0,24000192.62,,2.009132420091324,-0.3888888888888889,-0.9990009044771619,0.009072178854871169,1,1,1,0,0,0,0,1,1,1,0,1,1,test_final
Rebab Company,Mines,2025,sociaux,25864154.36,,,,-1200000.0,17056656.89,,1031000.0,-9000.0,-2600000.0,40330000000.0,,342000000.0,8,Rebab,1.0,alias vérifié,3000.0,provisoire_un_seul_type_disponible,,,V26,mines,False,provisoire,24.420361445856482,-6.446813786263328e-05,0.0006413130265311182,,,,0.002909796314258002,3000.0,,,-3000000.0,,24809899.31,,,0.13333333333333333,,0.042493322396317326,1,1,0,0,0,0,0,1,1,0,0,0,1,test_final
Risma,Divers,2007,consolides,100490000.0,1114504000.0,246591000.0,-39819000.0,-88269000.0,2205638000.0,,76739000.0,-67137000.0,28825000.0,2677910000.0,,,10,Risma,1.0,nom normalisé,608000.0,provisoire_un_seul_type_disponible,,,V26,divers,False,provisoire,21.708302476854556,0.010763991321590345,0.037525532971608454,0.09208337845558663,-0.03572800097621902,0.025863523145722222,0.00792295964242432,,,,,,,,,,,,0,0,0,0,0,0,0,1,0,1,0,0,1,apprentissage
Risma,Divers,2008,consolides,1030155000.0,937721000.0,1573768000.0,,,2076172000.0,,81455000.0,-39819000.0,48155000.0,2535801000.0,,,7,Risma,1.0,nom normalisé,1849000.0,provisoire_un_seul_type_disponible,,,V26,divers,False,provisoire,21.653775400805262,0.018990054818970415,0.4062444174444288,0.6206196779636888,,0.05135322766579825,0.022699650113559636,608000.0,1114504000.0,76739000.0,28825000.0,2677910000.0,100490000.0,-0.1586203369391227,0.06145506196327812,0.6705984388551605,-0.05306713071014336,9.251318539158126,0,1,0,0,0,0,0,1,0,1,1,0,1,apprentissage
Risma,Divers,2019,sociaux,2087476508.64,,,-146000000.0,,,,-183000000.0,,-302932000.0,,,,4,Risma,1.0,nom normalisé,5967203.71,vérifié_par_impôt_du_pdf,,,V26,divers,False,haute,,,,,,,-0.032607670546448086,,,,,,,,,,,,1,0,1,0,0,1,0,1,1,1,1,1,1,apprentissage
Risma,Divers,2020,sociaux,1988781100.77,,1680388000.0,99000000.0,,,,122000000.0,-5000000.0,139989000.0,,1107075000.0,,7,Risma,1.0,nom normalisé,2103080.75,vérifié_par_impôt_du_pdf,,,V26,divers,False,haute,,,,,,,0.017238366803278688,5967203.71,,-183000000.0,-302932000.0,,2087476508.64,,1.6666666666666667,1.462113609654972,,-0.04727976935860256,1,0,0,0,0,1,0,0,0,1,1,1,1,validation
Risma,Divers,2021,sociaux,1792813102.87,49399618.5,42000000.0,-146000000.0,,,,-183000000.0,-25000000.0,-185000000.0,3344000000.0,2044816000.0,,7,Risma,1.0,nom normalisé,2022651.4,vérifié_par_impôt_du_pdf,,,V26,divers,False,haute,21.93043353246791,-0.05532296650717703,0.536128320236244,0.012559808612440191,-2.9554884113123263,-3.744968192416304,-0.011052739890710383,2103080.75,,122000000.0,139989000.0,,1988781100.77,,-2.5,-2.3215324061176235,,-0.0985367358047232,0,0,0,0,0,0,0,0,0,1,1,1,1,validation
Risma,Divers,2022,sociaux,1918010145.65,49119972.31,,-99000000.0,,,,-122000000.0,-19000000.0,-124000000.0,2893000000.0,,,5,Risma,1.0,nom normalisé,3309452.32,vérifié_par_impôt_du_pdf,,,V26,divers,False,haute,21.78555986328607,-0.04286208088489457,0.6629831129104736,,-2.0154734488692956,-2.524431390502956,-0.027126658360655736,2022651.4,49399618.5,-183000000.0,-185000000.0,3344000000.0,1792813102.87,-0.005660897765839986,0.3333333333333333,0.32972972972972975,-0.13486842105263158,0.0698327352581149,0,0,0,0,0,0,0,1,1,1,1,1,1,validation
Risma,Divers,2024,sociaux,1953136803.26,,977000000.0,,,1827129000.0,,73046000.0,-23991000000.0,8.74,3731872000.0,,,7,Risma,1.0,nom normalisé,2509443.0,vérifié_par_impôt_du_pdf,,,V26,divers,False,haute,22.040175821647722,2.341988149647148e-09,0.523366504333482,0.26179890414247864,,,0.03435428360211373,2310526.23,,,,3444000000.0,,,,,0.08358652729384437,,1,1,0,0,0,0,0,1,0,1,1,0,1,test_final
S2M,"Matériels, logiciels et services informatiques",2024,sociaux,,308105627.93,,53649987.34,,18577840.15,,43957487.18,-1614516.49,33916967.18,219961244.35,,34202037.71,8,S2M,1.0,comparatif officiel du RFA 2025,10040520.0,vérifié_par_impôt_du_pdf,0.0,10040520.0,V26,materiels logiciels et services informatiques,False,haute,19.20896193129908,0.1541951959774863,,,0.17412855357575294,0.11008227083636965,0.22841433039348724,,,,,,,,,,,,0,0,0,0,0,0,1,1,1,0,1,0,1,test_final
S2M,Télécommunications et nouvelles technologies,2025,sociaux,134023110.29,366496287.39,168546.12,56508758.03,,20139757.13,,43543851.94,16852591.88,34141644.2,297032298.41,163009188.12,,10,S2M,1.0,contrôle publication annuelle 2025,9402207.74,vérifié_par_impôt_du_pdf,5.587935447692871e-09,9402207.739999995,V26,telecommunications et nouvelles technologies,False,haute,19.509351443076103,0.11494253110775705,0.4512071953367342,0.0005674336457759627,0.15418644055694702,0.09315686236043322,0.21592503467436697,10040520.0,308105627.93,43957487.18,33916967.18,219961244.35,,0.18951506940102383,-0.009409892751744916,0.006624325188264173,0.35038469748500506,,0,0,0,0,0,0,0,0,0,1,1,0,1,test_final
SALAFIN,Sociétés de financement,2007,sociaux,,,,,,27647000.0,,59137000.0,,84377000.0,,,,3,Salafin,1.0,nom normalisé,50739000.0,provisoire_un_seul_type_disponible,,,V26,societes de financement,False,provisoire,,,,,,,0.8579907672015827,,,,,,,,,,,,1,1,1,0,0,1,1,1,1,1,1,0,1,apprentissage
SALAFIN,Sociétés de financement,2008,sociaux,,,,,,26759000.0,,55057000.0,,101477000.0,,,,3,Salafin,1.0,nom normalisé,59137000.0,provisoire_un_seul_type_disponible,,,V26,societes de financement,False,provisoire,,,,,,,1.0741050184354397,50739000.0,,59137000.0,84377000.0,,,,-0.06899233982109339,0.2026618628299181,,,1,1,1,0,0,1,1,1,1,1,1,0,1,apprentissage
SALAFIN,Sociétés de financement,2013,sociaux,,,,,,,,58448.0,,95097.0,,,,2,Salafin,1.0,nom normalisé,55340000.0,provisoire_un_seul_type_disponible,,,V26,societes de financement,False,provisoire,,,,,,,946.8245277853819,,,,,,,,,,,,1,1,1,0,0,1,1,1,1,1,1,1,1,apprentissage
SALAFIN,Sociétés de financement,2017,sociaux,,,,,,,,54903000.0,,59.0,,,,2,Salafin,1.0,nom normalisé,79449000.0,provisoire_un_seul_type_disponible,,,V26,societes de financement,False,provisoire,,,,,,,1.447079394568603,82129000.0,,,400000.0,,,,,-0.9998525,,,1,1,1,0,0,1,1,1,1,1,1,1,1,apprentissage
SALAFIN,Sociétés de financement,2020,sociaux,1010812000.0,,,,,90200000.0,,-14057000.0,,130377000.0,,,,4,Salafin,1.0,nom normalisé,2310000.0,provisoire_un_seul_type_disponible,,,V26,societes de financement,False,provisoire,,,,,,,-0.16433093832254392,,,,,,,,,,,,1,1,1,0,0,1,0,1,1,1,1,0,1,validation
SALAFIN,Sociétés de financement,2021,sociaux,933245000.0,,,,,86100000.0,,136953000.0,,84728000.0,,,202000.0,5,Salafin,1.0,nom normalisé,52225000.0,provisoire_un_seul_type_disponible,,,V26,societes de financement,False,provisoire,,,,,,,0.38133520258774906,2310000.0,,-14057000.0,130377000.0,,1010812000.0,,10.742690474496692,-0.3501307745998144,,-0.07673731613791684,1,1,1,0,0,1,0,1,1,0,1,0,1,validation
SALAFIN,Sociétés de financement,2022,sociaux,,,,,,82177000.0,,58733000.0,,85750000.0,,,,3,Salafin,1.0,nom normalisé,53821000.0,provisoire_un_seul_type_disponible,,,V26,societes de financement,False,provisoire,,,,,,,0.9163672892581683,52225000.0,,136953000.0,84728000.0,,933245000.0,,-0.5711448453118954,0.012062128222075348,,,1,1,1,0,0,1,1,1,1,1,1,0,1,validation
SALAFIN,Sociétés de financement,2023,sociaux,,,,,,78436000.0,,62997000.0,,90577347.0,,,,3,Salafin,1.0,nom normalisé,58733000.0,provisoire_un_seul_type_disponible,,,V26,societes de financement,False,provisoire,,,,,,,0.9323142371858978,53821000.0,,58733000.0,85750000.0,,,,0.07259973098598743,0.056295591836734694,,,1,1,1,0,0,1,1,1,1,1,1,0,1,test_final
SCE,Chimie,2010,sociaux,249976654.83,,3051364.43,2395348.21,11858745.91,128611342.15,,19651418.47,12839628.45,14833718.29,,,,8,Société Cherifiènne d'Engrais,1.0,alias vérifié,4817700.18,provisoire_un_seul_type_disponible,,,V26,chimie,False,provisoire,,,,,,,0.24515788452394602,,,,,,,,,,,,1,0,0,0,0,1,0,1,0,1,0,0,1,apprentissage
SCE,Chimie,2012,sociaux,294981075.78,,31733270.86,22058199.35,32404717.4,239346695.3,,50385958.07,24672742.89,42214206.07,,,,8,Société Cherifiènne d'Engrais,1.0,alias vérifié,8171752.0,provisoire_un_seul_type_disponible,,,V26,chimie,False,provisoire,,,,,,,0.16218312230259035,9388749.0,1526336.59,,,,262013589.71,,,,,0.12582357314553339,1,0,0,0,0,1,0,1,0,1,0,0,1,apprentissage
SGTM S.A,Bâtiment et matériaux de construction,2024,sociaux,2648774000.0,10452484000.0,39286000.0,1129422000.0,1220667000.0,204772000.0,,1138414000.0,1053000.0,764092000.0,9881398000.0,7232624000.0,733766000.0,12,SGTM S.A,1.0,document officiel AMMC,374322000.0,vérifié_par_impôt_du_pdf,0.0,374322000.0,V26,batiment et materiaux de construction,False,haute,23.0139198367732,0.07732630544787286,0.2680566049459803,0.0039757532284399434,0.10805297573284972,0.07310147520914646,0.3288100813939393,,,,,,,,,,,,0,0,0,0,0,0,0,0,0,0,0,0,1,test_final
SGTM S.A,Bâtiment,2025,sociaux,,,,1918770912.02,,,,1830926577.75,-86135727.58,1175317264.72,,,,4,SGTM S.A,1.0,contrôle publication officielle 2025,655609313.03,vérifié_par_impôt_du_pdf,0.0,655609313.03,V26,batiment,False,haute,,,,,,,0.35807515221919445,374322000.0,10452484000.0,1138414000.0,764092000.0,9881398000.0,2648774000.0,,0.6083134762485353,0.5381881562953152,,,1,0,0,0,0,1,1,1,1,1,1,1,1,test_final
SMI,Mines,2020,consolides,1284800000.0,855900000.0,,,,,,106000000.0,,97400000.0,,,,4,SMI,1.0,nom normalisé,8636552.0,vérifié_par_rcai_moins_resultat_net,0.004232244534624466,8600000.0,V26,mines,False,haute,,,,,,0.11379834092767847,0.08147690566037735,,,,,,,,,,,,0,1,1,0,0,1,0,1,1,1,1,1,1,validation
SMI,Mines,2011,sociaux,164509000.0,,,,,906040210.07,,421437046.99,,,,,,3,SMI,1.0,nom normalisé,70947812.0,provisoire_un_seul_type_disponible,,,V26,mines,False,provisoire,,,,,,,0.16834735462087524,,,,,,,,,,,,1,1,1,0,1,1,0,1,1,1,1,0,1,apprentissage
SMI,Mines,2012,sociaux,1311997367.22,,,,,1362317237.25,,568293110.71,,,,,,3,SMI,1.0,nom normalisé,96967369.0,provisoire_un_seul_type_disponible,,,V26,mines,False,provisoire,,,,,,,0.1706291474813997,70947812.0,,421437046.99,,,164509000.0,,0.3484650074521917,,,6.975231550978974,1,1,1,0,1,1,0,1,1,1,1,0,1,apprentissage
SMI,Mines,2013,sociaux,164509000.0,,,474755512.19,653090123.14,1362317237.25,,605609554.48,50628004.28,509429371.48,,,,7,SMI,1.0,nom normalisé,96180183.0,provisoire_un_seul_type_disponible,,,V26,mines,False,provisoire,,,,,,,0.1588154980193205,96967369.0,,568293110.71,,,1311997367.22,,0.06566407909358338,,,-0.874611791067402,1,0,0,0,0,1,0,1,1,1,0,0,1,apprentissage
SMI,Mines,2014,sociaux,1589833974.85,,,248800794.25,451380827.37,1601085513.1,,303399789.15,56510943.3,245483336.15,,,,7,SMI,1.0,nom normalisé,57916453.0,provisoire_un_seul_type_disponible,,,V26,mines,False,provisoire,,,,,,,0.19089154004443382,96180183.0,,605609554.48,509429371.48,,164509000.0,,-0.49901749913686405,-0.5181209606410816,,8.66411548821037,1,0,0,0,0,1,0,1,1,1,0,0,1,apprentissage
SMI,Mines,2015,sociaux,,,,287923146.34,481875958.71,1601085513.1,,288593861.2,6630463.1,234138244.2,,,,6,SMI,1.0,nom normalisé,54455617.0,provisoire_un_seul_type_disponible,,,V26,mines,False,provisoire,,,,,,,0.1886929152739719,57916453.0,,303399789.15,245483336.15,,1589833974.85,,-0.048800060116983075,-0.046215324135352794,,,1,0,0,0,0,1,1,1,1,1,0,0,1,apprentissage
SMI,Mines,2016,sociaux,,,,334643645.94,541531380.99,1783331198.95,,359463072.7,25177660.84,292937272.7,,,,6,SMI,1.0,nom normalisé,66525800.0,provisoire_un_seul_type_disponible,,,V26,mines,False,provisoire,,,,,,,0.18506991413696888,54455617.0,,288593861.2,234138244.2,,,,0.2455672868623028,0.25112953546270766,,,1,0,0,0,0,1,1,1,1,1,0,0,1,apprentissage
SMI,Mines,2021,sociaux,1136000000.0,80270000.0,94800000.0,-79000000.0,,,,-63000000.0,10700000.0,55.4,,,,7,SMI,1.0,nom normalisé,3580360.0,vérifié_par_impôt_du_pdf,,,V26,mines,False,haute,,,,,-0.9841783979070636,6.901706739753332e-07,-0.05683111111111111,,,,,,,,,,,,0,0,0,0,0,1,0,1,0,1,1,1,1,validation
SMI,Mines,2023,sociaux,1339600000.0,798000000.0,-14400000.0,,,,,219500000.0,-3100000.0,,,,,5,SMI,1.0,nom normalisé,51024393.0,provisoire_un_seul_type_disponible,,,V26,mines,False,provisoire,,,,,,,0.23245737129840546,3333204.0,,,59.2,,1284673751.44,,,,,0.042755017371867925,0,1,0,0,1,1,0,1,0,1,1,1,1,test_final
SMI,Mines,2024,sociaux,1394700000.0,1053000000.0,,,,,,264100000.0,15100000.0,,,,,4,SMI,1.0,nom normalisé,77338199.0,provisoire_un_seul_type_disponible,,,V26,mines,False,provisoire,,,,,,,0.2928368004543733,51024393.0,798000000.0,219500000.0,,,1339600000.0,0.31954887218045114,0.20318906605922551,,,0.04113168109883547,0,1,0,0,1,1,0,1,1,1,1,1,1,test_final
SMI,Mines,2025,sociaux,1660200000.0,1558159716.75,,,,,,588164741.01,-14000000.0,397100000.0,,,,5,SMI,1.0,nom normalisé,191056147.0,provisoire_un_seul_type_disponible,,,V26,mines,False,provisoire,,,,,,0.2548519229006053,0.32483441063113927,77338199.0,1053000000.0,264100000.0,,,1394700000.0,0.47973382407407406,1.2270531655054904,,,0.1903635190363519,0,1,0,0,0,1,0,1,1,1,1,1,1,test_final
SNEP,Chimie,2017,sociaux,,,,,,,,131840038.9,,98526876.16,,,,2,SNEP,1.0,nom normalisé,33107753.0,provisoire_un_seul_type_disponible,,,V26,chimie,False,provisoire,,,,,,,0.2511206252382257,,,,,,,,,,,,1,1,1,0,0,1,1,1,1,1,1,1,1,apprentissage
SNEP,Chimie,2018,sociaux,618433373.8,,77749693.18,,,1194164786.75,,88964701.55,,70044420.55,,,,5,SNEP,1.0,nom normalisé,32168026.0,vérifié_par_impôt_du_pdf,,,V26,chimie,False,haute,,,,,,,0.36158190203022156,33107753.0,,131840038.9,98526876.16,,,,-0.32520725651879345,-0.2890831082855677,,,1,1,1,0,0,1,0,1,0,1,1,0,1,apprentissage
SNEP,Chimie,2021,sociaux,858232959.71,,171720875.92,8453.0,,1457101360.57,845000.0,202255177.48,,-2.0,,,,7,SNEP,1.0,nom normalisé,67747018.0,vérifié_par_impôt_du_pdf,,,V26,chimie,False,haute,,,,,,,0.3349581397326611,46627086.0,351500000.0,,-2.0,,759990611.93,,,0.0,,0.1292678438889043,1,0,1,0,0,1,0,1,0,1,1,0,0,validation
SNEP,Chimie,2022,sociaux,897313231.34,,,9534.0,,,,146687.0,,,,,,3,SNEP,1.0,nom normalisé,54076792.0,vérifié_par_impôt_du_pdf,,,V26,chimie,False,haute,,,,,,,368.65429110964163,67747018.0,,202255177.48,-2.0,,858232959.71,,-0.9992747429172016,,,0.04553573850531837,1,0,1,0,1,1,0,1,1,1,1,1,1,validation
SNEP,Chimie,2025,sociaux,737217903.04,,,-51926000.0,,2080893000.0,13268000.0,-188780000.0,-26888000.0,-74627000.0,,,,7,SNEP,1.0,nom normalisé,1890698.0,vérifié_par_impôt_du_pdf,,,V26,chimie,False,haute,,,,,,,-0.010015351202457888,1625423.0,9931000.0,,,,897313231.34,,,,,-0.17841632409779826,1,0,0,0,0,1,0,1,1,1,1,0,0,test_final
SODEP-Marsa Maroc,Divers,2023,consolides,2983274000.0,4320173000.0,2031912000.0,,,3088412000.0,-49829000.0,1327515000.0,-37170000.0,,,,2023626000.0,8,SODEP-Marsa Maroc,1.0,nom normalisé,297090781.0,provisoire_un_seul_type_disponible,,,V26,divers,False,provisoire,,,,,,,0.22379466974007828,279988262.0,,,,,2685460000.0,,,,,0.11089869147185212,0,1,0,0,1,1,0,1,0,0,1,0,0,test_final
SRM,Distributeurs,2025,sociaux,177784941.01,393652383.84,5164695.09,20910860.78,24114531.4,,,15732947.42,-3224277.72,12066216.42,411765840.29,233980899.28,,10,Société de Réalisation Mécanique (SRM SA),1.0,contrôle rapport annuel 2025,3666731.0,vérifié_par_impôt_du_pdf,0.0,3666731.0,V26,distributeurs,False,haute,19.83596539936028,0.0293035877174803,0.4317622386664929,0.01254279637757855,0.05312011723647842,0.030651958213224778,0.23306065304322995,,,,,,,,,,,,0,0,0,0,0,0,0,0,0,1,0,1,1,test_final
STOKVIS,Distributeurs,2008,sociaux,91951500.0,1015924782.95,8741000.0,54871257.44,,4717306.33,,58794863.93,4038631.29,45695054.93,,,,8,STOKVIS,1.0,nom normalisé,13099809.0,provisoire_un_seul_type_disponible,,,V26,distributeurs,False,provisoire,,,,,0.054011141731051315,0.04497877765843314,0.22280532897561212,,,,,,,,,,,,0,0,0,0,0,1,0,1,0,1,1,0,1,apprentissage
STOKVIS,Distributeurs,2009,sociaux,271002836.27,1015924782.95,3737000.0,61462324.4,,11874381.77,,62018093.04,995584.59,51030167.04,,,,8,STOKVIS,1.0,nom normalisé,10987926.0,provisoire_un_seul_type_disponible,,,V26,distributeurs,False,provisoire,,,,,0.060498892665585204,0.05023026103548801,0.17717290973318195,13099809.0,1015924782.95,58794863.93,45695054.93,,91951500.0,0.0,0.054821610163729814,0.11675469300065025,,1.9472367092434597,0,0,0,0,0,1,0,1,0,1,1,0,1,apprentissage
STOKVIS,Distributeurs,2010,sociaux,264087402.6,734923866.29,,30571124.97,,13799113.64,,29527660.34,-1095307.72,25267591.34,,,,7,STOKVIS,1.0,nom normalisé,4260069.0,provisoire_un_seul_type_disponible,,,V26,distributeurs,False,provisoire,,,,,0.04159767612981108,0.03438123661373849,0.14427384191456058,10987926.0,1015924782.95,62018093.04,51030167.04,,271002836.27,-0.27659618248906315,-0.523886354890734,-0.5048499190646584,,-0.025517938355117967,0,0,0,0,0,1,0,1,1,1,1,0,1,apprentissage
STOKVIS,Distributeurs,2022,sociaux,,,,,,2815568.7,,-164343.5,,,,,,2,STOKVIS,1.0,nom normalisé,287432.0,vérifié_par_impôt_du_pdf,,,V26,distributeurs,False,haute,,,,,,,-1.7489709054510827,,,,,,,,,,,,1,1,1,0,1,1,1,1,1,1,1,0,1,validation
STROC INDUSTRIE,Ingénieries et biens d'équipement industriels,2024,sociaux,-341368455.65,117669378.45,145872104.39,-13952952.65,-7814346.72,250074848.83,,-12225732.63,-1163518.7,-12577347.63,400557494.03,741925949.68,9663743.95,12,STROC INDUSTRIE,1.0,comparatif officiel du RFA 2025,351615.0,vérifié_par_impôt_du_pdf,0.0,351615.0,V26,ingenieries et biens d equipement industriels,False,haute,19.808367872296547,-0.031399606342299546,-0.8522333516107753,0.36417270070866486,-0.11857760135895407,-0.10688717655922997,-0.028760239622547673,,,,,,,,,,,,0,0,0,0,0,0,0,0,0,0,0,0,1,test_final
STROC INDUSTRIE,Ingénieries et biens d'équipement industriels,2025,sociaux,-340892435.83,173880539.7,145746142.74,16152030.57,23510127.36,243194859.14,,1369063.82,-515127.77,476019.82,387072949.74,727965385.57,3511510.4,12,STROC INDUSTRIE,1.0,contrôle publication officielle 2025,893044.0,vérifié_par_impôt_du_pdf,0.0,893044.0,V26,ingenieries et biens d equipement industriels,False,haute,19.774123736433694,0.0012297935578286891,-0.8806929961367235,0.3765340430993663,0.09289153690152711,0.0027376256182623294,0.652302680820241,351615.0,117669378.45,-12225732.63,-12577347.63,400557494.03,-341368455.65,0.47770424209290097,1.1119821495720048,1.0378473931073178,-0.03366444141222341,0.0013944458315388372,0,0,0,0,0,0,0,0,0,0,0,0,1,test_final
Samir,Pétrole et Gaz,2007,consolides,5889630000.0,31364098000.0,4165163000.0,74000.0,,8431617000.0,53733000.0,105250000.0,68768000.0,-1356554000.0,20159315000.0,,8169000.0,10,Samir,1.0,nom normalisé,172042772.5,provisoire_un_seul_type_disponible,,,V26,petrole et gaz,False,provisoire,23.72693230144731,-0.06729167136879403,0.29215427210696393,0.20661232784943337,2.359385562435113e-06,-0.04325180976031895,1.6346106650831354,,,,,,,,,,,,0,0,0,0,0,0,0,1,0,0,1,0,0,apprentissage
Samir,Pétrole et Gaz,2009,consolides,4056627000.0,26951183000.0,5216756000.0,,,14254607000.0,237993000.0,302607000.0,328207000.0,145899000.0,26486115000.0,,616930000.0,9,Samir,1.0,nom normalisé,68008592.0,provisoire_un_seul_type_disponible,,,V26,petrole et gaz,False,provisoire,23.999886470395996,0.00550850889230074,0.15316051448088933,0.19696191759342585,,0.005413454392706992,0.22474229611344088,105250083.0,41537023000.0,,-1356554000.0,21690975000.0,,-0.3511527535326737,,1.1075511922120314,0.22106613464816588,,0,1,0,0,0,0,0,1,0,0,1,0,0,apprentissage
Samir,Pétrole et Gaz,2010,consolides,4783666000.0,37030147000.0,4518670000.0,,,14706202000.0,1287437000.0,846929000.0,563700000.0,727055000.0,31135490000.0,,,8,Samir,1.0,nom normalisé,93420639.0,provisoire_un_seul_type_disponible,,,V26,petrole et gaz,False,provisoire,24.161614163094633,0.02335132673357638,0.1536402992212424,0.14512923997663116,,0.019634137558244096,0.1103051601728126,68008592.0,26951183000.0,302607000.0,145899000.0,26486115000.0,4056627000.0,0.3739711165925444,1.7987753092294627,3.9832761019609455,0.17554008959033818,0.17922254128861242,0,1,0,0,0,0,0,1,0,1,1,0,0,apprentissage
Samir,Pétrole et Gaz,2012,consolides,,55038000000.0,8622000000.0,,,16970000000.0,,319000000.0,719000000.0,,,,9808000000.0,6,Samir,1.0,nom normalisé,137783957.0,provisoire_un_seul_type_disponible,,,V26,petrole et gaz,False,provisoire,,,,,,,0.43192463009404386,124882740.0,49857591000.0,,,35750281000.0,,0.1039041176297507,,,,,0,1,0,0,1,1,1,1,0,0,1,0,1,apprentissage
Samir,Pétrole et Gaz,2013,sociaux,,,,,,,,444914583.51,,320151426.51,,,,2,Samir,1.0,nom normalisé,124763157.0,vérifié_par_rcai_moins_resultat_net,0.0,124763157.0,V26,petrole et gaz,False,haute,,,,,,,0.28042047085920213,,,,,,,,,,,,1,1,1,0,0,1,1,1,1,1,1,1,1,apprentissage
Sonasid,Mines,2024,sociaux,1430165800.95,5374880003.12,0.0,220531377.72,,700342052.84,,224595740.87,14858551.65,150864565.87,4233078998.19,2802913197.24,179635163.4,11,Sonasid,1.0,comparatif officiel du RFA 2025,73731175.0,vérifié_par_impôt_du_pdf,0.0,73731175.0,V26,mines,False,haute,22.16619546100654,0.03563944021231529,0.33785473920083164,0.0,0.04103000952430312,0.02806845283660778,0.3282839412465836,,,,,,,,,,,,0,0,0,0,0,0,0,0,0,0,1,0,1,test_final
Sonasid,Industrie métallurgique,2025,sociaux,1538567005.26,6224203545.87,0.0,396382127.83,546000000.0,867182532.44,,417099109.66,-1966077.66,260501204.31,4408281533.1,2869714527.84,479810144.98,12,Sonasid,1.0,contrôle rapport annuel 2025,156597905.35,vérifié_par_impôt_du_pdf,-2.980232238769531e-08,156597905.35,V26,industrie metallurgique,False,haute,22.206750775654953,0.05909359516945594,0.34901741045972756,0.0,0.0636839918406934,0.04185293787232467,0.3754453119730977,73731175.0,5374880003.12,224595740.87,150864565.87,4233078998.19,1430165800.95,0.15801721010645564,0.8571105046084752,0.7267222611734679,0.04138891218068792,0.07579624980403915,0,0,0,0,0,0,0,0,0,0,0,0,1,test_final
TAQA MOROCCO,Electricité,2024,sociaux,6478163115.43,6068100870.29,3048926525.46,801156035.23,1078500549.25,313459881.72,,1304778197.55,551231936.14,1060492555.55,11705677010.97,5227513895.54,17186219.11,12,TAQA MOROCCO,1.0,comparatif officiel du RFA 2025,244285642.0,vérifié_par_impôt_du_pdf,0.0,244285642.0,V26,electricite,False,haute,23.183339775769824,0.09059643065122651,0.5534206273895116,0.2604656289937517,0.13202747488139763,0.17476514946253985,0.1872238840737058,,,,,,,,,,,,0,0,0,0,0,0,0,0,0,0,0,0,1,test_final
TAQA MOROCCO,Electricité,2025,sociaux,,,,,,,,1183967232.07,,951449157.07,,,,2,TAQA MOROCCO,1.0,contrôle publication annuelle 2025,232518075.0,vérifié_par_impôt_du_pdf,1.192092895507812e-07,232518074.9999999,V26,electricite,False,haute,,,,,,,0.19638894447566332,244285642.0,6068100870.29,1304778197.55,1060492555.55,11705677010.97,6478163115.43,,-0.09259118960360346,-0.10282335119594221,,,1,1,1,0,0,1,1,1,1,1,1,1,1,test_final
TGCC S.A,Bâtiment et matériaux de construction,2024,sociaux,1449888650.47,6608281599.17,494448363.79,678892131.35,853590157.79,170466009.52,,583259218.64,-23501776.27,420690302.64,6658560361.81,5208671711.34,474341559.55,12,TGCC S.A,1.0,document officiel AMMC,162568916.0,vérifié_par_impôt_du_pdf,0.0,162568916.0,V26,batiment et materiaux de construction,False,haute,22.619169136392152,0.06318036929617073,0.21774806740294775,0.07425754771645471,0.10273353536194173,0.06366107380969338,0.27872498334285395,,,,,,,,,,,,0,0,0,0,0,0,0,0,0,0,0,0,1,test_final
TGCC S.A,Bâtiment,2025,sociaux,,,,1196414660.3,,,,1169326837.91,5070756.42,717627459.91,,,,4,TGCC S.A,1.0,contrôle publication officielle 2025,451699378.0,vérifié_par_impôt_du_pdf,-1.192092895507812e-07,451699378.0000001,V26,batiment,False,haute,,,,,,,0.38629009730705083,162568916.0,6608281599.17,583259218.64,420690302.64,6658560361.81,1449888650.47,,1.0048150128454867,0.7058331399763687,,,1,0,0,0,0,1,1,1,1,1,1,1,1,test_final
TIMAR,Divers,2017,consolides,,,39310928.0,17925111.0,,,13644761.0,11437382.0,-6122659.0,6169990.0,,,27191097.0,7,TIMAR,1.0,nom normalisé,1585824.0,provisoire_un_seul_type_disponible,,,V26,divers,False,provisoire,,,,,,,0.13865270916019068,,,,,,,,,,,,1,0,0,0,0,1,1,1,0,0,1,1,0,apprentissage
TIMAR,Divers,2018,consolides,,,38472156.0,19239489.0,,,13644761.0,12948522.0,-5882032.0,7825314.0,,,26833511.0,7,TIMAR,1.0,nom normalisé,1769169.0,provisoire_un_seul_type_disponible,,,V26,divers,False,provisoire,,,,,,,0.1366309606609928,1585824.0,,11437382.0,6169990.0,,,,0.13212289315859171,0.268286334337657,,,1,0,0,0,0,1,1,1,0,0,1,1,0,apprentissage
TOTAL MAROC,Distributeurs,2024,sociaux,2595923623.32,18348026022.08,697106199.43,1332671876.68,1649117943.79,2214812884.4,,1310807233.5,34500952.39,844618182.5,7823328116.2,5227404492.88,1402976634.4,12,TOTAL MAROC,1.0,comparatif officiel du RFA 2025,466189051.0,vérifié_par_impôt_du_pdf,0.0,466189051.0,V26,distributeurs,False,haute,22.780375891400492,0.10796149285251425,0.33181832396170924,0.08910609258308894,0.07263298379216727,0.04603319079031101,0.3556503497125384,,,,,,,,,,,,0,0,0,0,0,0,0,0,0,0,0,0,1,test_final
TOTAL MAROC,Distributeurs,2025,sociaux,1785691157.18,17261259311.02,697186278.48,1264630812.55,1588995195.23,2239726140.0,,1247440185.86,25873843.47,802567533.86,7254948012.95,5469256855.77,998218604.56,12,TOTAL MAROC,1.0,contrôle publication officielle 2025,444872652.0,vérifié_par_impôt_du_pdf,1.192092895507812e-07,444872651.9999999,V26,distributeurs,False,haute,22.704949557708993,0.1106234713780755,0.24613424575786919,0.09609803919139467,0.07326411067485844,0.04649530601441239,0.3566284436261764,466189051.0,18348026022.08,1310807233.5,844618182.5,7823328116.2,2595923623.32,-0.05923071559590046,-0.04834200332477804,-0.049786577546239344,-0.07265195768448447,-0.3121172205766866,0,0,0,0,0,0,0,0,0,0,0,0,1,test_final
Unimer,Agroalimentaire,2018,consolides,,549000000.0,,56964000.0,81200000.0,,,54180000.0,27991000.0,75985000.0,,,,6,Unimer,1.0,nom normalisé,7751040.93,provisoire_un_seul_type_disponible,,,V26,agroalimentaire,False,provisoire,,,,,0.10375956284153005,0.13840619307832422,0.14306092524916944,,,,,,,,,,,,0,0,0,0,0,1,1,1,1,1,0,1,1,apprentissage
Vicenne,Santé,2024,sociaux,238848114.82,24957175.17,51612502.29,-1439719.02,528536.01,1765484.56,,51352145.71,52864855.98,51183774.71,387588897.28,148740782.46,1549944.78,12,Vicenne,1.0,comparatif officiel du RFA 2025,168371.0,vérifié_par_impôt_du_pdf,0.0,168371.0,V26,sante,False,haute,19.775455795362227,0.13205686506810355,0.6162408585389704,0.13316300506078316,-0.05768757923094707,2.0508641046654157,0.0032787529648875503,,,,,,,,,,,,0,0,0,0,0,0,0,0,0,0,0,0,1,test_final
Vicenne,Santé,2025,sociaux,,33328615.7,,-10681642.55,,,,98385952.95,109409954.08,98020120.95,,,,5,Vicenne,1.0,contrôle publication officielle 2025,365832.0,vérifié_par_impôt_du_pdf,0.0,365832.0,V26,sante,False,haute,,,,,-0.32049463578530807,2.9410198681009128,0.003718335687472751,168371.0,24957175.17,51352145.71,51183774.71,387588897.28,238848114.82,0.3354322143021604,0.9159073411579164,0.9150623709440753,,,0,0,0,0,0,1,1,1,1,1,1,1,1,test_final
Zellidja,Sociétés de portefeuilles holdings,2019,consolides,67324000000.0,1012000.0,91779.0,,,32992000000.0,,-43326.0,,,,,16133.0,6,Zellidja,1.0,nom normalisé,19145.0,provisoire_un_seul_type_disponible,,,V26,societes de portefeuilles holdings,False,provisoire,,,,,,,-0.4418824724184093,,,,,,,,,,,,0,1,1,0,1,1,0,1,0,0,1,0,1,apprentissage
Zellidja,Sociétés de portefeuilles holdings,2020,consolides,,,69785.0,-2932.0,-1700000.0,,,-25100.0,1100.0,-19839.0,75182000.0,,8330.0,8,Zellidja,1.0,nom normalisé,10789.0,provisoire_un_seul_type_disponible,,,V26,societes de portefeuilles holdings,False,provisoire,18.135422411867413,-0.00026387965204437234,,0.0009282142002074964,,,-0.4298406374501992,19145.0,1012000.0,-43326.0,,,67324000000.0,,0.4206711905091631,,,,1,0,0,0,0,0,1,1,0,0,0,1,1,validation
Zellidja,Sociétés de portefeuilles holdings,2025,consolides,,,,-1309000.0,,32563000.0,,33990000.0,1167000.0,23775000.0,,,,5,Zellidja,1.0,nom normalisé,6170000.0,provisoire_un_seul_type_disponible,,,V26,societes de portefeuilles holdings,False,provisoire,,,,,,,0.1815239776404825,5410000.0,6793000.0,,13247000.0,,56572000.0,,,0.794745980221937,,,1,0,0,0,0,1,1,1,1,1,1,0,1,test_final
