societe,secteur,annee,type_comptes_resolu,capitaux_propres,chiffre_affaires,dettes_financieres,ebit,ebitda,immobilisations_corporelles,impot_differe,resultat_avant_impot,resultat_financier,resultat_net,total_actif,total_dettes,tresorerie_equivalents,nombre_variables_prevalidees,societe_is,score_correspondance_nom,methode_correspondance_nom,is_mad,statut_perimetre_is,ecart_identite_fiscale,is_implicite_mad
AFMA,Assurances et courtage,2024,sociaux,78989000.0,239503000.0,15495000.0,87248000.0,,20159000.0,,87124000.0,6450000.0,65102000.0,866269000.0,787280000.0,5644000.0,11,AFMA,1.0,comparatif officiel du RFA 2025,22022000.0,vérifié_par_impôt_du_pdf,0.0,22022000.0
AFMA,Assurances et courtage,2025,sociaux,,,,,,,,83022000.0,,64430000.0,,,,2,AFMA,1.0,contrôle publication annuelle 2025,18592000.0,vérifié_par_impôt_du_pdf,0.0,18592000.0
AFRIC INDUSTRIES SA,Industrie,2024,sociaux,,43110000.0,,9586000.0,,,,12095000.0,5052000.0,9917000.0,,,,5,AFRIC INDUSTRIES SA,1.0,comparatif officiel du RFA 2025,2178000.0,vérifié_par_impôt_du_pdf,0.0,2178000.0
AFRIC INDUSTRIES SA,Industrie,2025,sociaux,,43952000.0,,11151000.0,,,,9908000.0,-210000.0,7530000.0,,,,5,AFRIC INDUSTRIES SA,1.0,contrôle RFA/publication 2025,2378000.0,vérifié_par_impôt_du_pdf,0.0,2378000.0
AGMA,Sociétés d'assurances,2019,sociaux,89800000.0,125100000.0,,60800000.0,,,,65900000.00000001,2800000.0,45800000.0,,,,6,AGMA-LAHLOU-TAZI,1.0,alias vérifié,21932547.0,vérifié_par_impôt_du_pdf,,
AGMA,Sociétés d'assurances,2020,sociaux,,141400000.0,,77500000.0,69600000.0,,,,,50200000.0,,,,4,AGMA-LAHLOU-TAZI,1.0,alias vérifié,22943453.43,vérifié_par_impôt_du_pdf,,
AGMA,Sociétés d'assurances,2021,sociaux,104800000.0,130600000.0,,70300000.0,,,,76229757.16,,52200000.0,,,,5,AGMA-LAHLOU-TAZI,1.0,alias vérifié,24081852.93,vérifié_par_rcai_moins_resultat_net,0.002163279136013031,24029757.16
AGMA,Sociétés d'assurances,2022,sociaux,128700000.0,160800000.0,,88600000.0,,,,91400000.0,6920000.0,,,,,5,AGMA-LAHLOU-TAZI,1.0,alias vérifié,26260725.75,provisoire_un_seul_type_disponible,,
AGMA,Sociétés d'assurances,2023,sociaux,115300000.0,152000000.0,,82000000.0,,,,81600000.0,3200000.0,55300000.0,,,,6,AGMA-LAHLOU-TAZI,1.0,alias vérifié,26955938.64,provisoire_un_seul_type_disponible,,
AGMA,Sociétés d'assurances,2024,sociaux,128700000.0,160800000.0,,88600000.0,,,,,6900000.0,64400000.00000001,,,,5,AGMA-LAHLOU-TAZI,1.0,alias vérifié,25200000.0,provisoire_un_seul_type_disponible,,
AGMA,Sociétés d'assurances,2025,sociaux,142600000.0,172200000.0,,91600000.0,95400000.0,,,94100000.0,7400000.0,68900000.0,,,,7,AGMA-LAHLOU-TAZI,1.0,alias vérifié,22700000.0,provisoire_un_seul_type_disponible,,
AKDITAL,Santé,2024,sociaux,2298712215.0,119755123.0,90489321.0,-1875703.0,,16339879.0,,209141951.0,188567764.0,205624402.0,3040436931.0,741724716.0,306278377.0,11,AKDITAL,1.0,comparatif officiel du RFA 2025,3517549.0,vérifié_par_impôt_du_pdf,0.0,3517549.0
AKDITAL,Santé,2025,sociaux,,,,,,,,370702249.0,,365024673.0,,,,2,AKDITAL,1.0,contrôle publication annuelle 2025,5677576.0,vérifié_par_impôt_du_pdf,0.0,5677576.0
ALLIANCES,Immobilier,2009,consolides,2492073000.0,,,,,200000000.0,81834000.0,,-92549000.0,,,,,4,ALLIANCES Développement Immobilier (ADI),1.0,alias vérifié,10942247.0,provisoire_un_seul_type_disponible,,
ALLIANCES,Immobilier,2011,consolides,,,,,,7474000.0,11376000.0,,-127324000.0,,7590356000.0,,,4,ALLIANCES Développement Immobilier (ADI),1.0,alias vérifié,7832504.0,provisoire_un_seul_type_disponible,,
ALLIANCES,Immobilier,2012,sociaux,,,,,,,,407048522.77,,387446152.38,,,,2,ALLIANCES Développement Immobilier (ADI),1.0,alias vérifié,19602370.39,vérifié_par_rcai_moins_resultat_net,7.60171392407184e-16,19602370.38999999
ALLIANCES,Immobilier,2013,sociaux,,,,,,,,,,282573801.85,,,,1,ALLIANCES Développement Immobilier (ADI),1.0,alias vérifié,4393941.0,vérifié_par_impôt_du_pdf,,
ALLIANCES,Immobilier,2014,sociaux,,,,,,,,,,294966212.71,,,,1,ALLIANCES Développement Immobilier (ADI),1.0,alias vérifié,2507598.0,vérifié_par_impôt_du_pdf,,
ALLIANCES,Immobilier,2018,consolides,2661876000.0,1564403000.0,,61583000.0,,23272000.0,,,,,7783991000.0,,75022000.0,6,ALLIANCES Développement Immobilier (ADI),1.0,alias vérifié,992379.0,provisoire_un_seul_type_disponible,,
ALLIANCES,Immobilier,2019,sociaux,1912254989.32,3279000000.0,,,,,,-3194483.19,,-0.77,13486707000.0,,,4,ALLIANCES Développement Immobilier (ADI),1.0,alias vérifié,1550984.0,vérifié_par_impôt_du_pdf,,
ALLIANCES,Immobilier,2020,sociaux,2134910020.39,91046000.0,,,,,,,,,,,,2,ALLIANCES Développement Immobilier (ADI),1.0,alias vérifié,986255.0,vérifié_par_impôt_du_pdf,,
ALLIANCES,Immobilier,2024,consolides,3746000.0,1414000000.0,5200.0,,,,,,,,,,,3,ALLIANCES Développement Immobilier (ADI),1.0,alias vérifié,44149000.0,vérifié_par_impôt_du_pdf,,
ALLIANCES,Immobilier,2025,consolides,3746000.0,1604000.0,5200.0,13241.0,,,,,,,,,,4,ALLIANCES Développement Immobilier (ADI),1.0,alias vérifié,69486000.0,vérifié_par_impôt_du_pdf,,
ARADEI Capital,Sociétés de placement immobilier,2024,sociaux,2681443537.26,199977503.15,1639061901.14,20722458.59,,681019027.54,,143814333.19,134213170.33,138041971.19,5063012758.0,2381569220.74,17540413.66,11,ARADEI Capital,1.0,comparatif officiel du RFA 2025,5772362.0,vérifié_par_impôt_du_pdf,0.0,5772362.0
ARADEI Capital,Sociétés immobilières,2025,sociaux,,,,,,,,89076420.2,,75589798.57,,,,2,ARADEI Capital,1.0,contrôle publication annuelle 2025,13486621.63,vérifié_par_impôt_du_pdf,-9.313225746154785e-09,13486621.63000001
Addoha,Immobilier,2007,sociaux,,,,,,,,,,50000000.0,,,,1,Douja PRO ADDOHA,1.0,alias vérifié,84842007.0,provisoire_un_seul_type_disponible,,
Addoha,Immobilier,2008,sociaux,2835000000.0,,3000000000.0,,,20021361.41,,,,451252610.89,,,,4,Douja PRO ADDOHA,1.0,alias vérifié,5859225.0,provisoire_un_seul_type_disponible,,
Addoha,Immobilier,2009,sociaux,2835000000.0,,2949559462.63,792050570.84,,96732644.1,,,,790831409.66,,,,5,Douja PRO ADDOHA,1.0,alias vérifié,113494931.0,provisoire_un_seul_type_disponible,,
Addoha,Immobilier,2010,sociaux,3150000000.0,,3131585966.0,,,39459349.64,,,,195234236.75,,,,4,Douja PRO ADDOHA,1.0,alias vérifié,172766826.0,vérifié_par_impôt_du_pdf,,
Addoha,Immobilier,2011,sociaux,3150000000.0,,3083333333.34,,,140352242.4,,,,,,,,3,Douja PRO ADDOHA,1.0,alias vérifié,119085315.0,vérifié_par_impôt_du_pdf,,
Addoha,Immobilier,2012,sociaux,3150000000.0,,2925000000.02,,,60119180.4,,,,,,,,3,Douja PRO ADDOHA,1.0,alias vérifié,131474359.0,vérifié_par_impôt_du_pdf,,
Addoha,Immobilier,2013,sociaux,3225571180.0,,3358419877.75,,,155987620.41,,,,907183667.28,,,,4,Douja PRO ADDOHA,1.0,alias vérifié,82337447.0,vérifié_par_impôt_du_pdf,,
Addoha,Immobilier,2014,sociaux,3225571180.0,,3987132512.84,376384947.4,,188082588.17,,,,761861408.95,,,,5,Douja PRO ADDOHA,1.0,alias vérifié,51090784.0,vérifié_par_impôt_du_pdf,,
Addoha,Immobilier,2016,sociaux,,,,,,152582806.19,,,,500000000.0,,,,2,Douja PRO ADDOHA,1.0,alias vérifié,170797519.0,vérifié_par_impôt_du_pdf,,
Addoha,Immobilier,2017,sociaux,,,,,,719731420.96,,722931609.82,,3559158431.51,,,,3,Douja PRO ADDOHA,1.0,alias vérifié,134770811.0,vérifié_par_impôt_du_pdf,,
Addoha,Immobilier,2018,consolides,11146854611.0,4062318164.0,4467133453.0,632326697.0,,15111000.0,4979530024.0,649058714.0,51412789.0,763909244.0,27248454111.0,,,9,Douja PRO ADDOHA,1.0,alias vérifié,84079684.0,provisoire_un_seul_type_disponible,,
Addoha,Immobilier,2019,consolides,,3479784961.0,,,,8694000.0,-82049291.0,,18376000.0,,25100622170.0,,,5,Douja PRO ADDOHA,1.0,alias vérifié,41986239.0,provisoire_un_seul_type_disponible,,
Addoha,Immobilier,2020,sociaux,10955928287.21,,,,,,,,,,,,,1,Douja PRO ADDOHA,1.0,alias vérifié,5607176.0,vérifié_par_impôt_du_pdf,,
Addoha,Immobilier,2021,sociaux,10881502174.56,,2615793030.16,-161000000.0,,,,,,,,,,3,Douja PRO ADDOHA,1.0,alias vérifié,2579768.0,vérifié_par_impôt_du_pdf,,
Addoha,Immobilier,2023,sociaux,4025512540.0,,2166521089.43,,,848859107.51,,,,,,,,3,Douja PRO ADDOHA,1.0,alias vérifié,2168106.0,vérifié_par_impôt_du_pdf,,
Addoha,Immobilier,2024,sociaux,4025512540.0,,1807825140.34,,,837135484.08,,59939139.92,,-2.0,,,,5,Douja PRO ADDOHA,1.0,alias vérifié,2613868.0,vérifié_par_impôt_du_pdf,,
Addoha,Immobilier,2025,sociaux,,,,,,,,,,-2.0,,,,1,Douja PRO ADDOHA,1.0,alias vérifié,1165851.0,vérifié_par_impôt_du_pdf,,
Afriquia Gaz,Pétrole et Gaz,2006,consolides,1506567000.0,,377603000.0,-36228000.0,,1427701000.0,33045000.0,,,51.0,2506024000.0,,2138396000.0,8,AfriquiaGaz,1.0,alias vérifié,100370440.0,provisoire_un_seul_type_disponible,,
Afriquia Gaz,Pétrole et Gaz,2007,consolides,1548090000.0,,38432000.0,-10265000.0,,1525719000.0,26787000.0,,,64.0,2521245000.0,,1665075000.0,8,AfriquiaGaz,1.0,alias vérifié,125602945.0,provisoire_un_seul_type_disponible,,
Afriquia Gaz,Pétrole et Gaz,2008,consolides,1448726000.0,,17548000.0,,,1607306000.0,26787000.0,,,69.0,2677192000.0,,,6,AfriquiaGaz,1.0,alias vérifié,121234203.0,provisoire_un_seul_type_disponible,,
Afriquia Gaz,Pétrole et Gaz,2009,consolides,1495822000.0,,,-188608000.0,,1893551000.0,140143000.0,35063000.0,,83.0,2839162000.0,,15290000.0,8,AfriquiaGaz,1.0,alias vérifié,117648296.0,provisoire_un_seul_type_disponible,,
Afriquia Gaz,Pétrole et Gaz,2010,sociaux,,,,,,,,,,329345406.55,,,,1,AfriquiaGaz,1.0,alias vérifié,133259096.0,vérifié_par_impôt_du_pdf,,
Afriquia Gaz,Pétrole et Gaz,2011,sociaux,,,,,,,,494894393.41,,350057497.26,,,,2,AfriquiaGaz,1.0,alias vérifié,144553830.0,vérifié_par_rcai_moins_resultat_net,0.001958205811634571,144836896.15
Afriquia Gaz,Pétrole et Gaz,2012,sociaux,,,,,,,,547846056.26,,385155758.26,,,,2,AfriquiaGaz,1.0,alias vérifié,162690298.0,vérifié_par_rcai_moins_resultat_net,0.0,162690298.0
Afriquia Gaz,Pétrole et Gaz,2013,sociaux,,,,,,,,535159586.01,,383395438.01,,,,2,AfriquiaGaz,1.0,alias vérifié,151764148.0,vérifié_par_rcai_moins_resultat_net,0.0,151764148.0
Afriquia Gaz,Pétrole et Gaz,2014,sociaux,,,,,,,,539905558.73,,385332209.13,,,,2,AfriquiaGaz,1.0,alias vérifié,154459416.0,vérifié_par_rcai_moins_resultat_net,0.000737628064060684,154573349.6
Afriquia Gaz,Pétrole et Gaz,2015,consolides,2116880000.0,,90826000.0,-233639000.0,,2682484000.0,,,,420617404771.0,3695298000.0,,2438128000.0,7,AfriquiaGaz,1.0,alias vérifié,159020793.0,provisoire_un_seul_type_disponible,,
Afriquia Gaz,Pétrole et Gaz,2016,consolides,2234643000.0,,81567000.0,,,2933582000.0,32079000.0,,,478702420617.0,4037359000.0,,,6,AfriquiaGaz,1.0,alias vérifié,192889583.0,provisoire_un_seul_type_disponible,,
Afriquia Gaz,Pétrole et Gaz,2017,consolides,2447284000.0,,620559000.0,1062276000.0,,2962974000.0,140245000.0,,,,4062669000.0,,,6,AfriquiaGaz,1.0,alias vérifié,243299842.0,provisoire_un_seul_type_disponible,,
Afriquia Gaz,Pétrole et Gaz,2018,sociaux,,,,,,,,867573867.95,,619008571.95,,,,2,AfriquiaGaz,1.0,alias vérifié,248565296.0,vérifié_par_rcai_moins_resultat_net,0.0,248565296.0
Afriquia Gaz,Pétrole et Gaz,2019,sociaux,,,,,,,,,,11993000.0,,,,1,AfriquiaGaz,1.0,alias vérifié,271711766.0,vérifié_par_impôt_du_pdf,,
Afriquia Gaz,Pétrole et Gaz,2020,sociaux,,33703000.0,,,,,,,,,,,,1,AfriquiaGaz,1.0,alias vérifié,241424351.0,vérifié_par_impôt_du_pdf,,
Afriquia Gaz,Pétrole et Gaz,2021,sociaux,,26592000.0,95160000.0,,,,,,,11993000.0,,,,3,AfriquiaGaz,1.0,alias vérifié,262963957.0,vérifié_par_impôt_du_pdf,,
Afriquia Gaz,Pétrole et Gaz,2022,sociaux,,33166000.0,,,,,,,,1881000.0,,,,2,AfriquiaGaz,1.0,alias vérifié,255317352.0,vérifié_par_impôt_du_pdf,,
Afriquia Gaz,Pétrole et Gaz,2023,sociaux,3216094000.0,33538000.0,4545000.0,,,,-25906000.0,,,6434000.0,9403169000.0,,,6,AfriquiaGaz,1.0,alias vérifié,240514004.0,vérifié_par_impôt_du_pdf,,
Afriquia Gaz,Pétrole et Gaz,2025,sociaux,,35389000.0,,,,,,,897000.0,3080000.0,,,,3,Afriquia Gaz,1.0,contrôle ciblé rapport 2025,336655512.0,vérifié_par_impôt_du_pdf,,
Aluminium du Maroc,Bâtiment et matériaux de construction,2020,sociaux,404327023.65,908700000.0,,77500000.0,,,,,,,,,,3,Alimunum du Maroc,1.0,alias vérifié,10621905.0,vérifié_par_impôt_du_pdf,,
Aluminium du Maroc,Bâtiment et matériaux de construction,2021,sociaux,406573328.92,848900000.0,,73200000.0,,,,,,58400000.0,,,,4,Alimunum du Maroc,1.0,alias vérifié,24615102.0,vérifié_par_impôt_du_pdf,,
Aluminium du Maroc,Bâtiment et matériaux de construction,2022,sociaux,,,,77500000.0,,,,,6400000.0,57400000.0,,,,3,Alimunum du Maroc,1.0,alias vérifié,10564120.0,vérifié_par_impôt_du_pdf,,
Aluminium du Maroc,Bâtiment et matériaux de construction,2023,sociaux,,1046500000.0,,60300000.0,,,,,9100000.0,60100000.0,,,,4,Alimunum du Maroc,1.0,alias vérifié,14258640.0,vérifié_par_impôt_du_pdf,,
Aluminium du Maroc,Bâtiment et matériaux de construction,2024,sociaux,,752500000.0,,43200000.0,,,,,6400000.0,32500000.0,,,,4,Alimunum du Maroc,1.0,alias vérifié,19905750.0,vérifié_par_impôt_du_pdf,,
Aluminium du Maroc,Bâtiment et matériaux de construction,2025,consolides,46595400.0,,,,,,,,,71539.0,,,,2,Alimunum du Maroc,1.0,alias vérifié,25251911.0,provisoire_un_seul_type_disponible,,
Atlanta,Sociétés d'assurances,2009,sociaux,,,,,,,,,,142466937.54,,,,1,Atlanta,1.0,nom normalisé,5842593.0,provisoire_un_seul_type_disponible,,
Atlanta,Sociétés d'assurances,2010,sociaux,,,,,,,,265047603.46,,185720734.46,,,,2,Atlanta,1.0,nom normalisé,79326869.0,provisoire_un_seul_type_disponible,,
Atlanta,Sociétés d'assurances,2013,sociaux,,,,,,65162016.5,,,,101099290.03,,,,2,Atlanta,1.0,nom normalisé,29392569.0,vérifié_par_impôt_du_pdf,,
Atlanta,Sociétés d'assurances,2014,sociaux,1103130020.81,,5058686.53,,,79146443.97,,,,101099290.03,,,,4,Atlanta,1.0,nom normalisé,21555551.0,vérifié_par_impôt_du_pdf,,
Atlanta,Sociétés d'assurances,2015,sociaux,1144082215.83,,5536226.37,,,81948911.2,,,,,,,,3,Atlanta,1.0,nom normalisé,13283615.0,vérifié_par_impôt_du_pdf,,
Atlanta,Sociétés d'assurances,2016,sociaux,,,,,,72888215.56,,173778827.83,,-1.0,,,,3,Atlanta,1.0,nom normalisé,13148384.0,vérifié_par_impôt_du_pdf,,
Atlanta,Sociétés d'assurances,2017,consolides,1545819000.0,,8177000.0,,,32400000.0,5338000.0,-26870000.0,,,,,,5,Atlanta,1.0,nom normalisé,65020000.0,vérifié_par_impôt_du_pdf,,
Atlanta,Sociétés d'assurances,2020,sociaux,,22100000.0,,,,,,,,,,,,1,Atlanta,1.0,nom normalisé,35166690.0,vérifié_par_impôt_du_pdf,,
Atlanta,Sociétés d'assurances,2021,sociaux,,22100000.0,,,,,,,,,,,,1,Atlanta,1.0,nom normalisé,167249000.0,vérifié_par_impôt_du_pdf,,
Atlanta,Sociétés d'assurances,2024,sociaux,,29600000.0,,,,,,,,,,,,1,Atlanta,1.0,nom normalisé,54913464.0,vérifié_par_impôt_du_pdf,,
Atlanta,Sociétés d'assurances,2025,sociaux,,24100000.0,,,,,,,,,,,,1,Atlanta,1.0,nom normalisé,40561252.0,provisoire_un_seul_type_disponible,,
Attijari wafa bank,Banques,2007,sociaux,15010503000.0,,,,,,,,,110.87,,,,2,Attijari wafa bank,1.0,nom normalisé,818345000.0,provisoire_un_seul_type_disponible,,
Attijari wafa bank,Banques,2008,sociaux,16236524000.0,,,,,,,,,122.16,,,,2,Attijari wafa bank,1.0,nom normalisé,1046936000.0,provisoire_un_seul_type_disponible,,
Attijari wafa bank,Banques,2012,sociaux,25213767000.0,,,,,,,4819712000.0,,11333764000.0,,,,3,Attijari wafa bank,1.0,nom normalisé,1510015000.0,vérifié_par_impôt_du_pdf,,
Attijari wafa bank,Banques,2013,sociaux,27377268000.0,,,,,,,4747064000.0,,3309697000.0,,,,3,Attijari wafa bank,1.0,nom normalisé,1457578000.0,vérifié_par_rcai_moins_resultat_net,0.01386615330363109,1437367000.0
Attijari wafa bank,Banques,2015,sociaux,30623461000.0,,,,,,,5118408000.0,,13027468000.0,,,,3,Attijari wafa bank,1.0,nom normalisé,1452990000.0,vérifié_par_impôt_du_pdf,,
Attijari wafa bank,Banques,2016,sociaux,35320900000.0,,,,,3340980000.0,,8519470000.0,,6935048000.0,,,,4,Attijari wafa bank,1.0,nom normalisé,1584422000.0,vérifié_par_rcai_moins_resultat_net,0.0,1584422000.0
Attijari wafa bank,Banques,2017,sociaux,37037671000.0,,,,,,,5761605000.0,,388816.59,,,,3,Attijari wafa bank,1.0,nom normalisé,1603594000.0,vérifié_par_impôt_du_pdf,,
Attijari wafa bank,Banques,2018,sociaux,41497564000.0,,,,,3735375000.0,,6478968000.0,13300000.0,4603982564.32,328791884000.0,,,5,Attijari wafa bank,1.0,nom normalisé,1874985000.0,vérifié_par_rcai_moins_resultat_net,2.32364525745633e-07,1874985435.68
Attijari wafa bank,Banques,2019,sociaux,43609499000.0,,,,,,,6857021000.0,35300000.0,18615420000.0,347402363000.0,,,4,Attijari wafa bank,1.0,nom normalisé,2016910000.0,vérifié_par_impôt_du_pdf,,
Attijari wafa bank,Banques,2020,sociaux,43095011000.0,,,,,,,3648628000.0,,18654912000.0,367356389000.0,,,3,Attijari wafa bank,1.0,nom normalisé,1330010000.0,vérifié_par_impôt_du_pdf,,
Attijari wafa bank,Banques,2021,sociaux,46980388000.0,,,,,,,5645280000.0,,20729805000.0,382246023000.0,,,3,Attijari wafa bank,1.0,nom normalisé,1545796000.0,vérifié_par_impôt_du_pdf,,
Attijari wafa bank,Banques,2022,sociaux,47988116000.0,,,,,,,5966731000.0,,21783425000.0,427766876000.0,,,3,Attijari wafa bank,1.0,nom normalisé,1731891000.0,vérifié_par_impôt_du_pdf,,
Attijari wafa bank,Banques,2023,sociaux,49799685000.0,,,,,,,7324318000.0,,21953362000.0,114116000.0,,,3,Attijari wafa bank,1.0,nom normalisé,2178066000.0,vérifié_par_impôt_du_pdf,,
Attijari wafa bank,Banques,2024,sociaux,52786655000.0,,,,,,,9314274000.0,,22053362000.0,491941270000.0,,,3,Attijari wafa bank,1.0,nom normalisé,2777480000.0,vérifié_par_impôt_du_pdf,,
Attijari wafa bank,Banques,2025,sociaux,56357157000.0,,,,,,,11538939000.0,,22226671000.0,527424302000.0,,,3,Attijari wafa bank,1.0,nom normalisé,3889647000.0,vérifié_par_impôt_du_pdf,,
Auto Nejma,Distributeurs,2020,sociaux,932000000.0,,,,,265101213.88,,,-6000000.0,145648580.15,,,,4,Auto-Najma,1.0,alias vérifié,49927297.0,provisoire_un_seul_type_disponible,,
Auto Nejma,Distributeurs,2021,sociaux,1017000000.0,202000000.0,,,262407739.67,658153133.98,,,-9000000.0,,,,,5,Auto-Najma,1.0,alias vérifié,70000000.0,provisoire_un_seul_type_disponible,,
Auto Nejma,Distributeurs,2024,sociaux,1257000000.0,,70000000.0,337269000000.0,,,,323000000.0,,,,,,4,Auto-Najma,1.0,alias vérifié,118541584.0,vérifié_par_impôt_du_pdf,,
Auto Nejma,Distributeurs,2025,sociaux,1434000000.0,,581000000.0,492337000000.0,,,,486000000.0,,,,,,4,Auto-Najma,1.0,alias vérifié,186412198.0,vérifié_par_impôt_du_pdf,,
Auto hall,Distributeurs,2008,consolides,1579169865.6,3341405324.86,,645436468.69,,232057383.8,6927190.0,,-18800293.5,437777175.19,,,74549724.83,8,Auto-Hall,1.0,alias vérifié,141105650.0,provisoire_un_seul_type_disponible,,
Auto hall,Distributeurs,2009,consolides,1621136007.56,2913178125.93,,311477814.05,,275398310.27,10546510.0,,-8857365.03,207503749.02,,,109032915.51,8,Auto-Hall,1.0,alias vérifié,65323840.0,provisoire_un_seul_type_disponible,,
Auto hall,Distributeurs,2012,consolides,1651663310.27,3306662534.6,,314396344.05,,640575167.4,6289581.53,,-20360513.5,37670.0,2950363686.98,,127239832.84,9,Auto-Hall,1.0,alias vérifié,51701910.0,provisoire_un_seul_type_disponible,,
Auto hall,Distributeurs,2013,consolides,1700264335.62,3455585735.94,,381850146.24,,653924514.95,6065934.09,,-61204732.35,,3062700253.86,,90115974.1,8,Auto-Hall,1.0,alias vérifié,61532790.0,provisoire_un_seul_type_disponible,,
Auto hall,Distributeurs,2018,sociaux,502945280.0,4811636630.5,,-1865560.02,,384188228.74,,1486356722.6,,167492012.8,3940584717.19,,,5,Auto-Hall,1.0,alias vérifié,48418632.0,vérifié_par_impôt_du_pdf,,
Auto hall,Distributeurs,2019,sociaux,502945280.0,4424249242.77,,,,828831167.03,,1480480055.68,,170154181.08,4770843526.8,,,4,Auto-Hall,1.0,alias vérifié,56312840.0,vérifié_par_impôt_du_pdf,,
Auto hall,Distributeurs,2020,sociaux,502945280.0,,,,,431411326.18,,1434973704.62,,130524496.94,,,,4,Auto-Hall,1.0,alias vérifié,58163046.0,vérifié_par_impôt_du_pdf,,
Auto hall,Distributeurs,2024,sociaux,502945280.0,,,,,280717237.9,,,,,,,,2,Auto-Hall,1.0,alias vérifié,32539329.0,vérifié_par_impôt_du_pdf,,
Auto hall,Distributeurs,2025,sociaux,502945280.0,,,,,609815412.86,,1659905010.86,,,,,,3,Auto-Hall,1.0,alias vérifié,64635088.0,vérifié_par_impôt_du_pdf,,
BCP,Banques,2024,sociaux,33378191000.0,10018334000.0,,4876294000.0,,2686750000.0,,4667429000.0,,2939923000.0,345976160000.0,312597969000.0,,8,BCP,1.0,comparatif officiel du RFA 2025,1727506000.0,vérifié_par_impôt_du_pdf,0.0,1727506000.0
BCP,Banques,2025,sociaux,34486059000.0,11076351000.0,,,,2728346000.0,,5450452000.0,,3282906000.0,372904872000.0,,,6,BCP,1.0,contrôle publication annuelle 2025,2167546000.0,vérifié_par_impôt_du_pdf,0.0,2167546000.0
BMCE BANK,Banques,2006,consolides,7047064000.0,,,,,1840684000.0,3285502000.0,1339416000.0,,1273857000.0,,,,5,BMCE BANK(bank of africa),1.0,alias vérifié,375375000.0,provisoire_un_seul_type_disponible,,
BMCE BANK,Banques,2007,consolides,7950246000.0,,,,,1972055000.0,,2147212000.0,,,,,,3,BMCE BANK(bank of africa),1.0,alias vérifié,566014000.0,provisoire_un_seul_type_disponible,,
BMCE BANK,Banques,2009,sociaux,12898809000.0,,,,,26022000.0,,1154254000.0,,502929000.0,,,,4,BMCE BANK(bank of africa),1.0,alias vérifié,152499000.0,vérifié_par_impôt_du_pdf,,
BMCE BANK,Banques,2010,sociaux,14887353000.0,,,,,432694000.0,,935266000.0,,476265000.0,,,,4,BMCE BANK(bank of africa),1.0,alias vérifié,275848000.0,vérifié_par_impôt_du_pdf,,
BMCE BANK,Banques,2011,sociaux,15411554000.0,,,,,2089870000.0,,816087000.0,,521741000.0,,,,4,BMCE BANK(bank of africa),1.0,alias vérifié,293544000.0,provisoire_un_seul_type_disponible,,
BMCE BANK,Banques,2012,sociaux,17111881000.0,,,,,,,372362000.0,,120839000.0,,,,3,BMCE BANK(bank of africa),1.0,alias vérifié,227527000.0,vérifié_par_impôt_du_pdf,,
BMCE BANK,Banques,2013,sociaux,18633841000.0,,,,,2337608000.0,,1480987000.0,,713067000.0,,,,4,BMCE BANK(bank of africa),1.0,alias vérifié,372362000.0,vérifié_par_impôt_du_pdf,,
BMCE BANK,Banques,2014,sociaux,19995030000.0,,,,,2221952000.0,,1454705000.0,,1203572000.0,,,,4,BMCE BANK(bank of africa),1.0,alias vérifié,251133000.0,vérifié_par_rcai_moins_resultat_net,0.0,251133000.0
BMCE BANK,Banques,2015,sociaux,22410398000.0,,,,,15820000.0,,1622471000.0,,4.4,,,,4,BMCE BANK(bank of africa),1.0,alias vérifié,318435000.0,vérifié_par_impôt_du_pdf,,
BMCE BANK,Banques,2016,sociaux,24709660000.0,,,,,7684428000.0,,1875333000.0,,,,,,3,BMCE BANK(bank of africa),1.0,alias vérifié,550362000.0,provisoire_un_seul_type_disponible,,
BMCE BANK,Banques,2017,sociaux,26683739000.0,,,,,,,1938774000.0,,,,,,2,BMCE BANK(bank of africa),1.0,alias vérifié,608137000.0,provisoire_un_seul_type_disponible,,
BMCE BANK,Banques,2018,sociaux,25294339000.0,,,,,5143410000.0,,1863131000.0,,1343654000.0,208227549000.0,,,4,BMCE BANK(bank of africa),1.0,alias vérifié,519477000.0,vérifié_par_rcai_moins_resultat_net,0.0,519477000.0
BMCE BANK,Banques,2019,sociaux,29435162000.0,,,,,9073898000.0,,2012790000.0,,6.87,222897610000.0,,,4,BMCE BANK(bank of africa),1.0,alias vérifié,640941000.0,vérifié_par_impôt_du_pdf,,
BMCE BANK,Banques,2020,sociaux,29943306000.0,,,,,9624001000.0,,998993000.0,,724181000.0,234574533000.0,,,4,BMCE BANK(bank of africa),1.0,alias vérifié,274812000.0,vérifié_par_rcai_moins_resultat_net,0.0,274812000.0
BMCE BANK,Banques,2021,sociaux,,,,,,,,2010343000.0,,,,,,1,BMCE BANK(bank of africa),1.0,alias vérifié,509470000.0,vérifié_par_impôt_du_pdf,,
BMCE BANK,Banques,2022,sociaux,33601517.0,,,,,,,1931997.0,,690079000.0,268445438000.0,,,3,BMCE BANK(bank of africa),1.0,alias vérifié,406902000.0,vérifié_par_impôt_du_pdf,,
BMCE BANK,Banques,2023,sociaux,,,,,,,,,,1525093000.0,,,,1,BMCE BANK(bank of africa),1.0,alias vérifié,1518983000.0,vérifié_par_impôt_du_pdf,,
BMCE BANK,Banques,2024,sociaux,35408147000.0,,,,,,,2805738000.0,,202000000.0,288891689000.0,,,3,BMCE BANK(bank of africa),1.0,alias vérifié,919542000.0,vérifié_par_impôt_du_pdf,,
BMCE BANK,Banques,2025,sociaux,36436887000.0,,,,,,,3281456000.0,,1886195000.0,297580604000.0,,,3,BMCE BANK(bank of africa),1.0,alias vérifié,1110694000.0,vérifié_par_impôt_du_pdf,,
BMCI,Banques,2004,consolides,2923672000.0,,,,,21676000.0,200.0,281371000.0,,-2873000.0,4398027000.0,,,6,BMCI,1.0,nom normalisé,217265000.0,provisoire_un_seul_type_disponible,,
BMCI,Banques,2005,sociaux,,,,,,80264000.0,,,,5492482000.0,,,,2,BMCI,1.0,nom normalisé,258698000.0,vérifié_par_impôt_du_pdf,,
BMCI,Banques,2007,consolides,4404058000.0,,,1266986000.0,,1144190000.0,,1257558000.0,,780604000.0,,,4729979000.0,6,BMCI,1.0,nom normalisé,373706000.0,provisoire_un_seul_type_disponible,,
BMCI,Banques,2008,consolides,6624900000.0,,,1316535000.0,,1226317000.0,,1311769000.0,,728914000.0,,,5508252000.0,6,BMCI,1.0,nom normalisé,384426000.0,provisoire_un_seul_type_disponible,,
BMCI,Banques,2009,sociaux,,,,,,,,,,9806985000.0,,,,1,BMCI,1.0,nom normalisé,438770000.0,vérifié_par_impôt_du_pdf,,
BMCI,Banques,2010,sociaux,7061833000.0,,,,,1179662000.0,,1257463000.0,,200000.0,,,,4,BMCI,1.0,nom normalisé,439161000.0,vérifié_par_impôt_du_pdf,,
BMCI,Banques,2012,sociaux,,,,,,,,1128566000.0,,3604145000.0,,,,2,BMCI,1.0,nom normalisé,387800000.0,vérifié_par_impôt_du_pdf,,
BMCI,Banques,2013,sociaux,,,,,,1471046000.0,,919450000.0,,604145000.0,,,,3,BMCI,1.0,nom normalisé,315305000.0,vérifié_par_rcai_moins_resultat_net,0.0,315305000.0
BMCI,Banques,2014,sociaux,,,,,,,,750677000.0,,201000.0,,,,2,BMCI,1.0,nom normalisé,289541000.0,vérifié_par_impôt_du_pdf,,
BMCI,Banques,2015,sociaux,,,,,,,,589883000.0,,201000.0,,,,2,BMCI,1.0,nom normalisé,177322000.0,vérifié_par_impôt_du_pdf,,
BMCI,Banques,2017,sociaux,,,,,,82605000.0,,-219746000.0,,201000.0,,,,3,BMCI,1.0,nom normalisé,183100000.0,vérifié_par_impôt_du_pdf,,
BMCI,Banques,2018,sociaux,,,,,,2988559000.0,,,,487030000.0,,,,2,BMCI,1.0,nom normalisé,219746000.0,vérifié_par_impôt_du_pdf,,
BMCI,Banques,2019,sociaux,,,,,,2998961000.0,,-260428000.0,,,,,,2,BMCI,1.0,nom normalisé,254821000.0,vérifié_par_impôt_du_pdf,,
BMCI,Banques,2020,sociaux,,,,,,1148107000.0,,,,,,,,1,BMCI,1.0,nom normalisé,260428000.0,vérifié_par_impôt_du_pdf,,
BMCI,Banques,2021,sociaux,,,,,,,,,,398853000.0,,,,1,BMCI,1.0,nom normalisé,83521000.0,vérifié_par_impôt_du_pdf,,
BMCI,Banques,2022,sociaux,,,,,,5493000.0,,,,231723000.0,,,,2,BMCI,1.0,nom normalisé,44283000.0,vérifié_par_impôt_du_pdf,,
BMCI,Banques,2023,sociaux,,,,,,50442000.0,,10205000.0,,193922000.0,59661129000.0,,,3,BMCI,1.0,nom normalisé,209551000.0,vérifié_par_impôt_du_pdf,,
BMCI,Banques,2024,consolides,7345468000.0,,,646943000.0,,2569801000.0,15015914000.0,16188000000.0,,292000000000.0,78074415000.0,,290214000.0,7,BMCI,1.0,nom normalisé,224398000.0,provisoire_un_seul_type_disponible,,
BMCI,Banques,2025,consolides,7583624000.0,,,812874000.0,,1000611000.0,18746914000.0,17065000000.0,,479427000.0,78576845000.0,,,6,BMCI,1.0,nom normalisé,340045000.0,provisoire_un_seul_type_disponible,,
Balima,Sociétés de placement immobilier,2019,consolides,,,,13.8,,,,,,10.6,,,,2,Balima,1.0,nom normalisé,4985292.0,provisoire_un_seul_type_disponible,,
Balima,Sociétés de placement immobilier,2020,consolides,,,,10.9,,,,,,11.6,,,,2,Balima,1.0,nom normalisé,4570559.0,provisoire_un_seul_type_disponible,,
Balima,Sociétés de placement immobilier,2021,consolides,,,,13.8,,,,,,10.6,,,,2,Balima,1.0,nom normalisé,5742409.0,provisoire_un_seul_type_disponible,,
Balima,Sociétés de placement immobilier,2022,sociaux,,,,,,,2607000.0,,,,,,,1,Balima,1.0,nom normalisé,9798140.0,provisoire_un_seul_type_disponible,,
Balima,Sociétés de placement immobilier,2024,consolides,,,,,,,6497000.0,,,,,,,1,Balima,1.0,nom normalisé,5771360.0,provisoire_un_seul_type_disponible,,
Balima,Sociétés de placement immobilier,2025,consolides,,50984600.14,,,,,,15123586.6,,10855773.6,,,,3,Balima,1.0,contrôle ciblé rapport 2025,4267813.0,vérifié_par_impôt_du_pdf,,4267813.0
Brasseries du Maroc,Agroalimentaire,2003,consolides,1710400000.0,1514900000.0,20600000.0,347400000.0,,,,,22500000.0,250600000.0,,,51000000.0,7,SOCIETE DES Boissons DU MAROC (SBM),1.0,alias vérifié,136491980.0,provisoire_un_seul_type_disponible,,
Brasseries du Maroc,Agroalimentaire,2004,consolides,1636800000.0,1592500000.0,6700000.0,261400000.0,,,,,134800000.0,409100000.0,,,275700000.0,7,SOCIETE DES Boissons DU MAROC (SBM),1.0,alias vérifié,101002491.0,provisoire_un_seul_type_disponible,,
Brasseries du Maroc,Agroalimentaire,2005,sociaux,1641505932.82,1304332186.53,0.0,299016130.12,362748489.39,496071110.45,,353238721.98,69922927.89,244818062.98,1998273071.96,356767139.1400001,36356473.13,12,SOCIETE DES Boissons DU MAROC (SBM),1.0,lecture visuelle RFA officiel,108420659.0,vérifié_par_impôt_du_pdf,-2.980232238769531e-08,108420659.0
Brasseries du Maroc,Agroalimentaire,2006,sociaux,1622533895.89,1344774123.7,0.0,315516256.48,377970138.69,483051578.46,,331240471.07,69655025.86,221170048.07,2019747447.81,397213551.9199998,17462969.49,12,SOCIETE DES Boissons DU MAROC (SBM),1.0,lecture visuelle RFA officiel,110070423.0,vérifié_par_impôt_du_pdf,0.0,110070423.0
Brasseries du Maroc,Agroalimentaire,2007,sociaux,1670655008.99,1597689333.38,0.0,343005520.27,,480575238.43,,426259706.1,71982477.13,302389203.1,2139794701.53,469139692.54,44318873.1,11,SOCIETE DES Boissons DU MAROC (SBM),1.0,lecture visuelle RFA officiel,123870503.0,vérifié_par_impôt_du_pdf,0.0,123870503.0
Brasseries du Maroc,Agroalimentaire,2008,sociaux,1761200188.69,1678950329.31,0.0,373643288.47,,509255565.17,,484528501.7,92546589.6,358939274.7,2272463256.38,511263067.6900001,38118718.14,11,SOCIETE DES Boissons DU MAROC (SBM),1.0,lecture visuelle RFA officiel,125589227.0,vérifié_par_impôt_du_pdf,0.0,125589227.0
Brasseries du Maroc,Agroalimentaire,2009,sociaux,1329486701.33,1710946833.76,0.0,395759471.51,,523343671.12,,447211576.64,105479001.36,336741184.64,1852470750.1,522984048.77,53185156.34,11,SOCIETE DES Boissons DU MAROC (SBM),1.0,lecture visuelle RFA officiel,110470392.0,vérifié_par_impôt_du_pdf,0.0,110470392.0
Brasseries du Maroc,Agroalimentaire,2010,sociaux,1314318403.96,1726993408.92,0.0,379582668.49,470091835.63,509184803.91,,435922141.63,131568557.25,315380219.63,1842861415.47,528543011.51,41980457.17,12,SOCIETE DES Boissons DU MAROC (SBM),1.0,lecture visuelle RFA officiel,120541922.0,vérifié_par_impôt_du_pdf,0.0,120541922.0
Brasseries du Maroc,Agroalimentaire,2011,sociaux,1376544719.31,1830527007.12,0.0,413927273.33,503156935.87,492405150.56,,477388332.35,47015420.63,344746415.35,1898390386.49,521845667.1800001,63007876.55,12,SOCIETE DES Boissons DU MAROC (SBM),1.0,lecture visuelle RFA officiel,132641917.0,vérifié_par_impôt_du_pdf,0.0,132641917.0
Brasseries du Maroc,Agroalimentaire,2012,sociaux,1397803581.47,1752106555.63,0.0,403106339.06,482903423.47,448227327.15,,457124886.16,56111282.59,332030972.16,1897211533.79,499407952.3199999,41145187.8,12,SOCIETE DES Boissons DU MAROC (SBM),1.0,lecture visuelle RFA officiel,125093914.0,vérifié_par_impôt_du_pdf,0.0,125093914.0
Brasseries du Maroc,Agroalimentaire,2013,sociaux,1373516642.3,1691170138.25,0.0,363273493.19,437912277.56,491086369.12,,406652846.83,54570202.39,294960773.83,1912535248.6,539018606.3,23851169.75,12,SOCIETE DES Boissons DU MAROC (SBM),1.0,lecture visuelle RFA officiel,111692073.0,vérifié_par_impôt_du_pdf,0.0,111692073.0
Brasseries du Maroc,Agroalimentaire,2014,sociaux,1949695580.45,1948053918.51,0.0,325940127.75,440067350.23,745598466.19,,343060436.04,8408025.57,223620911.04,2549580136.64,599884556.1899998,68461751.96,12,SOCIETE DES Boissons DU MAROC (SBM),1.0,lecture visuelle RFA officiel,119439525.0,vérifié_par_impôt_du_pdf,-2.980232238769531e-08,119439525.0
Brasseries du Maroc,Agroalimentaire,2015,sociaux,2064158372.64,2116037820.42,0.0,411007923.55,502862151.79,675453402.13,,376282228.19,4329000.86,244626830.19,2685953317.44,621794944.8,73470482.68,12,SOCIETE DES Boissons DU MAROC (SBM),1.0,comparatif officiel RFA,131655398.0,vérifié_par_impôt_du_pdf,0.0,131655398.0
Brasseries du Maroc,Agroalimentaire,2016,sociaux,2098306301.71,2257097566.24,0.0,445683944.93,560619159.94,633862632.05,,445697445.07,10159869.94,294476005.07,2758210078.97,659903777.2599998,25156095.29,12,SOCIETE DES Boissons DU MAROC (SBM),1.0,comparatif officiel RFA,151221440.0,vérifié_par_impôt_du_pdf,0.0,151221440.0
Brasseries du Maroc,Agroalimentaire,2017,sociaux,2169721049.29,2295989336.76,0.0,495815847.39,,597965540.47,,554634470.58,39504013.99,382676577.58,2928674499.05,758953449.7600002,38555663.67,11,SOCIETE DES Boissons DU MAROC (SBM),1.0,comparatif officiel RFA,171957893.0,vérifié_par_impôt_du_pdf,-5.960464477539062e-08,171957893.0000001
Brasseries du Maroc,Agroalimentaire,2018,sociaux,,142200000.0,,,,,,,,23900000.0,,,,2,SOCIETE DES Boissons DU MAROC (SBM),1.0,alias vérifié,164102093.0,vérifié_par_impôt_du_pdf,,
Brasseries du Maroc,Agroalimentaire,2019,sociaux,2165417840.49,2508184430.51,5497437.0,520143490.88,618237707.8,556259936.68,,554460744.33,52022113.05,387613997.33,2851230292.36,685812451.8700004,110630035.07,12,SOCIETE DES Boissons DU MAROC (SBM),1.0,RFA officiel,166846747.0,vérifié_par_impôt_du_pdf,-5.960464477539062e-08,166846747.0000001
Brasseries du Maroc,Agroalimentaire,2020,sociaux,2001370477.5,2216340317.46,0.0,383917160.79,479910372.96,490065841.0,,333103702.01,47680783.82,220785445.01,2850083708.34,848713230.8400002,192442550.58,12,SOCIETE DES Boissons DU MAROC (SBM),1.0,RFA officiel,112318257.0,vérifié_par_impôt_du_pdf,0.0,112318257.0
Brasseries du Maroc,Agroalimentaire,2021,sociaux,2023994062.72,2518186586.83,0.0,438901669.76,518596653.23,486841790.4,,465754332.22,42945256.73,322566803.22,2824709659.27,800715596.55,38864443.95,12,SOCIETE DES Boissons DU MAROC (SBM),1.0,RFA officiel,143187529.0,vérifié_par_impôt_du_pdf,0.0,143187529.0
Brasseries du Maroc,Agroalimentaire,2022,sociaux,2113985081.43,2718405138.76,0.0,596758332.88,699072695.44,461337826.89,,597389390.71,28088225.93,409741807.71,3032752644.72,918767563.2899997,29062704.06,12,SOCIETE DES Boissons DU MAROC (SBM),1.0,comparatif officiel RFA,187647583.0,vérifié_par_impôt_du_pdf,-5.960464477539062e-08,187647583.0000001
Brasseries du Maroc,Agroalimentaire,2023,sociaux,2344199991.14,2725417168.86,0.0,557215103.58,678785028.21,523491324.77,,869030823.21,54561713.88,641929421.21,3365442032.51,1021242041.37,133781418.4,12,SOCIETE DES Boissons DU MAROC (SBM),1.0,comparatif officiel RFA,227101402.0,vérifié_par_impôt_du_pdf,0.0,227101402.0
Brasseries du Maroc,Agroalimentaire,2024,sociaux,2124583565.55,2622969828.83,0.0,383509466.54,464920163.15,535070199.34,,369912804.41,49234430.91,233128054.41,2877896279.5,753312713.95,79355725.04,12,SOCIETE DES Boissons DU MAROC (SBM),1.0,comparatif officiel RFA,136784750.0,vérifié_par_impôt_du_pdf,-2.980232238769531e-08,136784750.0
Brasseries du Maroc,Agroalimentaire,2025,sociaux,2216322634.3,2904846538.24,0.0,521465114.19,565053946.0,523984834.66,,562701180.75,16676752.59,374704368.75,2995223507.99,778900873.6899996,88975076.84,12,SOCIETE DES Boissons DU MAROC (SBM),1.0,comparatif officiel RFA,187996812.0,vérifié_par_impôt_du_pdf,0.0,187996812.0
CASH PLUS S.A,Services de paiement,2024,sociaux,473402000.0,562081000.0,91985000.0,397655000.0,409037000.0,61770000.0,,396568000.0,,218397000.0,2572088000.0,2098686000.0,1616074000.0,11,CASH PLUS S.A,1.0,comparatif officiel RFA 2025 en KMAD,178171000.0,vérifié_par_impôt_du_pdf,0.0,178171000.0
CASH PLUS S.A,Services de paiement,2025,sociaux,,693098450.0,,,,,,463558430.0,,251455420.0,,,,3,CASH PLUS S.A,1.0,contrôle RFA/publication 2025,212103010.0,vérifié_par_impôt_du_pdf,0.0,212103010.0
CFG,Banques,2012,consolides,,,,-34943000.0,,,,-24854000.0,,18320834.29,1194256000.0,,,4,CFG,1.0,nom normalisé,620000.0,provisoire_un_seul_type_disponible,,
CFG,Banques,2013,consolides,336857000.0,,,-33409000.0,,,,-61992000.0,,18320834.29,1240005000.0,,,4,CFG,1.0,nom normalisé,384000.0,provisoire_un_seul_type_disponible,,
CFG,Banques,2014,consolides,303085000.0,,,,,,,-55184000.0,,-70341000.0,1659941000.0,,,3,CFG,1.0,nom normalisé,467000.0,provisoire_un_seul_type_disponible,,
CFG,Banques,2017,sociaux,,,,,,80376000.0,,-77111000.0,,,,,,2,CFG,1.0,nom normalisé,1188000.0,vérifié_par_impôt_du_pdf,,
CFG,Banques,2018,sociaux,,,,,,317969000.0,,-91127000.0,,-92709000.0,,,,3,CFG,1.0,nom normalisé,1582000.0,vérifié_par_rcai_moins_resultat_net,0.0,1582000.0
CFG,Banques,2019,sociaux,52000000.0,,,,,357255000.0,,-110234000.0,,-112128000.0,7297471000.0,,,4,CFG,1.0,nom normalisé,1895000.0,vérifié_par_rcai_moins_resultat_net,0.0005277044854881266,1894000.0
CFG,Banques,2020,sociaux,-110000000.0,,,,,,,,,-63000000.0,,,,2,CFG,1.0,nom normalisé,2529000.0,vérifié_par_impôt_du_pdf,,
CFG,Banques,2021,sociaux,,,,,,,,,,-176000000.0,,,,1,CFG,1.0,nom normalisé,3480000.0,vérifié_par_impôt_du_pdf,,
CFG,Banques,2022,sociaux,889877000000.0,,,,,,,,,-23000000.0,,,,2,CFG,1.0,nom normalisé,3095000.0,vérifié_par_impôt_du_pdf,,
CFG,Banques,2023,sociaux,,,,,,,,3477000.0,,20000000.0,,,,2,CFG,1.0,nom normalisé,2563000.0,vérifié_par_impôt_du_pdf,,
CFG,Banques,2024,sociaux,,,,,,,,,,20000000.0,,,,1,CFG,1.0,nom normalisé,3477000.0,vérifié_par_impôt_du_pdf,,
CFG,Banques,2025,sociaux,,,,,,,,,,35000000.0,,,,1,CFG,1.0,nom normalisé,55522000.0,vérifié_par_impôt_du_pdf,,
CGI,Immobilier,2007,sociaux,4002252000.0,,,,,15842000.0,,,-33363000.0,,,,,3,CGI,1.0,nom normalisé,129455000.0,provisoire_un_seul_type_disponible,,
CGI,Immobilier,2008,sociaux,4130471000.0,,17787000.0,366624000.0,,35576000.0,,,-33363000.0,-2000.0,,,,6,CGI,1.0,nom normalisé,137375000.0,provisoire_un_seul_type_disponible,,
CGI,Immobilier,2010,sociaux,,,,,,,,534095229.19,,196000.0,,,,2,CGI,1.0,nom normalisé,150266590.0,vérifié_par_impôt_du_pdf,,
CGI,Immobilier,2011,consolides,4485910000.0,,,,,,16815000.0,,,,,,787895000.0,3,CGI,1.0,nom normalisé,149978500.0,provisoire_un_seul_type_disponible,,
CGI,Immobilier,2014,consolides,1840800000.0,,,,,,,,,,,,,1,CGI,1.0,nom normalisé,16599250.0,provisoire_un_seul_type_disponible,,
CIH,Banques,2006,sociaux,,,,,,1501353.0,,,,1415669.0,,,,2,CIH,1.0,nom normalisé,9117000.0,provisoire_un_seul_type_disponible,,
CIH,Banques,2007,sociaux,,,,,,,,396680000.0,,387564.0,,,,2,CIH,1.0,nom normalisé,10012000.0,provisoire_un_seul_type_disponible,,
CIH,Banques,2009,sociaux,2806119.0,,,,,,,,,,,,,1,CIH,1.0,nom normalisé,91255000.0,vérifié_par_impôt_du_pdf,,
CIH,Banques,2010,sociaux,2813743.0,,,,,93688000.0,,,,751291000.0,,,,3,CIH,1.0,nom normalisé,9756000.0,vérifié_par_impôt_du_pdf,,
CIH,Banques,2011,sociaux,,,,,,1214713000.0,,,,751291000.0,7806000.0,,,3,CIH,1.0,nom normalisé,175096000.0,vérifié_par_impôt_du_pdf,,
CIH,Banques,2012,consolides,,,,,,23993000.0,,,,-71784000.0,,,,2,CIH,1.0,nom normalisé,213583000.0,provisoire_un_seul_type_disponible,,
CIH,Banques,2013,sociaux,,,,,,1028693000.0,,249107000.0,,824972.0,,,,3,CIH,1.0,nom normalisé,266361000.0,vérifié_par_impôt_du_pdf,,
CIH,Banques,2014,sociaux,,,,,,62325000.0,,,,824972.0,539730000.0,,,3,CIH,1.0,nom normalisé,249107000.0,vérifié_par_impôt_du_pdf,,
CIH,Banques,2018,consolides,,,,88729000.0,,,,645960000.0,,8523000.0,64949880000.0,,,4,CIH,1.0,nom normalisé,198939000.0,provisoire_un_seul_type_disponible,,
CIH,Banques,2019,consolides,,,,,,2286602000.0,,637737530.0,,201.0,75134280000.0,,,4,CIH,1.0,nom normalisé,186338000.0,provisoire_un_seul_type_disponible,,
CIH,Banques,2020,consolides,,,,67.19,,,714.079,-67.42,,-35.957,,,,4,CIH,1.0,nom normalisé,215517000.0,provisoire_un_seul_type_disponible,,
CIH,Banques,2021,sociaux,,,,,,,,,,-21.0,,,,1,CIH,1.0,nom normalisé,283162000.0,vérifié_par_impôt_du_pdf,,
CIH,Banques,2023,consolides,36600000.0,,,,,,,1322946000.0,,-24777000000.0,,6940456000.0,,4,CIH,1.0,nom normalisé,659375000.0,provisoire_un_seul_type_disponible,,
CIH,Banques,2024,sociaux,,,,,,,,,,620007000.0,,,,1,CIH,1.0,nom normalisé,540660000.0,vérifié_par_impôt_du_pdf,,
CIH,Banques,2025,sociaux,8833740000.0,,,,,184574000.0,,1523279000.0,,,,,,3,CIH,1.0,nom normalisé,604583000.0,vérifié_par_impôt_du_pdf,,
CMGP GROUP,Agriculture,2024,sociaux,2229269508.68,20347094.23,27435953.5,-82839.16,275648.84,0.0,,102718210.01,102809049.17,102403753.01,2274317058.08,45047549.4,291101710.79,12,CMGP GROUP,1.0,comparatif officiel du RFA 2025,314457.0,vérifié_par_impôt_du_pdf,0.0,314457.0
CMGP GROUP,Industrie,2025,sociaux,,26787027.66,,8173897.64,,,,124211405.73,114253661.46,123837936.73,,,,5,CMGP GROUP,1.0,contrôle publication officielle 2025,373469.0,vérifié_par_impôt_du_pdf,0.0,373469.0
CNIA SAADA,Sociétés d'assurances,2012,sociaux,,,,,,,,,,-1000000000.0,,,,1,CNIA SAADA (SAHAM ASSURANCES),1.0,alias vérifié,132340209.0,provisoire_un_seul_type_disponible,,
CNIA SAADA,Sociétés d'assurances,2013,consolides,5788000.0,,,,,,,167119000.0,,,,,,2,CNIA SAADA (SAHAM ASSURANCES),1.0,alias vérifié,109460012.0,provisoire_un_seul_type_disponible,,
CNIA SAADA,Sociétés d'assurances,2014,consolides,,,,44000.0,,,714059000.0,,,,19824606000.0,,,3,CNIA SAADA (SAHAM ASSURANCES),1.0,alias vérifié,126331339.0,provisoire_un_seul_type_disponible,,
CNIA SAADA,Sociétés d'assurances,2015,consolides,,,,124000.0,,,1244857000.0,,,,19642108000.0,,,3,CNIA SAADA (SAHAM ASSURANCES),1.0,alias vérifié,134183586.0,provisoire_un_seul_type_disponible,,
CNIA SAADA,Sociétés d'assurances,2016,consolides,3610276000.0,,755879000.0,139000.0,,,1708930000.0,,,-174787000.0,20690062000.0,,21615173000.0,7,CNIA SAADA (SAHAM ASSURANCES),1.0,alias vérifié,180975899.0,provisoire_un_seul_type_disponible,,
CNIA SAADA,Sociétés d'assurances,2017,consolides,4226195000.0,,,,,,,,,-176226000.0,21615173000.0,,,3,CNIA SAADA (SAHAM ASSURANCES),1.0,alias vérifié,170307474.0,provisoire_un_seul_type_disponible,,
CNIA SAADA,Sociétés d'assurances,2018,consolides,4284124000.0,,,,,,,,,,20229871000.0,,,2,CNIA SAADA (SAHAM ASSURANCES),1.0,alias vérifié,165181727.0,provisoire_un_seul_type_disponible,,
CNIA SAADA,Sociétés d'assurances,2019,sociaux,,,,,,,,,,-50600000.0,,,,1,CNIA SAADA (SAHAM ASSURANCES),1.0,alias vérifié,169837551.66,vérifié_par_impôt_du_pdf,,
CNIA SAADA,Sociétés d'assurances,2020,sociaux,,,,,,,,,,200627850.0,,,,1,CNIA SAADA (SAHAM ASSURANCES),1.0,alias vérifié,45097749.94,vérifié_par_impôt_du_pdf,,
CNIA SAADA,Sociétés d'assurances,2021,sociaux,,,,,,,,,,360201000000.0,,,,1,CNIA SAADA (SAHAM ASSURANCES),1.0,alias vérifié,51215195.61,vérifié_par_impôt_du_pdf,,
CNIA SAADA,Sociétés d'assurances,2022,sociaux,,,,,,,,,,360370000000.0,,,,1,CNIA SAADA (SAHAM ASSURANCES),1.0,alias vérifié,26013115.43,vérifié_par_impôt_du_pdf,,
CNIA SAADA,Sociétés d'assurances,2025,sociaux,,,,,,,,,,418452000000.0,,,,1,CNIA SAADA,1.0,contrôle ciblé rapport 2025,153096560.3,vérifié_par_impôt_du_pdf,,
CTM,Divers,2010,sociaux,122597800.0,,64870699.48,12990898.9,46669106.64,278739395.91,,-1701511.41,,22385015.63,,,66220.0,8,CTM,1.0,nom normalisé,9097580.0,vérifié_par_impôt_du_pdf,,
CTM,Divers,2011,sociaux,,,87182301.51,7797778.99,55679701.69,529465731.28,,38799338.42,6227165.81,28240348.42,,,,7,CTM,1.0,nom normalisé,10558990.0,vérifié_par_rcai_moins_resultat_net,0.0,10558990.0
CTM,Divers,2016,sociaux,122597800.0,,111157833.73,57067712.81,121963544.27,87508389.03,,,,,,,,5,CTM,1.0,nom normalisé,32652680.0,provisoire_un_seul_type_disponible,,
CTM,Divers,2017,sociaux,,,99259899.36,63907092.43,146651076.21,756270859.06,,,-4615600.59,,,,,5,CTM,1.0,nom normalisé,31591054.0,provisoire_un_seul_type_disponible,,
CTM,Divers,2018,sociaux,3865000.0,657300000.0,13207000.0,74608000.0,,,,90917000.0,1714000.0,63518648.59,14545000.0,,,7,CTM,1.0,nom normalisé,27398596.0,vérifié_par_impôt_du_pdf,,
CTM,Divers,2019,sociaux,,,21128000.0,70152000.0,,,,88616000.0,1671000.0,,,,,4,CTM,1.0,nom normalisé,27130266.0,vérifié_par_impôt_du_pdf,,
CTM,Divers,2021,sociaux,,,-30016000000.0,14417000.0,,39352000000.0,,32445000.0,-2011000.0,,,,,5,CTM,1.0,nom normalisé,2051830.0,vérifié_par_impôt_du_pdf,,
CTM,Divers,2022,sociaux,,,92277000.0,,,,,,-1847000.0,31314000000.0,50573000000.0,,,4,CTM,1.0,nom normalisé,1954775.0,vérifié_par_impôt_du_pdf,,
CTM,Divers,2023,sociaux,51498000.0,,60000000.0,,,,,76426000.0,4754000.0,,,,,4,CTM,1.0,nom normalisé,20265533.0,vérifié_par_impôt_du_pdf,,
CTM,Divers,2024,sociaux,1047000000.0,450171000.0,330000000.0,41950000.0,,,,93154000.0,-426000.0,69888000.0,1409095000.0,,,6,CTM,1.0,nom normalisé,23266402.0,vérifié_par_rcai_moins_resultat_net,1.727813350770781e-05,23266000.0
CTM,Divers,2025,sociaux,,556100000.0,,68986000.0,,,,91725000.0,,70172000.0,1370741000.0,,,3,CTM,1.0,nom normalisé,21553492.0,vérifié_par_rcai_moins_resultat_net,2.282692753452666e-05,21553000.0
Cartier Saada,Agroalimentaire,2008,sociaux,,,99555.62,,,,,,,,,,,1,Cartier Saada,1.0,nom normalisé,20634639.0,provisoire_un_seul_type_disponible,,
Cartier Saada,Agroalimentaire,2018,sociaux,,,,,,,,,,2544697220.0,,,,1,Cartier Saada,1.0,nom normalisé,1123600.0,provisoire_un_seul_type_disponible,,
Cartier Saada,Agroalimentaire,2019,sociaux,,,,,,145859833.86,,,,1953762200.0,,,,2,Cartier Saada,1.0,nom normalisé,1246531.0,vérifié_par_impôt_du_pdf,,
Cartier Saada,Agroalimentaire,2020,consolides,92757000.0,,,,,,,,,,,,,1,Cartier Saada,1.0,nom normalisé,829186.0,provisoire_un_seul_type_disponible,,
Cartier Saada,Agroalimentaire,2023,sociaux,,,33917944.5,,,,,,,,,,,1,Cartier Saada,1.0,nom normalisé,641727.0,provisoire_un_seul_type_disponible,,
Cartier Saada,Agroalimentaire,2024,sociaux,,,26657818.07,,,,,,,,,,,1,Cartier Saada,1.0,nom normalisé,2825774.0,provisoire_un_seul_type_disponible,,
Cartier Saada,Agroalimentaire,2025,sociaux,,296694031.26,,,,,,6491136.56,,5736516.56,,,,3,Cartier Saada,1.0,contrôle ciblé rapport 2025,754620.0,vérifié_par_impôt_du_pdf,,754620.0
Ciments du Maroc,Bâtiment et matériaux de construction,2004,consolides,2644698000.0,,1016000.0,25954000.0,,1052404000.0,,,27463000.0,3407000.0,,,28503000.0,7,Ciment du Maroc,1.0,alias vérifié,254795855.0,provisoire_un_seul_type_disponible,,
Ciments du Maroc,Bâtiment et matériaux de construction,2005,consolides,3032307000.0,,1481000.0,,,1027790000.0,,,25953000.0,,,,19779000.0,5,Ciment du Maroc,1.0,alias vérifié,249573025.0,provisoire_un_seul_type_disponible,,
Ciments du Maroc,Bâtiment et matériaux de construction,2006,consolides,3477629000.0,,,,,995697000.0,,,,,,,12387000.0,3,Ciment du Maroc,1.0,alias vérifié,266624569.0,provisoire_un_seul_type_disponible,,
Ciments du Maroc,Bâtiment et matériaux de construction,2007,consolides,3862155000.0,,,,,,,,,,,,27563000.0,2,Ciment du Maroc,1.0,alias vérifié,275973664.0,provisoire_un_seul_type_disponible,,
Ciments du Maroc,Bâtiment et matériaux de construction,2008,consolides,4171557000.0,,,35833000.0,,1978879000.0,,,,340000.0,,,51015000.0,5,Ciment du Maroc,1.0,alias vérifié,251441716.0,provisoire_un_seul_type_disponible,,
Ciments du Maroc,Bâtiment et matériaux de construction,2009,consolides,4774284000.0,,950000000.0,,,3529117000.0,,,,,,,52244000.0,4,Ciment du Maroc,1.0,alias vérifié,375144632.44,provisoire_un_seul_type_disponible,,
Ciments du Maroc,Bâtiment et matériaux de construction,2010,consolides,5242346000.0,,1210000000.0,1155760000.0,,4259104000.0,,,,60.0,,,47836000.0,6,Ciment du Maroc,1.0,alias vérifié,272680915.0,provisoire_un_seul_type_disponible,,
Ciments du Maroc,Bâtiment et matériaux de construction,2011,consolides,5785043000.0,,770000000.0,1257961000.0,,4175360000.0,,,,68.0,,,35877000.0,6,Ciment du Maroc,1.0,alias vérifié,341019040.71,provisoire_un_seul_type_disponible,,
Ciments du Maroc,Bâtiment et matériaux de construction,2012,consolides,5935966000.0,,330000000.0,1073916000.0,,,,,,,,,,3,Ciment du Maroc,1.0,alias vérifié,206668743.0,provisoire_un_seul_type_disponible,,
Ciments du Maroc,Bâtiment et matériaux de construction,2013,consolides,6167385000.0,,,1129184000.0,,7247000.0,,,,,,,,3,Ciment du Maroc,1.0,alias vérifié,278821815.0,provisoire_un_seul_type_disponible,,
Ciments du Maroc,Bâtiment et matériaux de construction,2014,consolides,6303637000.0,,,1024475000.0,,,,,,56.0,,,71882000.0,4,Ciment du Maroc,1.0,alias vérifié,256475063.0,provisoire_un_seul_type_disponible,,
Ciments du Maroc,Bâtiment et matériaux de construction,2015,consolides,6254924000.0,,1110000.0,1176527000.0,,3198456000.0,,,,76.0,,,132598000.0,6,Ciment du Maroc,1.0,alias vérifié,379573794.86,provisoire_un_seul_type_disponible,,
Ciments du Maroc,Bâtiment et matériaux de construction,2016,consolides,5320575000.0,,,1288539000.0,,2897506000.0,,,,,,,,3,Ciment du Maroc,1.0,alias vérifié,19558491.0,provisoire_un_seul_type_disponible,,
Ciments du Maroc,Bâtiment et matériaux de construction,2018,consolides,4925798000.0,4020400000.0,7704000.0,1426104000.0,1620000000.0,2026304000.0,,,,1039597000.0,,,40841000.0,8,Ciment du Maroc,1.0,alias vérifié,391962761.0,provisoire_un_seul_type_disponible,,
Ciments du Maroc,Bâtiment et matériaux de construction,2020,sociaux,,,,,,,44910000.0,,133418000.0,,,,,2,Ciment du Maroc,1.0,alias vérifié,307196799.0,vérifié_par_impôt_du_pdf,,
Ciments du Maroc,Bâtiment et matériaux de construction,2021,sociaux,,,,,,,,,,224468138397.0,,,,1,Ciment du Maroc,1.0,alias vérifié,454631354.0,vérifié_par_impôt_du_pdf,,
Ciments du Maroc,Bâtiment et matériaux de construction,2022,consolides,3321526000.0,1320000000.0,407000.0,1327000000.0,1587000000.0,1711072000.0,3360000.0,,79168000.0,,4793279000.0,,96059000.0,10,Ciment du Maroc,1.0,alias vérifié,363846700.0,provisoire_un_seul_type_disponible,,
Ciments du Maroc,Bâtiment et matériaux de construction,2023,consolides,3428715000.0,4305000000.0,407000.0,1428000000.0,1654000000.0,1659800000.0,-10170000.0,,-6351000.0,,4934708000.0,,112900000.0,10,Ciment du Maroc,1.0,alias vérifié,391628469.0,provisoire_un_seul_type_disponible,,
Ciments du Maroc,Bâtiment et matériaux de construction,2025,sociaux,,,,,,,6931000.0,,19611000.0,899492066.58,,,,3,Ciment du Maroc,1.0,alias vérifié,551058585.0,vérifié_par_impôt_du_pdf,,
Colorado,Chimie,2012,sociaux,,,,64996484.4,-537.0,17976674.47,,,-10626276.33,39625052.51,,,,5,COLORADO,1.0,nom normalisé,15437284.0,provisoire_un_seul_type_disponible,,
Colorado,Chimie,2013,sociaux,333273450.16,,23440508.88,80435139.99,,17976674.47,,-13819.29,-9463027.19,48031304.63,,,,7,COLORADO,1.0,nom normalisé,20871604.0,provisoire_un_seul_type_disponible,,
Colorado,Chimie,2014,sociaux,335832951.82,,23609833.02,79934896.49,31975592.77,,,,-8075944.82,47322453.66,,,,6,COLORADO,1.0,nom normalisé,22054635.0,provisoire_un_seul_type_disponible,,
Colorado,Chimie,2018,sociaux,,201000000.0,,,,,,,,,,,,1,COLORADO,1.0,nom normalisé,15788480.0,provisoire_un_seul_type_disponible,,
Colorado,Chimie,2019,sociaux,,,,,,,,,,201000000.0,,,,1,COLORADO,1.0,nom normalisé,17185710.0,provisoire_un_seul_type_disponible,,
Colorado,Chimie,2022,sociaux,319949739.73,,,,,,,,,2.19,,,,2,COLORADO,1.0,nom normalisé,13167286.0,provisoire_un_seul_type_disponible,,
Colorado,Chimie,2023,sociaux,317240764.65,,,,,,,,,2.74,,,,2,COLORADO,1.0,nom normalisé,13312385.0,provisoire_un_seul_type_disponible,,
Colorado,Chimie,2025,sociaux,,,,,,,,,-10400000.0,,,,,1,Colorado,1.0,contrôle ciblé rapport 2025,20373949.0,vérifié_par_impôt_du_pdf,,
Cosumar,Agroalimentaire,2008,consolides,2440300000.0,5698700000.0,545600000.0,809100000.0,,2978100000.0,-11600000.0,770600000.0,-41300000.0,507700000.0,5992900000.0,,67700000.0,11,Cosumar,1.0,nom normalisé,190157456.0,provisoire_un_seul_type_disponible,,
Cosumar,Agroalimentaire,2009,sociaux,419105700.0,,500000000.0,725510202.96,838467847.7,2272942179.9,,,90388132.4,515487014.16,,,,7,Cosumar,1.0,nom normalisé,199032753.0,vérifié_par_impôt_du_pdf,,
Cosumar,Agroalimentaire,2010,sociaux,477071145.04,,360000000.0,698847838.5,852522618.48,3844403968.06,,,128416685.19,580185771.64,,,,7,Cosumar,1.0,nom normalisé,140816227.0,provisoire_un_seul_type_disponible,,
Cosumar,Agroalimentaire,2013,consolides,,,,993200000.0,,,,922800000.0,-71300000.0,639400000.0,8582300000.0,,,5,Cosumar,1.0,nom normalisé,196501690.0,provisoire_un_seul_type_disponible,,
Cosumar,Agroalimentaire,2014,sociaux,2715992834.23,5273601226.17,,,,2885315576.58,,,,433544816.9,,,,4,Cosumar,1.0,nom normalisé,146280273.0,vérifié_par_impôt_du_pdf,,
Cosumar,Agroalimentaire,2015,sociaux,2774801364.74,5273601226.17,330000000.0,881034518.45,,4602198585.67,,727145043.51,103532351.35,490487401.51,,,,8,Cosumar,1.0,nom normalisé,236657642.0,provisoire_un_seul_type_disponible,,
Cosumar,Agroalimentaire,2016,sociaux,3266926935.89,6387473512.69,,1108012581.92,,5235918261.34,,1165031212.63,128933166.67,802505014.63,,,,7,Cosumar,1.0,nom normalisé,362526198.0,vérifié_par_rcai_moins_resultat_net,3.288294479362875e-16,362526198.0000001
Cosumar,Agroalimentaire,2017,sociaux,3618741594.94,6261217618.65,,1099682436.52,,3645384111.46,,1243314597.05,161447072.71,800762387.35,,,,7,Cosumar,1.0,nom normalisé,345574220.0,vérifié_par_impôt_du_pdf,,
Cosumar,Agroalimentaire,2018,sociaux,3789589692.29,6261217618.65,3869802.37,1052365057.46,,5722643062.33,,1094973318.35,152217434.59,,,,,7,Cosumar,1.0,nom normalisé,294210931.0,vérifié_par_impôt_du_pdf,,
Cosumar,Agroalimentaire,2019,consolides,4182000000.0,6676200000.0,138600000.0,1041500000.0,,4512100000.0,-20200000.0,1196700000.0,-10500000.0,871100000.0,10995500000.0,,584500000.0,11,Cosumar,1.0,nom normalisé,325611059.0,vérifié_par_rcai_moins_resultat_net,3.396383413377861e-05,325600000.0
Cosumar,Agroalimentaire,2020,consolides,4186900000.0,6979600000.0,86400000.0,927600000.0,,4547500000.0,-33100000.0,860200000.0,57300000.0,593800000.0,11540800000.0,,632200000.0,11,Cosumar,1.0,nom normalisé,266449348.0,provisoire_un_seul_type_disponible,,
Cosumar,Agroalimentaire,2021,consolides,5419400000.0,7552800000.0,76900000.0,1016300000.0,1202000000.0,4403200000.0,4700000.0,1154800000.0,156500000.0,7500000.0,12155300000.0,,671800000.0,12,Cosumar,1.0,nom normalisé,308964703.0,provisoire_un_seul_type_disponible,,
Cosumar,Agroalimentaire,2022,sociaux,4595804470.02,,,,,,,,,,,,,1,Cosumar,1.0,nom normalisé,349950242.0,vérifié_par_impôt_du_pdf,,
Cosumar,Agroalimentaire,2023,sociaux,4358051772.71,202000000.0,,,,,,,,,,,,2,Cosumar,1.0,nom normalisé,508273674.0,vérifié_par_impôt_du_pdf,,
Cosumar,Agroalimentaire,2024,sociaux,4595804470.02,51000000.0,,,,,,,,,,,,2,Cosumar,1.0,nom normalisé,487874939.0,vérifié_par_impôt_du_pdf,,
Cosumar,Agroalimentaire,2025,sociaux,5026604796.72,,,,,,,,,945000000.0,,,,2,Cosumar,1.0,contrôle ciblé rapport 2025,375170429.0,vérifié_par_impôt_du_pdf,,
Crédit du Maroc,Banques,2006,consolides,,,,,,,5122000.0,,,2975000.0,1952109000.0,,,3,Crédit du Maroc,1.0,nom normalisé,157345827.63,provisoire_un_seul_type_disponible,,
Crédit du Maroc,Banques,2007,consolides,,,,,,,7525000.0,,,734000.0,2142777000.0,,,3,Crédit du Maroc,1.0,nom normalisé,150446621.22,provisoire_un_seul_type_disponible,,
Crédit du Maroc,Banques,2009,sociaux,,,,,,1599802000.0,,,,361442000.0,,,,2,Crédit du Maroc,1.0,nom normalisé,222443000.0,provisoire_un_seul_type_disponible,,
Crédit du Maroc,Banques,2010,sociaux,,,,,,,,,,409378000.0,,,,1,Crédit du Maroc,1.0,nom normalisé,171921000.0,provisoire_un_seul_type_disponible,,
Crédit du Maroc,Banques,2012,consolides,,,,,,,,,,37.27,,,,1,Crédit du Maroc,1.0,nom normalisé,230556000.0,provisoire_un_seul_type_disponible,,
Crédit du Maroc,Banques,2013,sociaux,,,,,,2017595000.0,,,,,,,,1,Crédit du Maroc,1.0,nom normalisé,77416000.0,vérifié_par_impôt_du_pdf,,
Crédit du Maroc,Banques,2014,sociaux,,,,,,983835000.0,,,,,,,,1,Crédit du Maroc,1.0,nom normalisé,113757000.0,vérifié_par_impôt_du_pdf,,
Crédit du Maroc,Banques,2017,consolides,4658703000.0,,,18106000.0,,1247315000.0,363580000.0,3800.0,,,,,2071975000.0,6,Crédit du Maroc,1.0,nom normalisé,203302000.0,provisoire_un_seul_type_disponible,,
Crédit du Maroc,Banques,2019,sociaux,,,,,,2319241000.0,,-16345000.0,,-10297000.0,,,1574949000.0,4,Crédit du Maroc,1.0,nom normalisé,263875000.0,vérifié_par_impôt_du_pdf,,
Crédit du Maroc,Banques,2020,consolides,5721318000.0,,,790340000.0,,1410030000.0,,,,321000000.0,5171858000.0,,3617836000.0,6,Crédit du Maroc,1.0,nom normalisé,196802000.0,provisoire_un_seul_type_disponible,,
Crédit du Maroc,Banques,2022,sociaux,,,,,,2542060000.0,,,,,,,,1,Crédit du Maroc,1.0,nom normalisé,211890000.0,vérifié_par_impôt_du_pdf,,
Crédit du Maroc,Banques,2023,consolides,1050261000.0,,,960782000.0,,1620977000.0,17885000.0,878743135.0,,590574000.0,11342568000.0,,3259110000.0,8,Crédit du Maroc,1.0,nom normalisé,380083000.0,provisoire_un_seul_type_disponible,,
Crédit du Maroc,Banques,2024,consolides,7878853000.0,,,1346910000.0,,1622972000.0,5003000.0,1293543000.0,,445000000.0,9797821000.0,,2525258000.0,8,Crédit du Maroc,1.0,nom normalisé,552594000.0,vérifié_par_impôt_du_pdf,,
Crédit du Maroc,Banques,2025,consolides,2410234000.0,,,1525211000.0,,1606804000.0,1282000.0,1350173000.0,,886859000.0,11954746000.0,,3932314000.0,8,Crédit du Maroc,1.0,contrôle ciblé rapport 2025,680270000.0,vérifié_par_impôt_du_pdf,,463314000.0
DELATTRE LEVIVIER MAROC,Divers,2009,sociaux,,,,,,2840770.6,,,,,,,,1,DELATTRE LEVIVIER MAROC (DLM),1.0,alias vérifié,5070274.0,provisoire_un_seul_type_disponible,,
DELATTRE LEVIVIER MAROC,Divers,2010,sociaux,,,,1659.0,,,,,,,,,,1,DELATTRE LEVIVIER MAROC (DLM),1.0,alias vérifié,13128761.0,provisoire_un_seul_type_disponible,,
DELATTRE LEVIVIER MAROC,Divers,2011,sociaux,,,,201.0,,,,,,,,,,1,DELATTRE LEVIVIER MAROC (DLM),1.0,alias vérifié,8133138.0,provisoire_un_seul_type_disponible,,
DELATTRE LEVIVIER MAROC,Divers,2012,sociaux,,,,,,16636322.25,,,,,,,,1,DELATTRE LEVIVIER MAROC (DLM),1.0,alias vérifié,4559241.0,provisoire_un_seul_type_disponible,,
DELATTRE LEVIVIER MAROC,Divers,2013,sociaux,,,,,,121102778.17,,,,,,,,1,DELATTRE LEVIVIER MAROC (DLM),1.0,alias vérifié,9333742.0,vérifié_par_impôt_du_pdf,,
DELATTRE LEVIVIER MAROC,Divers,2014,sociaux,125000000.0,,100535461.94,64762342.34,89674953.06,140056704.75,,,28814276.79,12072603.53,,,,7,DELATTRE LEVIVIER MAROC (DLM),1.0,alias vérifié,11160098.0,vérifié_par_impôt_du_pdf,,
DELATTRE LEVIVIER MAROC,Divers,2015,sociaux,125000000.0,,83247742.78,53776293.68,76613409.05,385414995.14,,,34017130.39,13293520.82,,,,7,DELATTRE LEVIVIER MAROC (DLM),1.0,alias vérifié,5711612.0,vérifié_par_impôt_du_pdf,,
DELATTRE LEVIVIER MAROC,Divers,2016,sociaux,125000000.0,,150200072.33,46173579.88,68540184.16,387996652.34,,,-29853509.96,11543010.78,,,,7,DELATTRE LEVIVIER MAROC (DLM),1.0,alias vérifié,5635258.0,vérifié_par_impôt_du_pdf,,
DELATTRE LEVIVIER MAROC,Divers,2018,sociaux,134325465.08,,152324846.01,93174.43,-111164915.58,212162839.0,,103988191.87,-93174.43,,,,,7,DELATTRE LEVIVIER MAROC (DLM),1.0,alias vérifié,3558360.0,vérifié_par_impôt_du_pdf,,
DELATTRE LEVIVIER MAROC,Divers,2020,consolides,-12436000.0,105834000.0,,-71487000.0,,,-8300000.0,-64004000.0,-3123000.0,-66429000.0,1272189000.0,,6374000.0,8,DELATTRE LEVIVIER MAROC (DLM),1.0,alias vérifié,730343.0,vérifié_par_impôt_du_pdf,,
DELTA HOLDING S.A,Sociétés de portefeuilles holdings,2008,sociaux,667205610000.0,,,,,,,,,,,,,1,DELTA HOLDING S.A,1.0,nom normalisé,2392020.0,provisoire_un_seul_type_disponible,,
DELTA HOLDING S.A,Sociétés de portefeuille,2009,sociaux,985472801.11,60733097.38,0.0,27841097.88,32697755.06,32133001.58,,227495853.86,168050485.39,213263277.86,1012295434.53,26822633.42,113998226.44,12,DELTA HOLDING S.A,1.0,publication annuelle officielle,14232576.0,vérifié_par_impôt_du_pdf,0.0,14232576.0
DELTA HOLDING S.A,Sociétés de portefeuille,2010,sociaux,1054377656.77,67413834.05,0.0,32465778.63,36935421.84,25725245.67,,211539092.75,166333730.2,200304855.66,1068092817.79,13715161.02,65171026.9,12,DELTA HOLDING S.A,1.0,publication annuelle officielle,11234237.09,vérifié_par_impôt_du_pdf,-3.725290298461914e-09,11234237.09
DELTA HOLDING S.A,Sociétés de portefeuille,2014,sociaux,1255723545.64,78052879.38,205000000.0,38063191.29,44873862.44,23722569.19,,170102452.08,134393346.03,162140419.08,1645686729.29,389963183.65,77391189.34,12,DELTA HOLDING S.A,1.0,comparatif officiel annuel,7962033.0,vérifié_par_impôt_du_pdf,0.0,7962033.0
DELTA HOLDING S.A,Sociétés de portefeuille,2015,sociaux,1234943197.49,83081851.9,180000000.0,32029172.15,38827444.8,23914932.5,,115926960.85,83613632.7,110619651.85,1542945867.46,308002669.97,2182948.41,12,DELTA HOLDING S.A,1.0,comparatif officiel annuel,5307309.0,vérifié_par_impôt_du_pdf,0.0,5307309.0
DELTA HOLDING S.A,Sociétés de portefeuille,2016,sociaux,1310959712.57,82116209.56,0.0,34708798.9,37432075.22,23803762.85,,190594606.08,155499780.33,181136515.08,1541757709.07,230797996.5,901758.52,12,DELTA HOLDING S.A,1.0,comparatif officiel annuel,9458091.0,vérifié_par_impôt_du_pdf,0.0,9458091.0
DELTA HOLDING S.A,Sociétés de portefeuille,2017,sociaux,1329770504.23,67233445.47,0.0,16785730.08,19737443.18,22436479.2,,129335359.66,116050395.16,123930791.66,1540484884.09,210714379.86,992494.96,12,DELTA HOLDING S.A,1.0,comparatif officiel 2018/2017,5404568.0,vérifié_par_impôt_du_pdf,0.0,5404568.0
DELTA HOLDING S.A,Sociétés de portefeuille,2018,sociaux,1383441064.26,69913039.51,0.0,19041888.9,22026426.71,21556020.22,,191446862.03,172166738.97,185070560.03,1725208463.75,341767399.49,1994507.46,12,DELTA HOLDING S.A,1.0,comparatif officiel 2018/2017,6376302.0,vérifié_par_impôt_du_pdf,0.0,6376302.0
DELTA HOLDING S.A,Sociétés de portefeuilles holdings,2019,sociaux,1412243274.22,,,,,,,171629504.76,,,,,,2,DELTA HOLDING S.A,1.0,nom normalisé,11620600.0,vérifié_par_impôt_du_pdf,,
DELTA HOLDING S.A,Sociétés de portefeuilles holdings,2020,sociaux,1383889143.94,,,,,,,,,,,,,1,DELTA HOLDING S.A,1.0,nom normalisé,1104788.0,vérifié_par_impôt_du_pdf,,
DELTA HOLDING S.A,Sociétés de portefeuilles holdings,2021,sociaux,1412243274.22,,,,,,,,,145266525.03,,,,2,DELTA HOLDING S.A,1.0,nom normalisé,15070783.0,vérifié_par_impôt_du_pdf,,
DELTA HOLDING S.A,Sociétés de portefeuilles holdings,2022,sociaux,1557451927.58,,,,,,,,,,,,,1,DELTA HOLDING S.A,1.0,nom normalisé,10511090.0,vérifié_par_impôt_du_pdf,,
DELTA HOLDING S.A,Sociétés de portefeuilles holdings,2023,sociaux,1702365831.3,,,,,,,,,,,,,1,DELTA HOLDING S.A,1.0,nom normalisé,6969165.0,vérifié_par_impôt_du_pdf,,
DELTA HOLDING S.A,Sociétés de portefeuilles holdings,2024,sociaux,1713132951.91,,,,,,,,,145767194.09,,,,2,DELTA HOLDING S.A,1.0,nom normalisé,9491501.0,vérifié_par_impôt_du_pdf,,
DELTA HOLDING S.A,Sociétés de portefeuilles holdings,2025,sociaux,1736251853.13,,,,,,,,,176151674.63,,,,2,DELTA HOLDING S.A,1.0,nom normalisé,16604015.0,vérifié_par_impôt_du_pdf,,
DISTY RFA,"Matériels, logiciels et services informatiques",2021,sociaux,99811000.0,,7968964.28,32108000000.0,,1983591.11,,26463000.0,-5377000000.0,4134452.49,,,,7,DISTY RFA,1.0,nom normalisé,8191931.0,provisoire_un_seul_type_disponible,,
DISTY RFA,"Matériels, logiciels et services informatiques",2022,sociaux,162429915.14,202000000.0,6092742.27,26344000000.0,,3485429.27,,7332000.0,-17766000000.0,-2.0,,,,8,DISTY RFA,1.0,nom normalisé,3197250.0,provisoire_un_seul_type_disponible,,
DISTY RFA,"Matériels, logiciels et services informatiques",2023,sociaux,171233239.0,56000000.0,4164942.77,29145.0,21100000.0,3666440.15,,27713.0,-7128.0,,,,,8,DISTY RFA,1.0,nom normalisé,2928870.0,vérifié_par_impôt_du_pdf,,
DISTY RFA,"Matériels, logiciels et services informatiques",2024,sociaux,,,,29705667.09,,,,22293214.78,6685642.22,,,,,3,DISTY RFA,1.0,nom normalisé,2929158.0,vérifié_par_impôt_du_pdf,,
DISTY RFA,"Matériels, logiciels et services informatiques",2025,sociaux,,,,35929036.65,,,,29615892.91,4571016.07,25878107.91,,,,4,DISTY RFA,1.0,nom normalisé,3737785.0,vérifié_par_rcai_moins_resultat_net,0.0,3737785.0
DISWAY,Distributeurs,2024,sociaux,625444434.25,1601013160.52,68162603.4,76456849.53,,185485513.76,,87348236.79,14897481.27,67189047.79,1170994480.62,545550046.37,41306391.48,11,DISWAY,1.0,comparatif officiel du RFA 2025,20159189.0,vérifié_par_impôt_du_pdf,0.0,20159189.0
DISWAY,Distributeurs,2025,sociaux,,1585037428.91,,76456849.53,,,,87348236.79,14897481.27,67189047.79,1170994480.62,,,6,DISWAY,1.0,contrôle RFA/publication 2025,20159189.0,vérifié_par_impôt_du_pdf,0.0,20159189.0
Dari couspate,Agroalimentaire,2021,sociaux,,698100000.0,,,,,,,,,,,,1,Dari couspate,1.0,nom normalisé,23417318.0,provisoire_un_seul_type_disponible,,
Dari couspate,Agroalimentaire,2022,sociaux,,781500000.0,,,,,,,,,,,,1,Dari couspate,1.0,nom normalisé,7332705.0,provisoire_un_seul_type_disponible,,
Dari couspate,Agroalimentaire,2025,sociaux,374351492.96,814205707.4,0.0,76439847.13,,75029642.37,,76593839.67,2481912.02,56509255.67,689819897.57,315468404.61,38395809.88,11,Dari couspate,1.0,contrôle rapport annuel 2025,20084584.0,vérifié_par_impôt_du_pdf,0.0,20084584.0
ENNAKL,Distributeurs,2024,sociaux,625448736.3744,1902825044.033333,34059810.1881,156783141.15125,176931162.09375,200827535.2182,,195848205.5823333,39663636.89625,141414361.52675,1209161955.5436,583713219.1692001,94396197.73560001,12,ENNAKL,1.0,comparatif officiel + conversion BAM,54433844.05558334,vérifié_par_impôt_du_pdf,7.450580596923828e-09,54433844.05558333
ENNAKL,Distributeurs,2025,sociaux,698803046.3548,1924648186.2039,4712555.9638,174495494.619,194382837.6255,201524297.6837,,239316963.2721,58638679.0749,161427262.4406,1377653623.0221,678850576.6673,32185352.3264,12,ENNAKL,1.0,publication officielle + conversion BAM,77889700.83150001,vérifié_par_impôt_du_pdf,1.490116119384766e-08,77889700.8315
Eqdom,Sociétés de financement,2006,sociaux,,,,,,17589000.0,,132029.0,,1504404.0,,,,3,Eqdom,1.0,nom normalisé,110969000.0,provisoire_un_seul_type_disponible,,
Eqdom,Sociétés de financement,2007,sociaux,,,,,,170693000.0,,337261000.0,,205232179039.0,,,,3,Eqdom,1.0,nom normalisé,132029000.0,provisoire_un_seul_type_disponible,,
Eqdom,Sociétés de financement,2008,sociaux,,,,,,186004000.0,,,,,,,,1,Eqdom,1.0,nom normalisé,130814000.0,provisoire_un_seul_type_disponible,,
Eqdom,Sociétés de financement,2009,consolides,,,,,,18524000.0,,,,,,,,1,Eqdom,1.0,nom normalisé,129000000.0,provisoire_un_seul_type_disponible,,
Eqdom,Sociétés de financement,2010,consolides,,,,,,,,,,230287000.0,,,,1,Eqdom,1.0,nom normalisé,135965000.0,provisoire_un_seul_type_disponible,,
Eqdom,Sociétés de financement,2011,sociaux,,,,,,,,125630000.0,,2254498000.0,,,,2,Eqdom,1.0,nom normalisé,135452000.0,provisoire_un_seul_type_disponible,,
Eqdom,Sociétés de financement,2012,sociaux,,,,,,218104000.0,,84048000.0,,2088085000.0,,,,3,Eqdom,1.0,nom normalisé,152630000.0,provisoire_un_seul_type_disponible,,
Eqdom,Sociétés de financement,2013,sociaux,,,,,,222887000.0,,71686000.0,,2115565000.0,,,,3,Eqdom,1.0,nom normalisé,87624000.0,vérifié_par_impôt_du_pdf,,
Eqdom,Sociétés de financement,2014,sociaux,,,,,,229638000.0,,79134000.0,,1989864000.0,,,,3,Eqdom,1.0,nom normalisé,74593000.0,vérifié_par_impôt_du_pdf,,
Eqdom,Sociétés de financement,2015,sociaux,,,,,,232768000.0,,,,,,,,1,Eqdom,1.0,nom normalisé,82336000.0,vérifié_par_impôt_du_pdf,,
Eqdom,Sociétés de financement,2016,consolides,,,,,,235582000.0,,,,150725000.0,,,,2,Eqdom,1.0,nom normalisé,10762000.0,provisoire_un_seul_type_disponible,,
Eqdom,Sociétés de financement,2017,consolides,,,,,,220291000.0,,,,135640000.0,,,,2,Eqdom,1.0,nom normalisé,69613000.0,provisoire_un_seul_type_disponible,,
Eqdom,Sociétés de financement,2018,sociaux,,,,,,7856000.0,,80610000.0,,2595799000.0,,,,3,Eqdom,1.0,nom normalisé,70732000.0,vérifié_par_impôt_du_pdf,,
Eqdom,Sociétés de financement,2020,sociaux,,,,,,,,70510000.0,,,,,,1,Eqdom,1.0,nom normalisé,36124000.0,provisoire_un_seul_type_disponible,,
Eqdom,Sociétés de financement,2021,sociaux,,,,,,6494000.0,,95667000.0,,35064000.0,,,,3,Eqdom,1.0,nom normalisé,60604000.0,provisoire_un_seul_type_disponible,,
Eqdom,Sociétés de financement,2024,sociaux,,,,,,4337000.0,,77000000.0,,202000000.0,,,,3,Eqdom,1.0,nom normalisé,83847000.0,vérifié_par_impôt_du_pdf,,
Eqdom,Sociétés de financement,2025,sociaux,,,,,,,,151000000.0,,,,,,1,Eqdom,1.0,nom normalisé,55641000.0,provisoire_un_seul_type_disponible,,
Fenie Brossette,Distributeurs,2010,sociaux,,,,,,1080490260.0,,,,,,,,1,FENIE BROSETTE,0.9655172413793104,rapprochement approché,16670144.0,provisoire_un_seul_type_disponible,,
Fenie Brossette,Distributeurs,2011,sociaux,,,,,,1824681390.0,,,,,,,,1,FENIE BROSETTE,0.9655172413793104,rapprochement approché,5423094.0,provisoire_un_seul_type_disponible,,
Fenie Brossette,Distributeurs,2018,sociaux,-18683170.0,,,,,,,,,,,,,1,FENIE BROSETTE,0.9655172413793104,rapprochement approché,2696288.99,provisoire_un_seul_type_disponible,,
Fenie Brossette,Distributeurs,2021,consolides,,,,,,,,,,1.7,,,,1,FENIE BROSETTE,0.9655172413793104,rapprochement approché,2661961.95,provisoire_un_seul_type_disponible,,
Fenie Brossette,Distributeurs,2022,sociaux,,569081279.98,,16207441.74,,,,26805100.48,-5834297.38,24524044.48,,,,5,Fenie Brossette,1.0,comparatif officiel RFA 2023,2281056.0,vérifié_par_impôt_du_pdf,0.0,2281056.0
Fenie Brossette,Distributeurs,2023,sociaux,,602966700.73,,17475432.15,,,,13512106.71,-3930299.83,11739351.71,,,,5,Fenie Brossette,1.0,comparatif officiel RFA 2023,1772755.0,vérifié_par_impôt_du_pdf,0.0,1772755.0
Fenie Brossette,Distributeurs,2024,sociaux,,698037146.33,,24611298.36,,,,19804698.61,-4719131.59,14407477.61,,,,5,Fenie Brossette,1.0,comparatif officiel RFA 2025,5397221.0,vérifié_par_impôt_du_pdf,0.0,5397221.0
Fenie Brossette,Distributeurs,2025,sociaux,176897395.75,756514194.28,2531250.32,32235739.39,,252480041.57,,24055529.83,-6040164.04,17900192.83,,,,8,Fenie Brossette,1.0,comparatif officiel RFA 2025,6155337.0,vérifié_par_impôt_du_pdf,0.0,6155337.0
HPS,"Matériels, logiciels et services informatiques",2010,consolides,70359900.0,,,19230781.0,,,,,,22878094.0,,,,3,HPS,1.0,nom normalisé,3217822.0,provisoire_un_seul_type_disponible,,
HPS,"Matériels, logiciels et services informatiques",2011,sociaux,130385848.38,,,,,,,,,47086319.19,,,,2,HPS,1.0,nom normalisé,868210.0,vérifié_par_impôt_du_pdf,,
HPS,"Matériels, logiciels et services informatiques",2013,sociaux,162403478.9,,,,,,,22494941.29,,21599206.29,,,,3,HPS,1.0,nom normalisé,895735.0,provisoire_un_seul_type_disponible,,
HPS,"Matériels, logiciels et services informatiques",2014,sociaux,,,,,,,,,,23491619.0,,,,1,HPS,1.0,nom normalisé,3912670.0,provisoire_un_seul_type_disponible,,
HPS,"Matériels, logiciels et services informatiques",2015,sociaux,,,,,,,,,,36205110.0,,,,1,HPS,1.0,nom normalisé,8103419.0,provisoire_un_seul_type_disponible,,
HPS,"Matériels, logiciels et services informatiques",2018,consolides,,,,110.9,,,,,,92.2,,,,2,HPS,1.0,nom normalisé,20552090.0,provisoire_un_seul_type_disponible,,
HPS,"Matériels, logiciels et services informatiques",2019,sociaux,,,,,,,,,,,,,85467000.0,1,HPS,1.0,nom normalisé,22129173.0,vérifié_par_impôt_du_pdf,,
HPS,"Matériels, logiciels et services informatiques",2020,sociaux,,,,,,,,,,,,,223557000.0,1,HPS,1.0,nom normalisé,15861616.0,vérifié_par_impôt_du_pdf,,
HPS,"Matériels, logiciels et services informatiques",2023,consolides,,5345000.0,26574000.0,,246.6,125852000.0,2051656000.0,-4000000.0,,,920000000.0,,,7,HPS,1.0,nom normalisé,61052087.0,vérifié_par_impôt_du_pdf,,
HPS,"Matériels, logiciels et services informatiques",2024,consolides,,5501000.0,62143000.0,,,12485000.0,-1109000000.0,-3000000.0,,,,,,5,HPS,1.0,nom normalisé,44329913.0,vérifié_par_impôt_du_pdf,,
HPS,"Matériels, logiciels et services informatiques",2025,consolides,,5483000.0,,,,,,,,31754680.0,,,,2,HPS,1.0,nom normalisé,24802036.0,vérifié_par_impôt_du_pdf,,
Holcim,Bâtiment et matériaux de construction,2007,consolides,,,2933449.0,,,,,,,-247886000.0,,,,2,Holcim,1.0,nom normalisé,178185234.48,provisoire_un_seul_type_disponible,,
Holcim,Bâtiment et matériaux de construction,2008,consolides,,,,,,,,,,1995284000.0,,,,1,Holcim,1.0,nom normalisé,163119884.03,provisoire_un_seul_type_disponible,,
Holcim,Bâtiment et matériaux de construction,2010,consolides,6216238000.0,5353697000.0,63163000.0,2405654000.0,,6811292000.0,3533690000.0,2363316000.0,-10767000.0,,8631658000.0,,569939000.0,10,Holcim,1.0,nom normalisé,265399322.89,provisoire_un_seul_type_disponible,,
Holcim,Bâtiment et matériaux de construction,2011,consolides,5094585000.0,5567171000.0,207198000.0,2375162000.0,,6570618000.0,,2359115000.0,10326000.0,1664205000.0,9361348000.0,,125634000.0,10,Holcim,1.0,nom normalisé,265500646.51,provisoire_un_seul_type_disponible,,
Holcim,Bâtiment et matériaux de construction,2012,consolides,4855947000.0,5043275000.0,,1951271000.0,,6344585000.0,,1828673000.0,-38349000.0,1265763000.0,8562115000.0,,695573000.0,9,Holcim,1.0,nom normalisé,189069587.08,provisoire_un_seul_type_disponible,,
Holcim,Bâtiment et matériaux de construction,2013,consolides,5100267000.0,5049806000.0,612000.0,2137401000.0,,6125432000.0,10582000.0,2016269000.0,-65320000.0,1399941000.0,8539906000.0,,1642892000.0,11,Holcim,1.0,nom normalisé,215326295.61,provisoire_un_seul_type_disponible,,
Holcim,Bâtiment et matériaux de construction,2014,consolides,4917744000.0,4934951000.0,,2046032000.0,,5919967000.0,14332000.0,1925871000.0,-46499000.0,1315614000.0,7906307000.0,,1911269000.0,10,Holcim,1.0,nom normalisé,269645116.0,provisoire_un_seul_type_disponible,,
Holcim,Bâtiment et matériaux de construction,2015,consolides,4849025000.0,5187735000.0,,2184625000.0,,5739573000.0,9177000.0,2068750000.0,-43765000.0,1401214000.0,7993339000.0,,2906257000.0,10,Holcim,1.0,nom normalisé,230965991.96,provisoire_un_seul_type_disponible,,
Holcim,Bâtiment et matériaux de construction,2025,consolides,12156299000.0,8155000000.0,3510859000.0,3294000000.0,,9815953000.0,964382000.0,3398533000.0,-198005000.0,1826000000.0,19994546000.0,,,10,Holcim,1.0,contrôle ciblé rapport 2025,1155515000.0,vérifié_par_impôt_du_pdf,,1572533000.0
IB Maroc.com,"Matériels, logiciels et services informatiques",2008,sociaux,41748600.0,,11300761.7,24351016.29,27991804.07,7572002.57,,20966014.26,,14416080.26,,,24185688.64,8,IB Maroc.com,1.0,nom normalisé,9790600.0,provisoire_un_seul_type_disponible,,
IB Maroc.com,"Matériels, logiciels et services informatiques",2009,sociaux,41748600.0,,7982903.47,31428335.41,35005157.81,24690544.16,,26597435.21,,18000863.21,,,24185688.64,8,IB Maroc.com,1.0,nom normalisé,8698672.0,provisoire_un_seul_type_disponible,,
IB Maroc.com,"Matériels, logiciels et services informatiques",2010,sociaux,41748600.0,,8402680.39,21636866.49,-19304039.81,8381560.53,,11898029.65,,8555643.65,,,,7,IB Maroc.com,1.0,nom normalisé,3342386.0,provisoire_un_seul_type_disponible,,
IB Maroc.com,"Matériels, logiciels et services informatiques",2011,sociaux,41748600.0,,14366829.3,-24662227.26,21643736.68,28477157.83,,-18304396.2,,-19496747.2,,,701522.08,8,IB Maroc.com,1.0,nom normalisé,1192351.0,provisoire_un_seul_type_disponible,,
IMMORENTE INVEST,Sociétés de placement immobilier,2016,sociaux,57974580.0,,202297215.0,1541611.94,3403265.01,22479314.63,,,-3853564.5,5007601.73,,,,7,IMMORENTE INVEST,1.0,nom normalisé,78824.0,provisoire_un_seul_type_disponible,,
IMMORENTE INVEST,Sociétés de placement immobilier,2019,consolides,,,,,,,,,,3700000.0,,,,1,IMMORENTE INVEST,1.0,nom normalisé,7214574.0,provisoire_un_seul_type_disponible,,
IMMORENTE INVEST,Sociétés de placement immobilier,2020,sociaux,815824133.76,,4354051.39,-1067040.65,1620660.82,28840575.05,,,20680605.91,16605452.59,,,,7,IMMORENTE INVEST,1.0,nom normalisé,3190725.0,vérifié_par_impôt_du_pdf,,
IMMORENTE INVEST,Sociétés de placement immobilier,2021,sociaux,811269150.75,,4552951.39,605359.06,8638930.35,,,,10752588.41,8955516.99,,,,6,IMMORENTE INVEST,1.0,nom normalisé,1825187.0,vérifié_par_impôt_du_pdf,,
IMMORENTE INVEST,Sociétés de placement immobilier,2022,sociaux,763125344.66,,5072056.99,1122010.06,24383862.27,363022958.93,,,1904832.1,1394693.91,,,,7,IMMORENTE INVEST,1.0,nom normalisé,1201164.0,vérifié_par_impôt_du_pdf,,
IMMORENTE INVEST,Sociétés de placement immobilier,2025,sociaux,637527007.41,,372284860.6,4762402.47,21754289.55,309451366.87,,,-6272633.84,-2400346.84,,,,7,IMMORENTE INVEST,1.0,contrôle ciblé rapport 2025,125403.0,vérifié_par_impôt_du_pdf,,
Involys,"Matériels, logiciels et services informatiques",2024,sociaux,90252994.6,37516821.87,8672951.73,1664692.5,,661793.6,,-23486.36,-2429914.31,-123469.25,124924150.46,34671155.86,254940.4,11,Involys,1.0,comparatif officiel du RFA 2025,99982.89,vérifié_par_impôt_du_pdf,0.0,99982.89
Involys,Télécommunications et nouvelles technologies,2025,sociaux,90369128.48,37387849.45,5706874.15,315064.97,,670753.44,,273286.88,-469577.73,116178.88,119873844.98,29504716.5,249750.77,11,Involys,1.0,contrôle rapport annuel 2025,157108.0,vérifié_par_impôt_du_pdf,0.0,157108.0
JALU (JET CONTRACTORS),Bâtiment,2024,sociaux,,2695481931.37,,200030084.57,,,,141189074.6,-60195239.23,76817079.29,,,,5,JALU (JET CONTRACTORS),1.0,comparatif officiel du RFA 2025,64371995.31,vérifié_par_impôt_du_pdf,1.490116119384766e-08,64371995.30999999
JALU (JET CONTRACTORS),Bâtiment et matériaux de construction,2025,sociaux,,,,,,,,238956471.42,,139962333.47,5646901866.67,,,3,JALU (JET CONTRACTORS),1.0,contrôle publication annuelle 2025,98994137.95,vérifié_par_impôt_du_pdf,1.490116119384766e-08,98994137.94999999
LABEL VIE,Distributeurs,2011,consolides,,,,,,,,,,63780133.14,,,,1,LABEL VIE,1.0,nom normalisé,11848326.81,provisoire_un_seul_type_disponible,,
LABEL VIE,Distributeurs,2014,consolides,,,,,,,,,,70969520.42,,,,1,LABEL VIE,1.0,nom normalisé,20285448.0,provisoire_un_seul_type_disponible,,
LABEL VIE,Distributeurs,2015,consolides,,,,,,,,,,56333568.0,,,,1,LABEL VIE,1.0,nom normalisé,25345920.0,provisoire_un_seul_type_disponible,,
LABEL VIE,Distributeurs,2018,consolides,,8500000000.0,,,8600000000.0,,,,-300000000.0,3500000000.0,,,,4,LABEL VIE,1.0,nom normalisé,74717513.0,provisoire_un_seul_type_disponible,,
LABEL VIE,Distributeurs,2019,sociaux,1475837293.59,,,,,,,433089575.75,,112.01,,,,3,LABEL VIE,1.0,nom normalisé,54409897.0,vérifié_par_impôt_du_pdf,,
LABEL VIE,Distributeurs,2024,consolides,3409746949.01,16417976508.23,5723611615.42,803599896.06,,,,819130374.34,43902736.25,559113645.16,15458511089.42,12048764140.41,,9,LABEL VIE,1.0,comparatif officiel RFA 2025,260016729.18,vérifié_par_impôt_du_pdf,-5.960464477539062e-08,260016729.1800001
LABEL VIE,Distributeurs,2025,consolides,3670153999.9,18534397910.76,6391365262.29,838715916.89,,,,831487637.41,43086765.51,593657993.13,17504590757.64,13834436757.74,,9,LABEL VIE,1.0,comparatif officiel RFA 2025,237829644.28,vérifié_par_impôt_du_pdf,2.980232238769531e-08,237829644.28
Les grandes marques et conserveries chérifiennes,Agroalimentaire,2006,sociaux,178044340.4,12068664.8,,-52441.92,22155132.12,90956302.34,,,64372.86,,,,,6,Les grandes marques et conserveries chérifiennes,1.0,nom normalisé,3813752.0,provisoire_un_seul_type_disponible,,
Les grandes marques et conserveries chérifiennes,Agroalimentaire,2007,sociaux,201826412.37,12068664.8,,,,139374792.85,,,,,,,,3,Les grandes marques et conserveries chérifiennes,1.0,nom normalisé,6980213.0,provisoire_un_seul_type_disponible,,
Les grandes marques et conserveries chérifiennes,Agroalimentaire,2008,sociaux,168278384.35,12922987.6,132862.51,23943836.58,21720341.04,145638984.08,,13645154.23,526550.54,8828988.02,,,,9,Les grandes marques et conserveries chérifiennes,1.0,nom normalisé,6980213.0,provisoire_un_seul_type_disponible,,
Lesieur cristal,Agroalimentaire,2007,consolides,276300000.0,3858400000.0,2100000.0,190500000.0,,677200000.0,300000.0,178500000.0,-2600000.0,124400000.0,2949800000.0,,,10,Lesieur,1.0,alias vérifié,51637542.0,provisoire_un_seul_type_disponible,,
Lesieur cristal,Agroalimentaire,2008,consolides,276300000.0,4496600000.0,,225500000.0,,670500000.0,1200000.0,248900000.0,,156500000.0,3100600000.0,,,8,Lesieur,1.0,alias vérifié,61416511.0,provisoire_un_seul_type_disponible,,
Lesieur cristal,Agroalimentaire,2012,consolides,-13000000.0,,,,,,,,-33000000.0,,3139000000.0,,,3,Lesieur,1.0,alias vérifié,52578099.0,provisoire_un_seul_type_disponible,,
Lesieur cristal,Agroalimentaire,2013,consolides,,4117000000.0,,,,77000000.0,64000000.0,,-23000000.0,,3151000000.0,,255000000.0,6,Lesieur,1.0,alias vérifié,76521436.0,provisoire_un_seul_type_disponible,,
Lesieur cristal,Agroalimentaire,2014,consolides,1522000000.0,3819000000.0,,,,,-12000000.0,,,,3291000000.0,,,4,Lesieur,1.0,alias vérifié,83516721.0,provisoire_un_seul_type_disponible,,
Lesieur cristal,Agroalimentaire,2015,consolides,1574000000.0,3985000000.0,37000000.0,,,,-18000000.0,,48000000.0,,3289000000.0,,,6,Lesieur,1.0,alias vérifié,88671740.63,provisoire_un_seul_type_disponible,,
Lesieur cristal,Agroalimentaire,2016,consolides,1622000000.0,4033000000.0,42000000.0,,,,-3000000.0,,,,3491000000.0,,,5,Lesieur,1.0,alias vérifié,86826620.0,provisoire_un_seul_type_disponible,,
Lesieur cristal,Agroalimentaire,2017,consolides,1675000000.0,4583000000.0,,,,,-1000000.0,,,,3409000000.0,,,4,Lesieur,1.0,alias vérifié,88400586.0,provisoire_un_seul_type_disponible,,
Lesieur cristal,Agroalimentaire,2018,consolides,1616000000.0,4298000000.0,169000000.0,,,,-1000000.0,,-18000000.0,,3698000000.0,,,6,Lesieur,1.0,alias vérifié,80163084.0,provisoire_un_seul_type_disponible,,
Lesieur cristal,Agroalimentaire,2019,consolides,,3893000000.0,,,,,,,,,3942000000.0,,,2,Lesieur,1.0,alias vérifié,80391130.0,provisoire_un_seul_type_disponible,,
Lesieur cristal,Agroalimentaire,2020,sociaux,1602473739.38,,,,,1742917131.95,,,,,,,,2,Lesieur,1.0,alias vérifié,80653357.0,vérifié_par_impôt_du_pdf,,
Lesieur cristal,Agroalimentaire,2021,sociaux,1651187951.34,,,,,2093199921.24,,,,,,,,2,Lesieur,1.0,alias vérifié,95008590.0,vérifié_par_impôt_du_pdf,,
Lesieur cristal,Agroalimentaire,2022,sociaux,1771593689.18,,,,,2151795755.55,,,,-2.0,,,,3,Lesieur,1.0,alias vérifié,185046160.0,vérifié_par_impôt_du_pdf,,
Lesieur cristal,Agroalimentaire,2023,sociaux,1656124468.47,5228985949.22,,,,2205921185.77,,27907189.29,,-2.0,,,,5,Lesieur,1.0,alias vérifié,19034615.0,vérifié_par_impôt_du_pdf,,
Lesieur cristal,Agroalimentaire,2024,consolides,6897000000.0,4778000000.0,,256000000.0,,1132000000.0,56000000.0,127000000.0,-49000000.0,37000000.0,5314000000.0,,,9,Lesieur,1.0,alias vérifié,89320470.0,vérifié_par_rcai_moins_resultat_net,0.007607774567240858,90000000.0
Lesieur cristal,Agroalimentaire,2025,consolides,1538000000.0,4740000000.0,,,,1108000000.0,87000000.0,,-43000000.0,-50000000.0,5302000000.0,,,7,Lesieur,1.0,alias vérifié,74601350.0,provisoire_un_seul_type_disponible,,
Lydec,Divers,2008,consolides,,5032660499.43,855456032.7,447032467.04,,67223271.22,,,,,,,,4,Lydec,1.0,nom normalisé,130880974.82,provisoire_un_seul_type_disponible,,
Lydec,Divers,2011,sociaux,1469345581.66,,1446344374.71,470139389.5,,405842486.63,,,-34717596.0,231392777.36,,,,6,Lydec,1.0,nom normalisé,144595917.76,provisoire_un_seul_type_disponible,,
Lydec,Divers,2012,sociaux,800000000.0,,1385535681.85,461464537.49,845174079.45,376713360.36,,,-40863427.43,274254278.18,,,,7,Lydec,1.0,nom normalisé,150175091.98,provisoire_un_seul_type_disponible,,
Lydec,Divers,2021,sociaux,,6334000000.0,,-63000000.0,1007000.0,,,,-42000000.0,67000000000.0,34000000.0,,,6,Lydec,1.0,nom normalisé,104115405.3,provisoire_un_seul_type_disponible,,
Lydec,Divers,2022,sociaux,,7279000.0,,,-202000000.0,,,,,,,,,2,Lydec,1.0,nom normalisé,80334203.0,provisoire_un_seul_type_disponible,,
Lydec,Divers,2023,sociaux,,7381000.0,,,,,,,,,4104000.0,,,2,Lydec,1.0,nom normalisé,127308324.82,provisoire_un_seul_type_disponible,,
Lydec,Divers,2024,sociaux,1818000.0,7599000000.0,,,,,,-8202658.77,,-129243937.77,15112000.0,,,4,Lydec,1.0,nom normalisé,121000000.0,provisoire_un_seul_type_disponible,,
M2M,"Matériels, logiciels et services informatiques",2007,consolides,109543892.2,,3339408.74,,,5437760.17,,,,,,,3651140.44,4,M2M Group,1.0,alias vérifié,13242971.93,provisoire_un_seul_type_disponible,,
M2M,"Matériels, logiciels et services informatiques",2008,consolides,120890550.1,,3246832.72,,,5182080.29,,,,,,,9286783.41,4,M2M Group,1.0,alias vérifié,10830299.04,provisoire_un_seul_type_disponible,,
M2M,"Matériels, logiciels et services informatiques",2015,sociaux,,,,,,,,,,-1.0,,,,1,M2M Group,1.0,alias vérifié,5829194.0,provisoire_un_seul_type_disponible,,
M2M,"Matériels, logiciels et services informatiques",2017,consolides,,,,-1.0,,,,,,,,,,1,M2M Group,1.0,alias vérifié,6673196.0,provisoire_un_seul_type_disponible,,
M2M,"Matériels, logiciels et services informatiques",2018,consolides,,,,,,,,,,135.5,,,,1,M2M Group,1.0,alias vérifié,6600631.0,provisoire_un_seul_type_disponible,,
M2M,"Matériels, logiciels et services informatiques",2019,consolides,,,,,,,,,,15.7,,,,1,M2M Group,1.0,alias vérifié,6562211.0,provisoire_un_seul_type_disponible,,
M2M,"Matériels, logiciels et services informatiques",2020,consolides,,64053821.0,,,,,,,,,,,,1,M2M Group,1.0,alias vérifié,2432891.0,provisoire_un_seul_type_disponible,,
M2M,"Matériels, logiciels et services informatiques",2021,consolides,44996000.0,42401072.0,,,,,,,,,,,,2,M2M Group,1.0,alias vérifié,238790.0,provisoire_un_seul_type_disponible,,
M2M,"Matériels, logiciels et services informatiques",2022,consolides,171983000.0,40045260.0,,,,5085894.0,,,,-44995968.07,,,38624076.0,5,M2M Group,1.0,alias vérifié,215923.0,provisoire_un_seul_type_disponible,,
M2M,"Matériels, logiciels et services informatiques",2023,consolides,54091258.0,49002809.0,,,,4265952.0,,,,-21602353.0,,,25026920.0,5,M2M Group,1.0,alias vérifié,1832000.0,provisoire_un_seul_type_disponible,,
M2M,"Matériels, logiciels et services informatiques",2024,consolides,,55935251.0,,,,,,,,20329809.7,,,,2,M2M Group,1.0,alias vérifié,1388172.0,provisoire_un_seul_type_disponible,,
M2M,"Matériels, logiciels et services informatiques",2025,consolides,,43410959.0,,,,,,,,6545127.0,,,,2,M2M Group,1.0,alias vérifié,2407214.0,provisoire_un_seul_type_disponible,,
MINIERE TOUISSIT,Mines,2008,sociaux,,,,,,,,,,93460015.35,,,,1,MINIERE TOUISSIT,1.0,nom normalisé,20438244.0,provisoire_un_seul_type_disponible,,
MINIERE TOUISSIT,Mines,2009,sociaux,,,,,,,,,,206834270.31,,,,1,MINIERE TOUISSIT,1.0,nom normalisé,48772187.0,provisoire_un_seul_type_disponible,,
MINIERE TOUISSIT,Mines,2010,sociaux,514595441.23,,,,,247522962.15,,,,264992236.07,,,,3,MINIERE TOUISSIT,1.0,nom normalisé,62798856.0,vérifié_par_impôt_du_pdf,,
MINIERE TOUISSIT,Mines,2011,sociaux,728289764.72,,,,,390300800.83,,448015453.49,12544129.69,362194323.49,,,,5,MINIERE TOUISSIT,1.0,nom normalisé,85821130.0,vérifié_par_rcai_moins_resultat_net,0.0,85821130.0
MINIERE TOUISSIT,Mines,2018,sociaux,606794593.2,,,,,,,247328975.76,,109.47,,,,3,MINIERE TOUISSIT,1.0,nom normalisé,43041223.0,provisoire_un_seul_type_disponible,,
MINIERE TOUISSIT,Mines,2019,sociaux,708482588.26,511000000.0,,,,,,,,,,,,2,MINIERE TOUISSIT,1.0,nom normalisé,44549305.0,provisoire_un_seul_type_disponible,,
MINIERE TOUISSIT,Mines,2020,consolides,,202000000.0,,189900000.0,,,,,9700000.0,152200000.0,,,,4,MINIERE TOUISSIT,1.0,nom normalisé,34984382.0,provisoire_un_seul_type_disponible,,
MINIERE TOUISSIT,Mines,2021,sociaux,590154001.57,,383666256.65,,,589100997.9,,,,,,,,3,MINIERE TOUISSIT,1.0,nom normalisé,42869893.0,vérifié_par_impôt_du_pdf,,
MINIERE TOUISSIT,Mines,2022,sociaux,647278459.2,,286223697.29,,,982854606.74,,,,,,,,3,MINIERE TOUISSIT,1.0,nom normalisé,59944735.0,vérifié_par_impôt_du_pdf,,
MINIERE TOUISSIT,Mines,2023,sociaux,709066144.89,,204958076.75,,,1060337479.29,,235895966.05,,-2.0,,,,5,MINIERE TOUISSIT,1.0,nom normalisé,67029525.0,vérifié_par_impôt_du_pdf,,
MINIERE TOUISSIT,Mines,2024,sociaux,695005807.17,,197823657.59,,,1141896047.03,,61791009.83,,-2.0,,,,5,MINIERE TOUISSIT,1.0,nom normalisé,79798251.0,vérifié_par_impôt_du_pdf,,
MINIERE TOUISSIT,Mines,2025,sociaux,898404885.1,,136977960.27,,,1195452679.92,,324150717.35,-25080222.08,-2.0,,,,6,MINIERE TOUISSIT,1.0,nom normalisé,121638308.0,vérifié_par_impôt_du_pdf,,
MUTANDIS SCA,Agroalimentaire,2017,consolides,783668000.0,1268986000.0,,17874636.67,14301414.22,,,73916.0,1400512.04,18759315.76,1801338.0,,35149.0,8,MUTANDIS SCA,1.0,nom normalisé,430665.0,provisoire_un_seul_type_disponible,,
MUTANDIS SCA,Agroalimentaire,2018,consolides,999947000.0,1368109000.0,104166666.67,22069903.62,18584758.36,,1310000.0,90385.0,,69232330.27,2014519.0,,28629.0,9,MUTANDIS SCA,1.0,nom normalisé,599552.0,vérifié_par_impôt_du_pdf,,
MUTANDIS SCA,Agroalimentaire,2020,sociaux,1016000000.0,,370000000.0,64000000.0,,3179404.23,,,-12000000.0,46817361.0,,,,6,MUTANDIS SCA,1.0,nom normalisé,2900554.0,vérifié_par_impôt_du_pdf,,
MUTANDIS SCA,Agroalimentaire,2021,sociaux,1038000000.0,,370000000.0,86000000.0,,5441206.46,,,,,,,,4,MUTANDIS SCA,1.0,nom normalisé,903995.0,vérifié_par_impôt_du_pdf,,
MUTANDIS SCA,Agroalimentaire,2022,sociaux,,,,45000000.0,,,2120.0,,-10000000.0,-2.0,1290000000.0,,,5,MUTANDIS SCA,1.0,nom normalisé,1914080.0,vérifié_par_impôt_du_pdf,,
MUTANDIS SCA,Agroalimentaire,2024,consolides,1403402000.0,,,,,123430000.0,,89652000.0,,,3429150000.0,,40618000.0,5,MUTANDIS SCA,1.0,nom normalisé,53821000.0,vérifié_par_impôt_du_pdf,,
MUTANDIS SCA,Agroalimentaire,2025,consolides,1343000000.0,2116550000.0,,,,,6279000.0,22666000.0,,,3702790000.0,,,5,MUTANDIS SCA,1.0,nom normalisé,53249000.0,vérifié_par_impôt_du_pdf,,
Maghreb Oxygène,Chimie,2006,sociaux,,,,,,,,,,408000.0,,,,1,Maghreb Oxygène,1.0,nom normalisé,2926316.0,vérifié_par_impôt_du_pdf,,
Maghreb Oxygène,Chimie,2007,consolides,,3854000.0,,,,15811000.0,13652000.0,,,,,,,3,Maghreb Oxygène,1.0,nom normalisé,4619426.0,provisoire_un_seul_type_disponible,,
Maghreb Oxygène,Chimie,2008,sociaux,,,,,,,,,,10869551.79,,,,1,Maghreb Oxygène,1.0,nom normalisé,4715927.0,vérifié_par_impôt_du_pdf,,
Maghreb Oxygène,Chimie,2009,sociaux,,,,,,,,,,17361141.09,,,,1,Maghreb Oxygène,1.0,nom normalisé,7913388.0,vérifié_par_impôt_du_pdf,,
Maghreb Oxygène,Chimie,2010,sociaux,,,,,,,,26298355.37,,18044721.37,,,,2,Maghreb Oxygène,1.0,nom normalisé,8253634.0,vérifié_par_rcai_moins_resultat_net,0.0,8253634.0
Maghreb Oxygène,Chimie,2011,sociaux,,,,,,,,13864832.39,,9117593.39,,,,2,Maghreb Oxygène,1.0,nom normalisé,4747239.0,vérifié_par_rcai_moins_resultat_net,0.0,4747239.0
Maghreb Oxygène,Chimie,2012,sociaux,,,,,,,,12436061.29,,8322608.29,,,,2,Maghreb Oxygène,1.0,nom normalisé,4113453.0,vérifié_par_rcai_moins_resultat_net,2.264089500027054e-16,4113452.999999999
Maghreb Oxygène,Chimie,2013,sociaux,,,,,,,,12949115.48,,8797595.48,,,,2,Maghreb Oxygène,1.0,nom normalisé,4151520.0,vérifié_par_rcai_moins_resultat_net,0.0,4151520.0
Maghreb Oxygène,Chimie,2014,sociaux,,,,,,,,12031358.73,,8157911.73,,,,2,Maghreb Oxygène,1.0,nom normalisé,3873447.0,vérifié_par_rcai_moins_resultat_net,0.0,3873447.0
Maghreb Oxygène,Chimie,2016,sociaux,,,,,,,,14751250.09,,9349819.09,,,,2,Maghreb Oxygène,1.0,nom normalisé,5401431.0,vérifié_par_rcai_moins_resultat_net,0.0,5401431.0
Maghreb Oxygène,Chimie,2017,sociaux,,,,,,,,18705271.93,,12610416.93,,,,2,Maghreb Oxygène,1.0,nom normalisé,6064855.0,vérifié_par_rcai_moins_resultat_net,0.004946532110000981,6094855.0
Maghreb Oxygène,Chimie,2018,sociaux,,,,,,,,,-2614000.0,5678.0,,,,2,Maghreb Oxygène,1.0,nom normalisé,5916946.0,vérifié_par_impôt_du_pdf,,
Maghreb Oxygène,Chimie,2019,sociaux,,,,,,,,,-2781000.0,4193.0,,,,2,Maghreb Oxygène,1.0,nom normalisé,5727477.0,vérifié_par_impôt_du_pdf,,
Maghreb Oxygène,Chimie,2020,sociaux,,,,20726000.0,,,,,-2614000.0,5678.0,,,,3,Maghreb Oxygène,1.0,nom normalisé,4900838.0,vérifié_par_impôt_du_pdf,,
Maghreb Oxygène,Chimie,2022,sociaux,,,,,,,,,-1990000.0,12383.0,,,,2,Maghreb Oxygène,1.0,nom normalisé,4997470.0,vérifié_par_impôt_du_pdf,,
Maghreb Oxygène,Chimie,2023,sociaux,,80488000.0,,,,,,10076000.0,-3468000.0,10445.0,,,,4,Maghreb Oxygène,1.0,nom normalisé,1832000.0,vérifié_par_impôt_du_pdf,,
Maghreb Oxygène,Chimie,2025,sociaux,261022100.75,,475411128.07,9096319.05,,880113895.88,,9911380.13,,13776.0,,,,6,Maghreb Oxygène,1.0,contrôle ciblé rapport 2025,1418379.0,vérifié_par_impôt_du_pdf,,9897604.13
Maghrebail,Sociétés de financement,2010,sociaux,,,,,,,,,,,27752000.0,,,1,Maghrebail,1.0,nom normalisé,49656000.0,provisoire_un_seul_type_disponible,,
Maghrebail,Sociétés de financement,2011,sociaux,,,,,,,,,,80405000.0,87708000.0,,,2,Maghrebail,1.0,nom normalisé,49962000.0,provisoire_un_seul_type_disponible,,
Maghrebail,Sociétés de financement,2013,sociaux,,,,,,,,,,66685000.0,70386000.0,,,2,Maghrebail,1.0,nom normalisé,48389000.0,provisoire_un_seul_type_disponible,,
Maghrebail,Sociétés de financement,2014,sociaux,,,,,,,,,,72377000.0,119176000.0,,,2,Maghrebail,1.0,nom normalisé,46352000.0,provisoire_un_seul_type_disponible,,
Maghrebail,Sociétés de financement,2015,sociaux,,,,,,,,,,,89015000.0,,,1,Maghrebail,1.0,nom normalisé,41036000.0,provisoire_un_seul_type_disponible,,
Maghrebail,Sociétés de financement,2016,sociaux,,,,,,,,,,87114000.0,140083000.0,,,2,Maghrebail,1.0,nom normalisé,64825000.0,provisoire_un_seul_type_disponible,,
Maghrebail,Sociétés de financement,2021,sociaux,,,,,,,,,,201.0,,,,1,Maghrebail,1.0,nom normalisé,76658000.0,provisoire_un_seul_type_disponible,,
Maghrebail,Sociétés de financement,2022,sociaux,13842000.0,978620000.0,,,,,,,,202000000.0,,,,3,Maghrebail,1.0,nom normalisé,82050000.0,provisoire_un_seul_type_disponible,,
Maghrebail,Sociétés de financement,2023,sociaux,,,,,,,,,,12202000000.0,,,,1,Maghrebail,1.0,nom normalisé,87526000.0,provisoire_un_seul_type_disponible,,
Maghrebail,Sociétés de financement,2024,sociaux,1153382760.0,,,,,,,,,127807973.0,,,,2,Maghrebail,1.0,nom normalisé,93039000.0,provisoire_un_seul_type_disponible,,
Maghrebail,Sociétés de financement,2025,sociaux,1228220000.0,,,,,,,,,202000000.0,,,,2,Maghrebail,1.0,nom normalisé,113642000.0,provisoire_un_seul_type_disponible,,
Managem,Mines,2010,consolides,-11915900000.0,,,,,,,,,222300000.0,,,,2,Managem,1.0,nom normalisé,1424442.43,provisoire_un_seul_type_disponible,,
Managem,Mines,2011,consolides,,,,,,,,,,201000000.0,,,,1,Managem,1.0,nom normalisé,1709439.0,provisoire_un_seul_type_disponible,,
Managem,Mines,2012,sociaux,,,605625000.0,46448219.04,48041716.03,55967793.15,,,115428475.41,156140770.8,,,,6,Managem,1.0,nom normalisé,1752861.0,vérifié_par_impôt_du_pdf,,
Managem,Mines,2013,sociaux,-1000000000.0,,600000000.0,51667523.87,57700527.05,87384428.07,,162289257.35,115416573.3,160222961.35,,,,8,Managem,1.0,nom normalisé,2066296.0,vérifié_par_rcai_moins_resultat_net,0.0,2066296.0
Managem,Mines,2014,sociaux,2356823175.0,,950000000.0,37052624.21,41476998.85,122383164.05,,221891934.12,189278095.0,219414441.12,,,,8,Managem,1.0,nom normalisé,2477493.0,vérifié_par_rcai_moins_resultat_net,0.0,2477493.0
Managem,Mines,2015,sociaux,2365274698.28,,950000000.0,48508358.43,52722186.24,141492089.81,,240103636.28,197779723.01,237418998.28,,,,8,Managem,1.0,nom normalisé,2684638.0,vérifié_par_rcai_moins_resultat_net,0.0,2684638.0
Managem,Mines,2016,sociaux,2452052369.9,,950000000.0,56105979.0,,143567050.95,,272717827.62,216155843.13,269951651.62,,,,7,Managem,1.0,nom normalisé,2766176.0,vérifié_par_rcai_moins_resultat_net,0.0,2766176.0
Managem,Mines,2017,consolides,5180600000.0,,,902500000.0,,4204600000.0,,,,,11448300000.0,,,4,Managem,1.0,nom normalisé,2564438.0,provisoire_un_seul_type_disponible,,
Managem,Mines,2018,sociaux,3296476750.23,,,68300000.0,,,,,,,,,,2,Managem,1.0,nom normalisé,1993160.0,vérifié_par_impôt_du_pdf,,
Managem,Mines,2019,sociaux,,,,45500000.0,,,,,,20.39,,,,2,Managem,1.0,nom normalisé,1581086.0,vérifié_par_impôt_du_pdf,,
Managem,Mines,2020,consolides,,4726000.0,3443900000.0,,,5786100000.0,,,,,13661800000.0,,917900000.0,5,Managem,1.0,nom normalisé,1947531.0,provisoire_un_seul_type_disponible,,
Managem,Mines,2021,sociaux,2739783858.05,,,,,,,,,,,,,1,Managem,1.0,nom normalisé,2620000.0,vérifié_par_impôt_du_pdf,,
Managem,Mines,2022,sociaux,2119212628.24,380200000.0,,122400000.0,164600000.0,,-165500000.0,,740000000.0,61.88,,,,7,Managem,1.0,nom normalisé,6146040.0,vérifié_par_impôt_du_pdf,,
Managem,Mines,2023,sociaux,,368200000.0,,130400000.0,143300000.0,,,318100000.0,-378600000.0,315300000.0,,,,6,Managem,1.0,nom normalisé,2844213.0,vérifié_par_rcai_moins_resultat_net,0.01554489765710233,2800000.0
Managem,Mines,2024,sociaux,-24000000.0,,,,,,-38000000.0,,,,,,,2,Managem,1.0,nom normalisé,35418275.0,vérifié_par_impôt_du_pdf,,
Managem,Mines,2025,sociaux,,,,,,,67000000.0,,,,,,,1,Managem,1.0,nom normalisé,4321925.0,vérifié_par_impôt_du_pdf,,
Maroc Leasing,Sociétés de financement,2009,sociaux,,,,,,,,,,8785743000.0,,,,1,Maroc Leasing,1.0,nom normalisé,64450000.0,provisoire_un_seul_type_disponible,,
Maroc Leasing,Sociétés de financement,2017,sociaux,,,,,,,,,,-65373.99999999999,,,,1,Maroc Leasing,1.0,nom normalisé,27521000.0,provisoire_un_seul_type_disponible,,
Maroc Leasing,Sociétés de financement,2020,sociaux,1060395000.0,,,,,,,,,-19405000.0,,,,2,Maroc Leasing,1.0,nom normalisé,28900000.0,provisoire_un_seul_type_disponible,,
Maroc Leasing,Sociétés de financement,2021,sociaux,1117809000.0,3764966000.0,,,,,,,,90736000.0,,,,3,Maroc Leasing,1.0,nom normalisé,55531000.0,provisoire_un_seul_type_disponible,,
Maroc Leasing,Sociétés de financement,2024,sociaux,,379187000.0,,183385000.0,,,,174971000.0,,105304000.0,,,,4,Maroc Leasing,1.0,comparatif officiel RFA 2025,69667000.0,vérifié_par_impôt_du_pdf,0.0,69667000.0
Maroc Leasing,Sociétés de financement,2025,sociaux,,,,,,,,192281000.0,,107295000.0,,,,2,Maroc Leasing,1.0,contrôle publication annuelle 2025,84986000.0,vérifié_par_impôt_du_pdf,0.0,84986000.0
MarocTelecom,Télécommunications,2006,consolides,4071000000.0,,,10043000000.0,,,3644000000.0,,-131000000.0,6833000000.0,,,9897000000.0,6,Maroc Telecom(Itissalat almaghrib,1.0,alias vérifié,3107127000.0,provisoire_un_seul_type_disponible,,
MarocTelecom,Télécommunications,2007,consolides,5275000000.0,,,12234000000.0,,,,,131000000.0,8137000000.0,,,,4,Maroc Telecom(Itissalat almaghrib,1.0,alias vérifié,3925195000.0,provisoire_un_seul_type_disponible,,
MarocTelecom,Télécommunications,2008,sociaux,,,,13571509000.0,,4353659000.0,,,-251021000.0,5274572000.0,,,,4,Maroc Telecom(Itissalat almaghrib,1.0,alias vérifié,3740486000.0,vérifié_par_impôt_du_pdf,,
MarocTelecom,Télécommunications,2009,sociaux,,24816137000.0,2855744000.0,12874121000.0,15808238000.0,4516426000.0,,,323204000.0,17781282000.0,,,,7,Maroc Telecom(Itissalat almaghrib,1.0,alias vérifié,3548097000.0,vérifié_par_impôt_du_pdf,,
MarocTelecom,Télécommunications,2010,sociaux,,25177899000.0,2256378000.0,12842170000.0,15830489000.0,,,,,18024697000.0,,,,5,Maroc Telecom(Itissalat almaghrib,1.0,alias vérifié,3666997000.0,vérifié_par_impôt_du_pdf,,
MarocTelecom,Télécommunications,2011,consolides,,30837000000.0,,12375000000.0,,24850000000.0,51116000000.0,12006000000.0,-327000000.0,,,,,6,Maroc Telecom(Itissalat almaghrib,1.0,alias vérifié,3070823000.0,provisoire_un_seul_type_disponible,,
MarocTelecom,Télécommunications,2012,sociaux,15232639000.0,,1056690000.0,9761892000.0,12791460000.0,35810644000.0,,,,6504876000.0,,,,6,Maroc Telecom(Itissalat almaghrib,1.0,alias vérifié,2473338000.0,vérifié_par_impôt_du_pdf,,
MarocTelecom,Télécommunications,2013,sociaux,14029733000.0,20652253000.0,456874000.0,8645665000.0,12015345000.0,54042695000.0,,,,5298589000.0,,,,7,Maroc Telecom(Itissalat almaghrib,1.0,alias vérifié,3412424000.0,vérifié_par_impôt_du_pdf,,
MarocTelecom,Télécommunications,2014,sociaux,14780895000.0,20456679000.0,,7910718000.0,11431303000.0,56631268000.0,,,,6024802000.0,,,,6,Maroc Telecom(Itissalat almaghrib,1.0,alias vérifié,2094858000.0,vérifié_par_impôt_du_pdf,,
MarocTelecom,Télécommunications,2015,sociaux,14653526000.0,20242939000.0,,7383194000.0,10809086000.0,56631268000.0,,,,5937906000.0,,,,6,Maroc Telecom(Itissalat almaghrib,1.0,alias vérifié,2040864000.0,vérifié_par_impôt_du_pdf,,
MarocTelecom,Télécommunications,2016,sociaux,,,,,,59986140000.0,,,,,,,,1,Maroc Telecom(Itissalat almaghrib,1.0,alias vérifié,2062373000.0,vérifié_par_impôt_du_pdf,,
MarocTelecom,Télécommunications,2017,sociaux,,,,,,63542003000.0,,,,,,,,1,Maroc Telecom(Itissalat almaghrib,1.0,alias vérifié,1965575000.0,vérifié_par_impôt_du_pdf,,
MarocTelecom,Télécommunications,2018,sociaux,,,,,,67390536000.0,,,,,,,,1,Maroc Telecom(Itissalat almaghrib,1.0,alias vérifié,2374572000.0,vérifié_par_impôt_du_pdf,,
MarocTelecom,Télécommunications,2019,sociaux,13224863000.0,19900000000.0,,6676000000.0,,71812207000.0,,5647807000.0,1006000000.0,5699000000.0,,,,7,Maroc Telecom(Itissalat almaghrib,1.0,alias vérifié,2388514000.0,vérifié_par_impôt_du_pdf,,
MarocTelecom,Télécommunications,2020,sociaux,14603256000.0,20289226000.0,6874000.0,8249364000.0,,71977666000.0,,8544797000.0,,,,,,6,Maroc Telecom(Itissalat almaghrib,1.0,alias vérifié,2296379000.0,vérifié_par_impôt_du_pdf,,
MarocTelecom,Télécommunications,2025,sociaux,21247673000.0,,,,,84882419000.0,,,1102000000.0,,,,,3,MarocTelecom,1.0,contrôle ciblé rapport 2025,2400505000.0,vérifié_par_impôt_du_pdf,,
Microdata,"Matériels, logiciels et services informatiques",2011,sociaux,42000000.0,299758220.97,,33346724.88,33670954.09,1219443.19,,,,25048097.64,,,,6,Microdata,1.0,nom normalisé,10096519.0,provisoire_un_seul_type_disponible,,
Microdata,"Matériels, logiciels et services informatiques",2012,sociaux,66013575.52,299758220.97,4778.3,29987103.99,30256157.97,2175677.96,,,,17555339.32,,,,7,Microdata,1.0,nom normalisé,7505288.0,provisoire_un_seul_type_disponible,,
Microdata,"Matériels, logiciels et services informatiques",2013,sociaux,79470266.62,329065909.42,4778.3,44330218.29,44516494.2,2385814.31,,,,30256691.1,,,,7,Microdata,1.0,nom normalisé,12839006.0,provisoire_un_seul_type_disponible,,
Microdata,"Matériels, logiciels et services informatiques",2014,sociaux,86120527.74,316592908.01,4778.3,43666019.99,44033977.87,11757351.08,,,,27650261.12,,,,7,Microdata,1.0,nom normalisé,12260107.0,provisoire_un_seul_type_disponible,,
Microdata,"Matériels, logiciels et services informatiques",2015,sociaux,42000000.0,,,33894486.07,34518202.88,1770558.45,,,,22640585.32,,,,5,Microdata,1.0,nom normalisé,9914954.0,provisoire_un_seul_type_disponible,,
Microdata,"Matériels, logiciels et services informatiques",2016,sociaux,106677925.12,,,62715506.86,64323254.0,15510472.29,,,,39916812.06,,,,5,Microdata,1.0,nom normalisé,17220626.0,provisoire_un_seul_type_disponible,,
Microdata,"Matériels, logiciels et services informatiques",2018,sociaux,42000000.0,664738604.67,5188894.65,,,2634538.37,,,,,,,,4,Microdata,1.0,nom normalisé,20944864.0,provisoire_un_seul_type_disponible,,
Microdata,"Matériels, logiciels et services informatiques",2019,sociaux,166101123.15,664738604.67,3831974.2,,,19753527.4,,,,,,,,4,Microdata,1.0,nom normalisé,25535409.0,provisoire_un_seul_type_disponible,,
Microdata,"Matériels, logiciels et services informatiques",2020,consolides,,,,,,17118989.03,,,,64117896.16,,,,2,Microdata,1.0,nom normalisé,30273756.0,provisoire_un_seul_type_disponible,,
Microdata,"Matériels, logiciels et services informatiques",2021,consolides,,,,,,16523161.16,,,,,,,,1,Microdata,1.0,nom normalisé,21650563.0,provisoire_un_seul_type_disponible,,
Microdata,"Matériels, logiciels et services informatiques",2022,sociaux,,,,,,15937719.2,,,,,,,,1,Microdata,1.0,nom normalisé,20069301.0,provisoire_un_seul_type_disponible,,
Microdata,"Matériels, logiciels et services informatiques",2023,sociaux,,751200000.0,,,,14511031.48,,,,,,,,2,Microdata,1.0,nom normalisé,20098067.0,provisoire_un_seul_type_disponible,,
Microdata,"Matériels, logiciels et services informatiques",2024,sociaux,,,,,,14079604.56,,,,,,,,1,Microdata,1.0,nom normalisé,24141088.0,provisoire_un_seul_type_disponible,,
Microdata,"Matériels, logiciels et services informatiques",2025,sociaux,,979416352.36,,,,,,91471712.96,,69547790.96,,,,3,Microdata,1.0,contrôle ciblé rapport 2025,21923922.0,vérifié_par_impôt_du_pdf,,21923922.0
Nexans Maroc,Divers,2011,consolides,,,,86573000.0,,,,,,39339000.0,,,,2,Nexans Maroc,1.0,nom normalisé,17103139.0,provisoire_un_seul_type_disponible,,
Nexans Maroc,Divers,2012,consolides,,1677087000.0,,50528000.0,,,,,,10782000.0,,,,3,Nexans Maroc,1.0,nom normalisé,7430474.0,provisoire_un_seul_type_disponible,,
Nexans Maroc,Divers,2015,consolides,,,,,,33740181000.0,,,,,,,,1,Nexans Maroc,1.0,nom normalisé,11692643.0,provisoire_un_seul_type_disponible,,
Nexans Maroc,Divers,2018,consolides,,1795551.0,,81969.0,,,,,-4553.0,13225.0,1899492.0,,,5,Nexans Maroc,1.0,nom normalisé,16373205.0,provisoire_un_seul_type_disponible,,
Nexans Maroc,Divers,2020,sociaux,,,,,,,,,,202.0,,,,1,Nexans Maroc,1.0,nom normalisé,18814267.0,vérifié_par_impôt_du_pdf,,
ONA,Sociétés de portefeuilles holdings,2007,sociaux,1746245000.0,,4090000000.0,306785.22,10564937.14,60838548.27,,3502385593.39,943522561.58,3500864852.39,,,,8,O.N.A ,1.0,alias vérifié,1500000.0,provisoire_un_seul_type_disponible,,
ONA,Sociétés de portefeuilles holdings,2008,sociaux,1746245000.0,264516154.5,5080000000.0,,69587099.17,143726779.03,,,,,,,,5,O.N.A ,1.0,alias vérifié,1612606.0,vérifié_par_impôt_du_pdf,,
Oulmès,Agroalimentaire,2008,sociaux,441260177.37,,107198785.27,2705770.04,,712534760.93,,44162702.04,27375082.48,43184956.87,,,,7,OULMES,1.0,nom normalisé,14183536.12,provisoire_un_seul_type_disponible,,
Oulmès,Agroalimentaire,2009,sociaux,462665134.25,,205602058.52,,,1446952491.07,,65341948.87,27375082.48,,,,,5,OULMES,1.0,nom normalisé,22156992.0,provisoire_un_seul_type_disponible,,
Oulmès,Agroalimentaire,2010,sociaux,540377221.14,,,42810987.03,,,,157317887.89,27640999.61,,,,,4,OULMES,1.0,nom normalisé,49905801.0,provisoire_un_seul_type_disponible,,
Oulmès,Agroalimentaire,2011,sociaux,446067853.06,,,51852242.28,,,,33146078.93,21698557.14,,,,,4,OULMES,1.0,nom normalisé,8655447.0,provisoire_un_seul_type_disponible,,
Oulmès,Agroalimentaire,2012,sociaux,487302417.03,,50738211.34,115409684.06,204853233.89,788513487.04,,96511869.96,21104912.93,-2.0,,,,8,OULMES,1.0,nom normalisé,31517306.0,provisoire_un_seul_type_disponible,,
Oulmès,Agroalimentaire,2013,sociaux,517177341.16,,303985735.97,144236577.7,260284388.23,1562529410.48,,120284662.13,21306140.26,-2.0,,,,8,OULMES,1.0,nom normalisé,40909738.0,provisoire_un_seul_type_disponible,,
Oulmès,Agroalimentaire,2016,sociaux,,,,,,1286361109.0,,,18051536.0,,,,,2,OULMES,1.0,nom normalisé,84296597.0,vérifié_par_impôt_du_pdf,,
Oulmès,Agroalimentaire,2017,sociaux,,,,,,2347726326.0,,,20829606.0,-2.0,,,,3,OULMES,1.0,nom normalisé,91846428.0,vérifié_par_impôt_du_pdf,,
Oulmès,Agroalimentaire,2018,sociaux,,,,52944897.0,,,,,,-2.0,,,,2,OULMES,1.0,nom normalisé,12050947.0,vérifié_par_impôt_du_pdf,,
Oulmès,Agroalimentaire,2019,sociaux,,,,79351927.0,,,,,,-2.0,,,,2,OULMES,1.0,nom normalisé,12413491.0,vérifié_par_impôt_du_pdf,,
Oulmès,Agroalimentaire,2020,sociaux,,,,,,1924572817.0,,,,,,,,1,OULMES,1.0,nom normalisé,7248629.0,vérifié_par_impôt_du_pdf,,
Oulmès,Agroalimentaire,2021,consolides,198000000.0,1678824982.0,36712000.0,106749260.0,,139496322.1,105000.0,53971843.0,-41410664.0,40277698.0,,,,9,OULMES,1.0,nom normalisé,13694145.0,vérifié_par_rcai_moins_resultat_net,0.0,13694145.0
Oulmès,Agroalimentaire,2024,sociaux,20912614.0,,1292558324.0,,,503586940.1,,,-79873638.0,-2.0,,,,5,OULMES,1.0,nom normalisé,84226671.0,vérifié_par_impôt_du_pdf,,
Oulmès,Agroalimentaire,2025,sociaux,18179512.0,3195794324.0,1241194196.0,292030771.0,,711442081.1,,214040905.0,-81098800.0,-2.0,3919500000.0,,,8,OULMES,1.0,nom normalisé,72913473.0,vérifié_par_impôt_du_pdf,,
PROMOPHARM,Divers,2007,sociaux,337820687.1,334204076.48,0.0,72355458.84,93326436.6,125610940.72,,77977207.25,1518350.6,52735407.25,422517734.92,84697047.82,117183060.19,12,PROMOPHARM,1.0,RFA officiel/comparatif,25241800.0,vérifié_par_impôt_du_pdf,0.0,25241800.0
PROMOPHARM,Divers,2008,sociaux,370300820.37,352876915.31,0.0,83571131.24,105580972.37,127540946.93,,89462733.27,1551284.5,67480133.27,440683538.25,70382717.88,109550765.85,12,PROMOPHARM,1.0,RFA officiel/comparatif,21982600.0,vérifié_par_impôt_du_pdf,0.0,21982600.0
PROMOPHARM,Divers,2009,sociaux,391008944.96,357017375.02,0.0,83091038.58,104703667.31,131385041.27,,88216124.59,1804541.92,65708124.59,463812144.16,72803199.20000005,48847660.92,12,PROMOPHARM,1.0,RFA officiel/comparatif,22508000.0,vérifié_par_impôt_du_pdf,0.0,22508000.0
PROMOPHARM,Divers,2010,sociaux,411361688.39,375967174.6,0.0,88355658.81,111811500.94,127217595.45,,88929951.43,767240.31,65352743.43,495118334.03,83756645.63999999,47464999.8,12,PROMOPHARM,1.0,RFA officiel/comparatif,23577208.0,vérifié_par_impôt_du_pdf,-7.450580596923828e-09,23577208.00000001
PROMOPHARM,Divers,2011,sociaux,435195294.76,414644365.15,0.0,95710447.93,118779531.23,129915906.28,,98895961.37,3266460.79,68833606.37,518211225.45,83015930.69,67069979.68,12,PROMOPHARM,1.0,RFA officiel/comparatif,30062355.0,vérifié_par_impôt_du_pdf,0.0,30062355.0
PROMOPHARM,Divers,2012,sociaux,456151439.79,449584011.4,0.0,93089274.55,117342041.02,124993366.68,,95006243.03,3101792.21,65956145.03,545687447.32,89536007.53000003,71460331.64,12,PROMOPHARM,1.0,RFA officiel/comparatif,29050098.0,vérifié_par_impôt_du_pdf,0.0,29050098.0
PROMOPHARM,Divers,2013,sociaux,377153698.91,449183045.58,0.0,77527427.09,106039410.54,117537917.41,,75857903.12,2264272.33,51002259.12,467588402.74,90434703.82999998,106276798.61,12,PROMOPHARM,1.0,RFA officiel/comparatif,24855644.0,vérifié_par_impôt_du_pdf,-7.450580596923828e-09,24855644.00000001
PROMOPHARM,Divers,2014,sociaux,380373525.27,474836506.93,0.0,110183843.64,141103331.53,118837378.29,,113909753.36,3948725.31,78219826.36,540857056.83,160483531.5600001,38592631.29,12,PROMOPHARM,1.0,RFA officiel/comparatif,35689927.0,vérifié_par_impôt_du_pdf,0.0,35689927.0
PROMOPHARM,Divers,2015,sociaux,397480337.51,532838890.03,0.0,136241808.5,163505810.29,111343349.96,,140760600.24,6258622.59,97106812.24,527685781.73,130205444.22,124528533.97,12,PROMOPHARM,1.0,RFA officiel/comparatif,43653788.0,vérifié_par_impôt_du_pdf,-1.490116119384766e-08,43653788.00000001
PROMOPHARM,Divers,2016,sociaux,315697985.57,529788922.38,0.0,129734250.88,158116105.12,98262628.59,,129164707.5,810271.95,87217648.06,491618828.68,175920843.11,45187361.03,12,PROMOPHARM,1.0,RFA officiel/comparatif,41947059.44,vérifié_par_impôt_du_pdf,0.0,41947059.44
PROMOPHARM,Divers,2017,sociaux,233498730.53,511203838.56,0.0,102035277.87,126958329.53,88040580.37,,97185218.96,-2950424.13,65800744.96,447356124.44,213857393.91,26507217.76,12,PROMOPHARM,1.0,RFA officiel/comparatif,31384474.0,vérifié_par_impôt_du_pdf,7.450580596923828e-09,31384473.99999999
PROMOPHARM,Divers,2018,sociaux,272244361.07,444532858.69,0.0,54724313.09,83681695.5,83306922.89,,55037400.54,-3203663.74,38745630.54,481714609.49,209470248.42,26636907.67,12,PROMOPHARM,1.0,RFA officiel/comparatif,16291770.0,vérifié_par_impôt_du_pdf,0.0,16291770.0
PROMOPHARM,Divers,2019,sociaux,324358564.9,522450180.24,0.0,91239923.93,102097738.68,79544054.17,,81584456.41,-1619645.55,52114203.41,490247686.82,165889121.92,119302279.65,12,PROMOPHARM,1.0,RFA officiel/comparatif,29470253.0,vérifié_par_impôt_du_pdf,0.0,29470253.0
PROMOPHARM,Divers,2020,sociaux,384619455.28,573195995.7,0.0,101480571.14,128882808.74,85276133.62,,90451697.38,-907914.76,60260890.38,545090096.48,160470641.2,104109342.95,12,PROMOPHARM,1.0,RFA officiel/comparatif,30190807.0,vérifié_par_impôt_du_pdf,7.450580596923828e-09,30190806.99999999
PROMOPHARM,Divers,2021,sociaux,423589590.55,630491043.46,30000000.0,104922804.49,133801271.28,100696426.75,,102694955.27,1709718.59,68970135.27,616198845.69,192609255.14,160117365.12,12,PROMOPHARM,1.0,RFA officiel/comparatif,33724820.0,vérifié_par_impôt_du_pdf,0.0,33724820.0
PROMOPHARM,Divers,2022,sociaux,458867835.35,746771033.32,67533495.69,134115436.66,160694419.51,212683177.88,,114250564.8,-11976222.87,75278244.8,762866240.51,303998405.16,106300304.87,12,PROMOPHARM,1.0,RFA officiel,38972320.0,vérifié_par_impôt_du_pdf,0.0,38972320.0
PROMOPHARM,Divers,2023,sociaux,475765782.17,805516174.89,104372103.39,100662043.33,121188258.68,310727981.02,,87794040.82,-1456971.67,56897946.82,984531667.59,508765885.42,62741537.2,12,PROMOPHARM,1.0,RFA officiel,30896094.0,vérifié_par_impôt_du_pdf,7.450580596923828e-09,30896093.99999999
PROMOPHARM,Divers,2024,sociaux,530925751.86,898713862.91,227569236.68,106205594.23,131328556.55,378002235.79,,89043610.69,-2546396.48,55159969.69,1157262504.47,626336752.61,100040599.8,12,PROMOPHARM,1.0,RFA officiel,33883641.0,vérifié_par_impôt_du_pdf,0.0,33883641.0
PROMOPHARM,Divers,2025,sociaux,590840385.99,979733874.82,189965477.88,90790739.19,120423768.68,395255069.71,,98375645.13,13020215.01,59914634.13,1219927998.22,629087612.23,138187221.29,12,PROMOPHARM ,1.0,contrôle rapport annuel 2025,38461011.0,vérifié_par_impôt_du_pdf,7.450580596923828e-09,38461010.99999999
Papelera de Tetuan,Divers,2019,sociaux,,100000000.0,,,,,,,5097000.0,5857000.0,,,,3,Papelera de Tetuan (MED paper),1.0,alias vérifié,498768.0,provisoire_un_seul_type_disponible,,
Papelera de Tetuan,Divers,2020,sociaux,,83817000.0,,4077000.0,603000.0,,,,3537000.0,8562000.0,,,,5,Papelera de Tetuan (MED paper),1.0,alias vérifié,484580.63,provisoire_un_seul_type_disponible,,
Papelera de Tetuan,Divers,2021,sociaux,,,,2536000.0,,,,,1439000.0,9484000.0,,,,3,Papelera de Tetuan (MED paper),1.0,alias vérifié,464706.0,provisoire_un_seul_type_disponible,,
Papelera de Tetuan,Divers,2022,sociaux,,,,13785000.0,19172000.0,,,325000.0,5256000.0,,,,,4,Papelera de Tetuan (MED paper),1.0,alias vérifié,539045.0,provisoire_un_seul_type_disponible,,
Papelera de Tetuan,Divers,2023,sociaux,,130000000.0,,10873000.0,16705000.0,,,,4631000.0,5751000.0,,,,5,Papelera de Tetuan (MED paper),1.0,alias vérifié,271478.0,provisoire_un_seul_type_disponible,,
Papelera de Tetuan,Divers,2024,sociaux,,113000000.0,,9670000.0,,,,6670000.0,3000000.0,6345000.0,,,,5,Papelera de Tetuan (MED paper),1.0,alias vérifié,277495.0,provisoire_un_seul_type_disponible,,
Papelera de Tetuan,Divers,2025,sociaux,,110000000.0,,11520000.0,,,,6920000.0,4600000.0,,,,,4,Papelera de Tetuan (MED paper),1.0,alias vérifié,276584.0,provisoire_un_seul_type_disponible,,
RES DAR SAADA,Immobilier,2013,consolides,,,,,,5698780.0,,,,,,,,1,RES DAR SAADA,1.0,nom normalisé,49700000.0,provisoire_un_seul_type_disponible,,
RES DAR SAADA,Immobilier,2014,consolides,,,,,,22362519.0,,,,,,,,1,RES DAR SAADA,1.0,nom normalisé,59583270.0,provisoire_un_seul_type_disponible,,
RES DAR SAADA,Immobilier,2016,consolides,,,,466291667.5,112.03,,,,1940986.7,148.61,,,,4,RES DAR SAADA,1.0,nom normalisé,32024550.0,provisoire_un_seul_type_disponible,,
RES DAR SAADA,Immobilier,2017,sociaux,1310442500.0,,1963079251.68,201198236.81,6524112.03,21817803.96,,193653725.61,907688.15,189838148.61,,,,8,RES DAR SAADA,1.0,nom normalisé,3815577.0,vérifié_par_rcai_moins_resultat_net,0.0,3815577.0
RES DAR SAADA,Immobilier,2018,sociaux,1310442500.0,,1978768853.6,304204881.19,,33587572.69,,318617077.76,,266856728.76,,,,6,RES DAR SAADA,1.0,nom normalisé,51760349.0,vérifié_par_rcai_moins_resultat_net,0.0,51760349.0
RES DAR SAADA,Immobilier,2019,consolides,,,201000.0,-416000.0,,95586000.0,-930000.0,,-48230000.0,,8939229000.0,,,6,RES DAR SAADA,1.0,nom normalisé,40416844.0,provisoire_un_seul_type_disponible,,
RES DAR SAADA,Immobilier,2020,sociaux,,186346486502.0,,,,,,65362453.22,,,,,,2,RES DAR SAADA,1.0,nom normalisé,3758735.0,vérifié_par_impôt_du_pdf,,
RES DAR SAADA,Immobilier,2021,consolides,4236938000.0,,202000.0,,,79680000.0,,,,,8069747000.0,1341878000.0,,5,RES DAR SAADA,1.0,nom normalisé,1788436.0,provisoire_un_seul_type_disponible,,
RES DAR SAADA,Immobilier,2022,consolides,,,202000.0,-26141.0,,73056000.0,,,-32532.0,,,,,4,RES DAR SAADA,1.0,nom normalisé,1392018.0,provisoire_un_seul_type_disponible,,
RES DAR SAADA,Immobilier,2023,consolides,4109461000.0,,,-29125000.0,,66195000.0,,-59696000.0,-31887000.0,-67135000.0,7321810000.0,1021876000.0,,7,RES DAR SAADA,1.0,nom normalisé,4175000.0,provisoire_un_seul_type_disponible,,
RES DAR SAADA,Immobilier,2024,consolides,4027483000.0,,,-36972000.0,,63659000.0,-764000.0,-76667000.0,-22667000.0,-82829000.0,7344250000.0,782940000.0,,9,RES DAR SAADA,1.0,nom normalisé,5398000.0,vérifié_par_impôt_du_pdf,,
RES DAR SAADA,Immobilier,2025,consolides,,,341465.0,36987.0,,,,18530.0,-21136.0,,,,,4,RES DAR SAADA,1.0,nom normalisé,353000.0,vérifié_par_impôt_du_pdf,,
Rebab Company,Mines,2018,sociaux,17645600.0,,,-70397.79,-90116.6,,,-12837775.83,,-12840775.83,31438000.0,,,5,Rebab,1.0,alias vérifié,3000.0,vérifié_par_rcai_moins_resultat_net,0.0,3000.0
Rebab Company,Mines,2019,sociaux,33189601.5,34600000.0,,-268178.97,-287897.8,,,3066285.33,,2195245.33,54972000.0,,,5,Rebab,1.0,alias vérifié,871040.0,vérifié_par_rcai_moins_resultat_net,0.0,871040.0
Rebab Company,Mines,2020,consolides,,9600000.0,,,-2900000.0,,,-232000.0,,-4845.0,11256000.0,,138240000000.0,6,Rebab,1.0,alias vérifié,3000.0,provisoire_un_seul_type_disponible,,
Rebab Company,Mines,2022,sociaux,24000192.62,,,-161000000.0,-1300000.0,,,-219000.0,-58000000.0,-3600000.0,39802000000.0,,69000000.0,8,Rebab,1.0,alias vérifié,3000.0,provisoire_un_seul_type_disponible,,
Rebab Company,Mines,2023,sociaux,24217926.66,,,,-1300000.0,,,221000.0,,-5000000.0,39766000.0,,,4,Rebab,1.0,alias vérifié,3000.0,provisoire_un_seul_type_disponible,,
Rebab Company,Mines,2024,sociaux,24809899.31,,,325000.0,-1500000.0,17056656.89,,,-32000.0,-3000000.0,,,86000000.0,7,Rebab,1.0,alias vérifié,3000.0,provisoire_un_seul_type_disponible,,
Rebab Company,Mines,2025,sociaux,25864154.36,,,,-1200000.0,17056656.89,,1031000.0,-9000.0,-2600000.0,40330000000.0,,342000000.0,8,Rebab,1.0,alias vérifié,3000.0,provisoire_un_seul_type_disponible,,
Risma,Divers,2007,consolides,100490000.0,1114504000.0,246591000.0,-39819000.0,-88269000.0,2205638000.0,,76739000.0,-67137000.0,28825000.0,2677910000.0,,,10,Risma,1.0,nom normalisé,608000.0,provisoire_un_seul_type_disponible,,
Risma,Divers,2008,consolides,1030155000.0,937721000.0,1573768000.0,,,2076172000.0,,81455000.0,-39819000.0,48155000.0,2535801000.0,,,7,Risma,1.0,nom normalisé,1849000.0,provisoire_un_seul_type_disponible,,
Risma,Divers,2009,consolides,,,,,,3930356000.0,,,,,,,,1,Risma,1.0,nom normalisé,1732320.0,provisoire_un_seul_type_disponible,,
Risma,Divers,2010,consolides,,,,,,3434179000.0,,,,,,,,1,Risma,1.0,nom normalisé,2048500.0,provisoire_un_seul_type_disponible,,
Risma,Divers,2018,consolides,,,,,,3015106000.0,,,,,3435444000.0,,,2,Risma,1.0,nom normalisé,6416340.59,provisoire_un_seul_type_disponible,,
Risma,Divers,2019,sociaux,2087476508.64,,,-146000000.0,,,,-183000000.0,,-302932000.0,,,,4,Risma,1.0,nom normalisé,5967203.71,vérifié_par_impôt_du_pdf,,
Risma,Divers,2020,sociaux,1988781100.77,,1680388000.0,99000000.0,,,,122000000.0,-5000000.0,139989000.0,,1107075000.0,,7,Risma,1.0,nom normalisé,2103080.75,vérifié_par_impôt_du_pdf,,
Risma,Divers,2021,sociaux,1792813102.87,49399618.5,42000000.0,-146000000.0,,,,-183000000.0,-25000000.0,-185000000.0,3344000000.0,2044816000.0,,7,Risma,1.0,nom normalisé,2022651.4,vérifié_par_impôt_du_pdf,,
Risma,Divers,2022,sociaux,1918010145.65,49119972.31,,-99000000.0,,,,-122000000.0,-19000000.0,-124000000.0,2893000000.0,,,5,Risma,1.0,nom normalisé,3309452.32,vérifié_par_impôt_du_pdf,,
Risma,Divers,2023,sociaux,,,,,,1343000000.0,,,,,3444000000.0,2044816000.0,,3,Risma,1.0,nom normalisé,2310526.23,vérifié_par_impôt_du_pdf,,
Risma,Divers,2024,sociaux,1953136803.26,,977000000.0,,,1827129000.0,,73046000.0,-23991000000.0,8.74,3731872000.0,,,7,Risma,1.0,nom normalisé,2509443.0,vérifié_par_impôt_du_pdf,,
Risma,Divers,2025,sociaux,2181916204.92,,,,,1832871000.0,,,325912000000.0,16.29,3553360000000.0,,,5,Risma,1.0,nom normalisé,5921669.26,vérifié_par_impôt_du_pdf,,
S2M,"Matériels, logiciels et services informatiques",2024,sociaux,,308105627.93,,53649987.34,,18577840.15,,43957487.18,-1614516.49,33916967.18,219961244.35,,34202037.71,8,S2M,1.0,comparatif officiel du RFA 2025,10040520.0,vérifié_par_impôt_du_pdf,0.0,10040520.0
S2M,Télécommunications et nouvelles technologies,2025,sociaux,134023110.29,366496287.39,168546.12,56508758.03,,20139757.13,,43543851.94,16852591.88,34141644.2,297032298.41,163009188.12,,10,S2M,1.0,contrôle publication annuelle 2025,9402207.74,vérifié_par_impôt_du_pdf,5.587935447692871e-09,9402207.739999995
SALAFIN,Sociétés de financement,2007,sociaux,,,,,,27647000.0,,59137000.0,,84377000.0,,,,3,Salafin,1.0,nom normalisé,50739000.0,provisoire_un_seul_type_disponible,,
SALAFIN,Sociétés de financement,2008,sociaux,,,,,,26759000.0,,55057000.0,,101477000.0,,,,3,Salafin,1.0,nom normalisé,59137000.0,provisoire_un_seul_type_disponible,,
SALAFIN,Sociétés de financement,2009,sociaux,,,,,,24930000.0,,,,,,,,1,Salafin,1.0,nom normalisé,55057.0,provisoire_un_seul_type_disponible,,
SALAFIN,Sociétés de financement,2013,sociaux,,,,,,,,58448.0,,95097.0,,,,2,Salafin,1.0,nom normalisé,55340000.0,provisoire_un_seul_type_disponible,,
SALAFIN,Sociétés de financement,2014,sociaux,,,,,,,,,,105732.0,,,,1,Salafin,1.0,nom normalisé,58448000.0,provisoire_un_seul_type_disponible,,
SALAFIN,Sociétés de financement,2016,sociaux,,,,,,,,,,400000.0,,,,1,Salafin,1.0,nom normalisé,82129000.0,provisoire_un_seul_type_disponible,,
SALAFIN,Sociétés de financement,2017,sociaux,,,,,,,,54903000.0,,59.0,,,,2,Salafin,1.0,nom normalisé,79449000.0,provisoire_un_seul_type_disponible,,
SALAFIN,Sociétés de financement,2018,sociaux,,,,,,96215000.0,,,,,,,,1,Salafin,1.0,nom normalisé,54903000.0,provisoire_un_seul_type_disponible,,
SALAFIN,Sociétés de financement,2020,sociaux,1010812000.0,,,,,90200000.0,,-14057000.0,,130377000.0,,,,4,Salafin,1.0,nom normalisé,2310000.0,provisoire_un_seul_type_disponible,,
SALAFIN,Sociétés de financement,2021,sociaux,933245000.0,,,,,86100000.0,,136953000.0,,84728000.0,,,202000.0,5,Salafin,1.0,nom normalisé,52225000.0,provisoire_un_seul_type_disponible,,
SALAFIN,Sociétés de financement,2022,sociaux,,,,,,82177000.0,,58733000.0,,85750000.0,,,,3,Salafin,1.0,nom normalisé,53821000.0,provisoire_un_seul_type_disponible,,
SALAFIN,Sociétés de financement,2023,sociaux,,,,,,78436000.0,,62997000.0,,90577347.0,,,,3,Salafin,1.0,nom normalisé,58733000.0,provisoire_un_seul_type_disponible,,
SALAFIN,Sociétés de financement,2024,sociaux,,,,,,75391000.0,,,,93147000.0,,,,2,Salafin,1.0,nom normalisé,62997000.0,provisoire_un_seul_type_disponible,,
SALAFIN,Sociétés de financement,2025,sociaux,,,,,,,,,,93147000.0,,,,1,SALAFIN,1.0,contrôle ciblé rapport 2025,95326000.0,vérifié_par_impôt_du_pdf,,
SCE,Chimie,2010,sociaux,249976654.83,,3051364.43,2395348.21,11858745.91,128611342.15,,19651418.47,12839628.45,14833718.29,,,,8,Société Cherifiènne d'Engrais,1.0,alias vérifié,4817700.18,provisoire_un_seul_type_disponible,,
SCE,Chimie,2011,sociaux,262013589.71,1526336.59,20062092.77,,,218155747.86,,,,,,,,4,Société Cherifiènne d'Engrais,1.0,alias vérifié,9388749.0,provisoire_un_seul_type_disponible,,
SCE,Chimie,2012,sociaux,294981075.78,,31733270.86,22058199.35,32404717.4,239346695.3,,50385958.07,24672742.89,42214206.07,,,,8,Société Cherifiènne d'Engrais,1.0,alias vérifié,8171752.0,provisoire_un_seul_type_disponible,,
SGTM S.A,Bâtiment et matériaux de construction,2024,sociaux,2648774000.0,10452484000.0,39286000.0,1129422000.0,1220667000.0,204772000.0,,1138414000.0,1053000.0,764092000.0,9881398000.0,7232624000.0,733766000.0,12,SGTM S.A,1.0,document officiel AMMC,374322000.0,vérifié_par_impôt_du_pdf,0.0,374322000.0
SGTM S.A,Bâtiment,2025,sociaux,,,,1918770912.02,,,,1830926577.75,-86135727.58,1175317264.72,,,,4,SGTM S.A,1.0,contrôle publication officielle 2025,655609313.03,vérifié_par_impôt_du_pdf,0.0,655609313.03
SMI,Mines,2011,sociaux,164509000.0,,,,,906040210.07,,421437046.99,,,,,,3,SMI,1.0,nom normalisé,70947812.0,provisoire_un_seul_type_disponible,,
SMI,Mines,2012,sociaux,1311997367.22,,,,,1362317237.25,,568293110.71,,,,,,3,SMI,1.0,nom normalisé,96967369.0,provisoire_un_seul_type_disponible,,
SMI,Mines,2013,sociaux,164509000.0,,,474755512.19,653090123.14,1362317237.25,,605609554.48,50628004.28,509429371.48,,,,7,SMI,1.0,nom normalisé,96180183.0,provisoire_un_seul_type_disponible,,
SMI,Mines,2014,sociaux,1589833974.85,,,248800794.25,451380827.37,1601085513.1,,303399789.15,56510943.3,245483336.15,,,,7,SMI,1.0,nom normalisé,57916453.0,provisoire_un_seul_type_disponible,,
SMI,Mines,2015,sociaux,,,,287923146.34,481875958.71,1601085513.1,,288593861.2,6630463.1,234138244.2,,,,6,SMI,1.0,nom normalisé,54455617.0,provisoire_un_seul_type_disponible,,
SMI,Mines,2016,sociaux,,,,334643645.94,541531380.99,1783331198.95,,359463072.7,25177660.84,292937272.7,,,,6,SMI,1.0,nom normalisé,66525800.0,provisoire_un_seul_type_disponible,,
SMI,Mines,2019,sociaux,1187371313.21,,,,,,,,,,,,,1,SMI,1.0,nom normalisé,4287457.0,vérifié_par_impôt_du_pdf,,
SMI,Mines,2020,consolides,1284800000.0,855900000.0,,,,,,106000000.0,,97400000.0,,,,4,SMI,1.0,nom normalisé,8636552.0,vérifié_par_rcai_moins_resultat_net,0.004232244534624466,8600000.0
SMI,Mines,2021,sociaux,1136000000.0,80270000.0,94800000.0,-79000000.0,,,,-63000000.0,10700000.0,55.4,,,,7,SMI,1.0,nom normalisé,3580360.0,vérifié_par_impôt_du_pdf,,
SMI,Mines,2022,sociaux,1284673751.44,,,,,,,,,59.2,,,,2,SMI,1.0,nom normalisé,3333204.0,vérifié_par_impôt_du_pdf,,
SMI,Mines,2023,sociaux,1339600000.0,798000000.0,-14400000.0,,,,,219500000.0,-3100000.0,,,,,5,SMI,1.0,nom normalisé,51024393.0,provisoire_un_seul_type_disponible,,
SMI,Mines,2024,sociaux,1394700000.0,1053000000.0,,,,,,264100000.0,15100000.0,,,,,4,SMI,1.0,nom normalisé,77338199.0,provisoire_un_seul_type_disponible,,
SMI,Mines,2025,sociaux,1660200000.0,1558159716.75,,,,,,588164741.01,-14000000.0,397100000.0,,,,5,SMI,1.0,nom normalisé,191056147.0,provisoire_un_seul_type_disponible,,
SNEP,Chimie,2010,consolides,,,37869000.0,82676000.0,,130804000.0,143231000.0,,,54670000.0,,,2780000.0,6,SNEP,1.0,nom normalisé,19319807.0,provisoire_un_seul_type_disponible,,
SNEP,Chimie,2011,consolides,84700000.0,,85248000.0,50852000.0,,130645000.0,,,,7954000.0,,,6221000.0,6,SNEP,1.0,nom normalisé,6406830.0,provisoire_un_seul_type_disponible,,
SNEP,Chimie,2012,consolides,,,82915000.0,-7850000.0,,,992000.0,,,-44133000.0,,,5818000.0,5,SNEP,1.0,nom normalisé,5811349.0,provisoire_un_seul_type_disponible,,
SNEP,Chimie,2013,consolides,22051000.0,,40011000.0,23766000.0,,127818000.0,,,,-40599000.0,,,,5,SNEP,1.0,nom normalisé,4027488.0,provisoire_un_seul_type_disponible,,
SNEP,Chimie,2014,consolides,19546000.0,,22022000.0,7741000.0,,129058000.0,331662000.0,,,-8131000.0,,,4174000.0,7,SNEP,1.0,nom normalisé,3866776.0,provisoire_un_seul_type_disponible,,
SNEP,Chimie,2015,consolides,66531000.0,,19517000.0,-10775000.0,,130879000.0,,,,-36627000.0,,,3022000.0,6,SNEP,1.0,nom normalisé,3395844.0,provisoire_un_seul_type_disponible,,
SNEP,Chimie,2016,consolides,,,66433000.0,75996000.0,,,12814000.0,,,49473000.0,,,,4,SNEP,1.0,nom normalisé,4111804.0,provisoire_un_seul_type_disponible,,
SNEP,Chimie,2017,sociaux,,,,,,,,131840038.9,,98526876.16,,,,2,SNEP,1.0,nom normalisé,33107753.0,provisoire_un_seul_type_disponible,,
SNEP,Chimie,2018,sociaux,618433373.8,,77749693.18,,,1194164786.75,,88964701.55,,70044420.55,,,,5,SNEP,1.0,nom normalisé,32168026.0,vérifié_par_impôt_du_pdf,,
SNEP,Chimie,2020,sociaux,759990611.93,351500000.0,221823724.57,149832157.25,,1334966281.03,,,-6239000.0,-2.0,,,,7,SNEP,1.0,nom normalisé,46627086.0,vérifié_par_impôt_du_pdf,,
SNEP,Chimie,2021,sociaux,858232959.71,,171720875.92,8453.0,,1457101360.57,845000.0,202255177.48,,-2.0,,,,7,SNEP,1.0,nom normalisé,67747018.0,vérifié_par_impôt_du_pdf,,
SNEP,Chimie,2022,sociaux,897313231.34,,,9534.0,,,,146687.0,,,,,,3,SNEP,1.0,nom normalisé,54076792.0,vérifié_par_impôt_du_pdf,,
SNEP,Chimie,2023,sociaux,897313231.34,,,,202000000.0,,,,-14992000.0,38400000.0,,,,4,SNEP,1.0,nom normalisé,9101112.78,vérifié_par_impôt_du_pdf,,
SNEP,Chimie,2024,sociaux,897313231.34,9931000.0,258619000.0,,,,7784000.0,,4214000.0,,,,,5,SNEP,1.0,nom normalisé,1625423.0,vérifié_par_impôt_du_pdf,,
SNEP,Chimie,2025,sociaux,737217903.04,,,-51926000.0,,2080893000.0,13268000.0,-188780000.0,-26888000.0,-74627000.0,,,,7,SNEP,1.0,nom normalisé,1890698.0,vérifié_par_impôt_du_pdf,,
SODEP-Marsa Maroc,Divers,2018,sociaux,,236000000.0,,,,,,,,,,,,1,SODEP-Marsa Maroc,1.0,nom normalisé,271301664.0,vérifié_par_impôt_du_pdf,,
SODEP-Marsa Maroc,Divers,2019,consolides,2588341000.0,2909381000.0,,,,2320648000.0,,,-13054000.0,,,,,4,SODEP-Marsa Maroc,1.0,nom normalisé,305024976.0,provisoire_un_seul_type_disponible,,
SODEP-Marsa Maroc,Divers,2020,sociaux,,2757155000.0,,,,,,,-25157000.0,,,,,2,SODEP-Marsa Maroc,1.0,nom normalisé,243354172.0,vérifié_par_impôt_du_pdf,,
SODEP-Marsa Maroc,Divers,2021,consolides,2301505000.0,3591981000.0,2641687000.0,,,3386320000.0,,,,,,,8059852000.0,5,SODEP-Marsa Maroc,1.0,nom normalisé,226745249.0,provisoire_un_seul_type_disponible,,
SODEP-Marsa Maroc,Divers,2022,consolides,2685460000.0,,2365774000.0,,,3241456000.0,,,-62791000.0,,,,2023626000.0,5,SODEP-Marsa Maroc,1.0,nom normalisé,279988262.0,provisoire_un_seul_type_disponible,,
SODEP-Marsa Maroc,Divers,2023,consolides,2983274000.0,4320173000.0,2031912000.0,,,3088412000.0,-49829000.0,1327515000.0,-37170000.0,,,,2023626000.0,8,SODEP-Marsa Maroc,1.0,nom normalisé,297090781.0,provisoire_un_seul_type_disponible,,
SODEP-Marsa Maroc,Divers,2025,sociaux,2793112625.99,,129244048.0,,1918710846.68,5523742655.53,,,482031748.17,,,,,5,SODEP-Marsa Maroc,1.0,nom normalisé,589221993.0,vérifié_par_impôt_du_pdf,,
SRM,Distributeurs,2018,sociaux,161652662.95,130919719.49,,,,,,,,-3517227.02,,,,3,Société de Réalisation Mécanique (SRM SA),1.0,alias vérifié,1781516.0,provisoire_un_seul_type_disponible,,
SRM,Distributeurs,2019,sociaux,158135435.93,130919719.49,,,,,,,,,,,,2,Société de Réalisation Mécanique (SRM SA),1.0,alias vérifié,2000256.0,provisoire_un_seul_type_disponible,,
SRM,Distributeurs,2020,sociaux,170770683.6,247938682.81,,,,,,,,,,,,2,Société de Réalisation Mécanique (SRM SA),1.0,alias vérifié,2487418.0,provisoire_un_seul_type_disponible,,
SRM,Distributeurs,2022,sociaux,,,,,,,,,,1015343.21,,,,1,Société de Réalisation Mécanique (SRM SA),1.0,alias vérifié,2050798.0,provisoire_un_seul_type_disponible,,
SRM,Distributeurs,2025,sociaux,177784941.01,393652383.84,5164695.09,20910860.78,24114531.4,,,15732947.42,-3224277.72,12066216.42,411765840.29,233980899.28,,10,Société de Réalisation Mécanique (SRM SA),1.0,contrôle rapport annuel 2025,3666731.0,vérifié_par_impôt_du_pdf,0.0,3666731.0
STOKVIS,Distributeurs,2008,sociaux,91951500.0,1015924782.95,8741000.0,54871257.44,,4717306.33,,58794863.93,4038631.29,45695054.93,,,,8,STOKVIS,1.0,nom normalisé,13099809.0,provisoire_un_seul_type_disponible,,
STOKVIS,Distributeurs,2009,sociaux,271002836.27,1015924782.95,3737000.0,61462324.4,,11874381.77,,62018093.04,995584.59,51030167.04,,,,8,STOKVIS,1.0,nom normalisé,10987926.0,provisoire_un_seul_type_disponible,,
STOKVIS,Distributeurs,2010,sociaux,264087402.6,734923866.29,,30571124.97,,13799113.64,,29527660.34,-1095307.72,25267591.34,,,,7,STOKVIS,1.0,nom normalisé,4260069.0,provisoire_un_seul_type_disponible,,
STOKVIS,Distributeurs,2018,consolides,56587000.0,,-8000.0,,,53217000.0,98370000.0,,,,,,,4,STOKVIS,1.0,nom normalisé,1674837.0,provisoire_un_seul_type_disponible,,
STOKVIS,Distributeurs,2019,consolides,11081000.0,,-15000.0,,,48744000.0,97509000.0,,,,,,,4,STOKVIS,1.0,nom normalisé,364932.0,provisoire_un_seul_type_disponible,,
STOKVIS,Distributeurs,2020,consolides,-14180000.0,,,,,44467000.0,91992000.0,,,,,,,3,STOKVIS,1.0,nom normalisé,279344.0,provisoire_un_seul_type_disponible,,
STOKVIS,Distributeurs,2022,sociaux,,,,,,2815568.7,,-164343.5,,,,,,2,STOKVIS,1.0,nom normalisé,287432.0,vérifié_par_impôt_du_pdf,,
STOKVIS,Distributeurs,2023,sociaux,-107626186.53,,24591891.35,-288.38,,21365333.57,,,4049566.76,-164343.5,,,,6,STOKVIS,1.0,nom normalisé,30581.0,vérifié_par_impôt_du_pdf,,
STOKVIS,Distributeurs,2024,sociaux,49592855.5,,4285714.61,,-19861860.03,2974402.43,,,-7093404.53,-2.0,,,,6,STOKVIS,1.0,nom normalisé,60058.0,vérifié_par_impôt_du_pdf,,
STOKVIS,Distributeurs,2025,sociaux,67623151.9,,4285714.61,-131088.12,-5034156.88,17847018.76,,,,-2.0,,,,6,STOKVIS,1.0,nom normalisé,37321.0,vérifié_par_impôt_du_pdf,,
STROC INDUSTRIE,Ingénieries et biens d'équipement industriels,2024,sociaux,-341368455.65,117669378.45,145872104.39,-13952952.65,-7814346.72,250074848.83,,-12225732.63,-1163518.7,-12577347.63,400557494.03,741925949.68,9663743.95,12,STROC INDUSTRIE,1.0,comparatif officiel du RFA 2025,351615.0,vérifié_par_impôt_du_pdf,0.0,351615.0
STROC INDUSTRIE,Ingénieries et biens d'équipement industriels,2025,sociaux,-340892435.83,173880539.7,145746142.74,16152030.57,23510127.36,243194859.14,,1369063.82,-515127.77,476019.82,387072949.74,727965385.57,3511510.4,12,STROC INDUSTRIE,1.0,contrôle publication officielle 2025,893044.0,vérifié_par_impôt_du_pdf,0.0,893044.0
Samir,Pétrole et Gaz,2007,consolides,5889630000.0,31364098000.0,4165163000.0,74000.0,,8431617000.0,53733000.0,105250000.0,68768000.0,-1356554000.0,20159315000.0,,8169000.0,10,Samir,1.0,nom normalisé,172042772.5,provisoire_un_seul_type_disponible,,
Samir,Pétrole et Gaz,2008,consolides,,41537023000.0,5242190000.0,,,12356810000.0,387891000.0,,372575000.0,-1356554000.0,21690975000.0,,62417000.0,8,Samir,1.0,nom normalisé,105250083.0,provisoire_un_seul_type_disponible,,
Samir,Pétrole et Gaz,2009,consolides,4056627000.0,26951183000.0,5216756000.0,,,14254607000.0,237993000.0,302607000.0,328207000.0,145899000.0,26486115000.0,,616930000.0,9,Samir,1.0,nom normalisé,68008592.0,provisoire_un_seul_type_disponible,,
Samir,Pétrole et Gaz,2010,consolides,4783666000.0,37030147000.0,4518670000.0,,,14706202000.0,1287437000.0,846929000.0,563700000.0,727055000.0,31135490000.0,,,8,Samir,1.0,nom normalisé,93420639.0,provisoire_un_seul_type_disponible,,
Samir,Pétrole et Gaz,2011,consolides,,49857591000.0,,1176451000.0,,15240555000.0,,,,,35750281000.0,,9862927000.0,5,Samir,1.0,nom normalisé,124882740.0,provisoire_un_seul_type_disponible,,
Samir,Pétrole et Gaz,2012,consolides,,55038000000.0,8622000000.0,,,16970000000.0,,319000000.0,719000000.0,,,,9808000000.0,6,Samir,1.0,nom normalisé,137783957.0,provisoire_un_seul_type_disponible,,
Samir,Pétrole et Gaz,2013,sociaux,,,,,,,,444914583.51,,320151426.51,,,,2,Samir,1.0,nom normalisé,124763157.0,vérifié_par_rcai_moins_resultat_net,0.0,124763157.0
Samir,Pétrole et Gaz,2014,consolides,,44300000000.0,10596000000.0,,,25734000000.0,,,-589000000.0,-2523000000.0,26401000000.0,24627000000.0,,7,Samir,1.0,nom normalisé,112268383.0,provisoire_un_seul_type_disponible,,
Sofac-Crédit,Sociétés de financement,2010,sociaux,,,,,,,,,,33000.0,,,,1,Sofac-Crédit,1.0,nom normalisé,2453000.0,provisoire_un_seul_type_disponible,,
Sofac-Crédit,Sociétés de financement,2011,sociaux,,,,,,,,,,33000.0,,,,1,Sofac-Crédit,1.0,nom normalisé,3583000.0,provisoire_un_seul_type_disponible,,
Sofac-Crédit,Sociétés de financement,2015,sociaux,,,,,,7610000.0,,,,42250000.0,,,,2,Sofac-Crédit,1.0,nom normalisé,29724000.0,provisoire_un_seul_type_disponible,,
Sofac-Crédit,Sociétés de financement,2016,sociaux,,,,,,48842000.0,,,,42250000.0,,,,2,Sofac-Crédit,1.0,nom normalisé,42143000.0,provisoire_un_seul_type_disponible,,
Sofac-Crédit,Sociétés de financement,2017,sociaux,,,,,,8345000.0,,,,,,,,1,Sofac-Crédit,1.0,nom normalisé,44876000.0,provisoire_un_seul_type_disponible,,
Sofac-Crédit,Sociétés de financement,2019,consolides,,,,36280.0,,,,,,111900000.0,,,,2,Sofac-Crédit,1.0,nom normalisé,64201000.0,vérifié_par_impôt_du_pdf,,
Sofac-Crédit,Sociétés de financement,2020,consolides,818106000.0,,,33752.0,,,-66308000.0,,,82300000.0,,,,4,Sofac-Crédit,1.0,nom normalisé,59314000.0,provisoire_un_seul_type_disponible,,
Sofac-Crédit,Sociétés de financement,2021,sociaux,,,,-833000.0,,93134000.0,,,,,,,,2,Sofac-Crédit,1.0,nom normalisé,71089000.0,vérifié_par_impôt_du_pdf,,
Sofac-Crédit,Sociétés de financement,2022,sociaux,,,,-670000.0,,,,,,,,,,1,Sofac-Crédit,1.0,nom normalisé,82875000.0,vérifié_par_impôt_du_pdf,,
Sofac-Crédit,Sociétés de financement,2025,sociaux,,,,,,121602000.0,,,-27000.0,160350000.0,,,,3,Sofac-Crédit,1.0,contrôle ciblé rapport 2025,102968000.0,vérifié_par_impôt_du_pdf,,
Sonasid,Mines,2024,sociaux,1430165800.95,5374880003.12,0.0,220531377.72,,700342052.84,,224595740.87,14858551.65,150864565.87,4233078998.19,2802913197.24,179635163.4,11,Sonasid,1.0,comparatif officiel du RFA 2025,73731175.0,vérifié_par_impôt_du_pdf,0.0,73731175.0
Sonasid,Industrie métallurgique,2025,sociaux,1538567005.26,6224203545.87,0.0,396382127.83,546000000.0,867182532.44,,417099109.66,-1966077.66,260501204.31,4408281533.1,2869714527.84,479810144.98,12,Sonasid,1.0,contrôle rapport annuel 2025,156597905.35,vérifié_par_impôt_du_pdf,-2.980232238769531e-08,156597905.35
Sothema,Divers,2019,consolides,,1797850000.0,97953000.0,,,,1965863000.0,,,,1843632000.0,,25717000.0,5,SOTHEMA,1.0,nom normalisé,97452557.0,provisoire_un_seul_type_disponible,,
Sothema,Divers,2020,consolides,1176707000.0,,,,,,21267000.0,,,120.0,1229643000.0,,,4,SOTHEMA,1.0,nom normalisé,112633601.0,provisoire_un_seul_type_disponible,,
Sothema,Divers,2021,consolides,,,,2301834000.0,,213906000.0,79511000.0,,,,423000000.0,,4200.0,5,SOTHEMA,1.0,nom normalisé,138943676.0,provisoire_un_seul_type_disponible,,
Sothema,Divers,2022,consolides,,5500000000.0,,-22000.0,,211804000.0,-202000.0,,,50000.0,202000000.0,,,6,SOTHEMA,1.0,nom normalisé,132146244.0,provisoire_un_seul_type_disponible,,
Sothema,Divers,2024,sociaux,1478212829.98,,292022142.9,491388258.82,533989539.97,1016544279.06,,,,,1624000000.0,,,6,SOTHEMA,1.0,nom normalisé,163205213.0,vérifié_par_impôt_du_pdf,,
Sothema,Divers,2025,sociaux,2232402013.24,,584917548.42,566767123.49,635259364.04,1108489109.84,,,1142561.02,53347790.26,,,,7,SOTHEMA,1.0,nom normalisé,200615762.0,vérifié_par_impôt_du_pdf,,
TAQA MOROCCO,Electricité,2024,sociaux,6478163115.43,6068100870.29,3048926525.46,801156035.23,1078500549.25,313459881.72,,1304778197.55,551231936.14,1060492555.55,11705677010.97,5227513895.54,17186219.11,12,TAQA MOROCCO,1.0,comparatif officiel du RFA 2025,244285642.0,vérifié_par_impôt_du_pdf,0.0,244285642.0
TAQA MOROCCO,Electricité,2025,sociaux,,,,,,,,1183967232.07,,951449157.07,,,,2,TAQA MOROCCO,1.0,contrôle publication annuelle 2025,232518075.0,vérifié_par_impôt_du_pdf,1.192092895507812e-07,232518074.9999999
TGCC S.A,Bâtiment et matériaux de construction,2024,sociaux,1449888650.47,6608281599.17,494448363.79,678892131.35,853590157.79,170466009.52,,583259218.64,-23501776.27,420690302.64,6658560361.81,5208671711.34,474341559.55,12,TGCC S.A,1.0,document officiel AMMC,162568916.0,vérifié_par_impôt_du_pdf,0.0,162568916.0
TGCC S.A,Bâtiment,2025,sociaux,,,,1196414660.3,,,,1169326837.91,5070756.42,717627459.91,,,,4,TGCC S.A,1.0,contrôle publication officielle 2025,451699378.0,vérifié_par_impôt_du_pdf,-1.192092895507812e-07,451699378.0000001
TIMAR,Divers,2017,consolides,,,39310928.0,17925111.0,,,13644761.0,11437382.0,-6122659.0,6169990.0,,,27191097.0,7,TIMAR,1.0,nom normalisé,1585824.0,provisoire_un_seul_type_disponible,,
TIMAR,Divers,2018,consolides,,,38472156.0,19239489.0,,,13644761.0,12948522.0,-5882032.0,7825314.0,,,26833511.0,7,TIMAR,1.0,nom normalisé,1769169.0,provisoire_un_seul_type_disponible,,
TIMAR,Divers,2020,consolides,,,,195.555,,5880779.0,283.798,,,-400.0,,77686916.0,,5,TIMAR,1.0,nom normalisé,1343385.0,provisoire_un_seul_type_disponible,,
TIMAR,Divers,2021,consolides,,,,,,,,,,-553.151,,,,1,TIMAR,1.0,nom normalisé,3445091.0,provisoire_un_seul_type_disponible,,
TIMAR,Divers,2022,consolides,,,40000000.0,-114.38,,,,,,,,,,2,TIMAR,1.0,nom normalisé,6286910.0,provisoire_un_seul_type_disponible,,
TOTAL MAROC,Distributeurs,2024,sociaux,2595923623.32,18348026022.08,697106199.43,1332671876.68,1649117943.79,2214812884.4,,1310807233.5,34500952.39,844618182.5,7823328116.2,5227404492.88,1402976634.4,12,TOTAL MAROC,1.0,comparatif officiel du RFA 2025,466189051.0,vérifié_par_impôt_du_pdf,0.0,466189051.0
TOTAL MAROC,Distributeurs,2025,sociaux,1785691157.18,17261259311.02,697186278.48,1264630812.55,1588995195.23,2239726140.0,,1247440185.86,25873843.47,802567533.86,7254948012.95,5469256855.77,998218604.56,12,TOTAL MAROC,1.0,contrôle publication officielle 2025,444872652.0,vérifié_par_impôt_du_pdf,1.192092895507812e-07,444872651.9999999
Unimer,Agroalimentaire,2010,consolides,,,,,,,,,,3211700000.0,,,,1,Unimer,1.0,nom normalisé,10423133.0,provisoire_un_seul_type_disponible,,
Unimer,Agroalimentaire,2011,consolides,,,,,,,,,,3198821000.0,,,,1,Unimer,1.0,nom normalisé,9532185.0,provisoire_un_seul_type_disponible,,
Unimer,Agroalimentaire,2012,sociaux,,,,,,,,,,50480093.19,,,,1,Unimer,1.0,nom normalisé,8686280.0,provisoire_un_seul_type_disponible,,
Unimer,Agroalimentaire,2013,sociaux,,,,,,,,,,72438478.14,,,,1,Unimer,1.0,nom normalisé,18293514.0,provisoire_un_seul_type_disponible,,
Unimer,Agroalimentaire,2018,consolides,,549000000.0,,56964000.0,81200000.0,,,54180000.0,27991000.0,75985000.0,,,,6,Unimer,1.0,nom normalisé,7751040.93,provisoire_un_seul_type_disponible,,
Unimer,Agroalimentaire,2021,sociaux,,,,,,325584577700.0,,,,,,,,1,Unimer,1.0,nom normalisé,3816012.0,vérifié_par_impôt_du_pdf,,
Unimer,Agroalimentaire,2022,sociaux,,,185900070500.0,,,498632191110.0,,,,33041450.96,,,,3,Unimer,1.0,nom normalisé,12400973.0,vérifié_par_impôt_du_pdf,,
Unimer,Agroalimentaire,2023,sociaux,1566971375830.0,,173655305540.0,,,504315369580.0,,,,,,,,3,Unimer,1.0,nom normalisé,6190569.0,vérifié_par_impôt_du_pdf,,
Unimer,Agroalimentaire,2024,sociaux,,61000000.0,,,,,,,,,,,,1,Unimer,1.0,nom normalisé,2685482.0,vérifié_par_impôt_du_pdf,,
Unimer,Agroalimentaire,2025,sociaux,,60000000.0,,,,,,,,,,,,1,Unimer,1.0,contrôle ciblé rapport 2025,1828143.0,vérifié_par_impôt_du_pdf,,
Vicenne,Santé,2024,sociaux,238848114.82,24957175.17,51612502.29,-1439719.02,528536.01,1765484.56,,51352145.71,52864855.98,51183774.71,387588897.28,148740782.46,1549944.78,12,Vicenne,1.0,comparatif officiel du RFA 2025,168371.0,vérifié_par_impôt_du_pdf,0.0,168371.0
Vicenne,Santé,2025,sociaux,,33328615.7,,-10681642.55,,,,98385952.95,109409954.08,98020120.95,,,,5,Vicenne,1.0,contrôle publication officielle 2025,365832.0,vérifié_par_impôt_du_pdf,0.0,365832.0
Wafa Assurance,Sociétés d'assurances,2022,consolides,,,,,,,,,,-29866.0,59427790000.0,,1212895000.0,3,Wafa Assurance,1.0,nom normalisé,63544712.0,provisoire_un_seul_type_disponible,,
Wafa Assurance,Sociétés d'assurances,2023,consolides,9232504000.0,13067306000.0,350000000.0,-5019000.0,,,30342000.0,,,,64714974000.0,,1018860000.0,7,Wafa Assurance,1.0,nom normalisé,175238000.0,provisoire_un_seul_type_disponible,,
Wafa Assurance,Sociétés d'assurances,2024,consolides,10980425000.0,,,,,,16345000.0,,,2066504000.0,66716873000.0,,1036590000.0,5,Wafa Assurance,1.0,nom normalisé,278918000.0,provisoire_un_seul_type_disponible,,
Wafa Assurance,Sociétés d'assurances,2025,consolides,2314561000.0,,,,,,,,,9064653000.0,,,,2,Wafa Assurance,1.0,nom normalisé,220737000.0,provisoire_un_seul_type_disponible,,
Zellidja,Sociétés de portefeuilles holdings,2019,consolides,67324000000.0,1012000.0,91779.0,,,32992000000.0,,-43326.0,,,,,16133.0,6,Zellidja,1.0,nom normalisé,19145.0,provisoire_un_seul_type_disponible,,
Zellidja,Sociétés de portefeuilles holdings,2020,consolides,,,69785.0,-2932.0,-1700000.0,,,-25100.0,1100.0,-19839.0,75182000.0,,8330.0,8,Zellidja,1.0,nom normalisé,10789.0,provisoire_un_seul_type_disponible,,
Zellidja,Sociétés de portefeuilles holdings,2021,consolides,,530600000.0,,-2932.0,-2100000.0,32992000.0,,,1100.0,-19839.0,76410000.0,,19516000.0,8,Zellidja,1.0,nom normalisé,10251.0,provisoire_un_seul_type_disponible,,
Zellidja,Sociétés de portefeuilles holdings,2022,consolides,54228000.0,4400000.0,13314000.0,-1243.0,,3586000.0,,,1020.0,11100.268,88959000.0,,,8,Zellidja,1.0,nom normalisé,10096.0,provisoire_un_seul_type_disponible,,
Zellidja,Sociétés de portefeuilles holdings,2023,consolides,50245000.0,6316000.0,,-1251.0,27400000.0,61452000.0,,,2250.0,4779.0,95868000.0,,,8,Zellidja,1.0,nom normalisé,1791000.0,provisoire_un_seul_type_disponible,,
Zellidja,Sociétés de portefeuilles holdings,2024,consolides,56572000.0,6793000.0,,22652000.0,-1400.0,32992000.0,,,-3638000.0,13247000.0,,,,7,Zellidja,1.0,nom normalisé,5410000.0,provisoire_un_seul_type_disponible,,
Zellidja,Sociétés de portefeuilles holdings,2025,consolides,,,,-1309000.0,,32563000.0,,33990000.0,1167000.0,23775000.0,,,,5,Zellidja,1.0,nom normalisé,6170000.0,provisoire_un_seul_type_disponible,,
