societe,secteur,annee,type_comptes_resolu,capitaux_propres,chiffre_affaires,dettes_financieres,ebit,ebitda,immobilisations_corporelles,impot_differe,resultat_avant_impot,resultat_financier,resultat_net,total_actif,total_dettes,tresorerie_equivalents,nombre_variables_prevalidees,societe_is,score_correspondance_nom,methode_correspondance_nom,is_mad,statut_perimetre_is,ecart_identite_fiscale,is_implicite_mad,version_source,secteur_normalise,est_banque,qualite_perimetre,taille_log_actif,rentabilite_actif,ratio_capitaux_propres,ratio_dettes_financieres,marge_ebit,marge_nette,taux_effectif_observe,is_mad_retard_1,chiffre_affaires_retard_1,resultat_avant_impot_retard_1,resultat_net_retard_1,total_actif_retard_1,capitaux_propres_retard_1,croissance_chiffre_affaires,croissance_resultat_avant_impot,croissance_resultat_net,croissance_total_actif,croissance_capitaux_propres,chiffre_affaires_manquant,ebit_manquant,resultat_financier_manquant,resultat_avant_impot_manquant,resultat_net_manquant,total_actif_manquant,capitaux_propres_manquant,total_dettes_manquant,dettes_financieres_manquant,tresorerie_equivalents_manquant,ebitda_manquant,immobilisations_corporelles_manquant,impot_differe_manquant,split_temporel_t,is_cible_t_plus_1,qualite_cible_t_plus_1,annee_cible,split_temporel_cible,cible_disponible
AFMA,Assurances et courtage,2024,sociaux,78989000.0,239503000.0,15495000.0,87248000.0,,20159000.0,,87124000.0,6450000.0,65102000.0,866269000.0,787280000.0,5644000.0,11,AFMA,1.0,comparatif officiel du RFA 2025,22022000.0,vérifié_par_impôt_du_pdf,0.0,22022000.0,V26,assurances et courtage,False,haute,20.57970604300416,0.07515217559441698,0.09118299281170168,0.017887053559575605,0.36428771247124253,0.27182122979670403,0.25276617235204996,,,,,,,,,,,,0,0,0,0,0,0,0,0,0,0,1,0,1,test_final,18592000.0,haute,2025,test_final,True
AFRIC INDUSTRIES SA,Industrie,2024,sociaux,,43110000.0,,9586000.0,,,,12095000.0,5052000.0,9917000.0,,,,5,AFRIC INDUSTRIES SA,1.0,comparatif officiel du RFA 2025,2178000.0,vérifié_par_impôt_du_pdf,0.0,2178000.0,V26,industrie,False,haute,,,,,0.2223614010670378,0.23003943400603108,0.18007441091360066,,,,,,,,,,,,0,0,0,0,0,1,1,1,1,1,1,1,1,test_final,2378000.0,haute,2025,test_final,True
AGMA,Sociétés d'assurances,2019,sociaux,89800000.0,125100000.0,,60800000.0,,,,65900000.00000001,2800000.0,45800000.0,,,,6,AGMA-LAHLOU-TAZI,1.0,alias vérifié,21932547.0,vérifié_par_impôt_du_pdf,,,V26,societes d assurances,False,haute,,,,,0.4860111910471623,0.36610711430855314,0.33281558421851287,,,,,,,,,,,,0,0,0,0,0,1,0,1,1,1,1,1,1,apprentissage,22943453.43,haute,2020,validation,True
AGMA,Sociétés d'assurances,2020,sociaux,,141400000.0,,77500000.0,69600000.0,,,,,50200000.0,,,,4,AGMA-LAHLOU-TAZI,1.0,alias vérifié,22943453.43,vérifié_par_impôt_du_pdf,,,V26,societes d assurances,False,haute,,,,,0.5480905233380481,0.355021216407355,,21932547.0,125100000.0,65900000.00000001,45800000.0,,89800000.0,0.13029576338928858,,0.09606986899563319,,,0,0,1,1,0,1,1,1,1,1,0,1,1,validation,24081852.93,haute,2021,validation,True
AGMA,Sociétés d'assurances,2021,sociaux,104800000.0,130600000.0,,70300000.0,,,,76229757.16,,52200000.0,,,,5,AGMA-LAHLOU-TAZI,1.0,alias vérifié,24081852.93,vérifié_par_rcai_moins_resultat_net,0.002163279136013031,24029757.16,V26,societes d assurances,False,haute,,,,,0.5382848392036753,0.3996937212863706,0.31591144753949785,22943453.43,141400000.0,,50200000.0,,,-0.07637906647807638,,0.0398406374501992,,,0,0,1,0,0,1,0,1,1,1,1,1,1,validation,26260725.75,provisoire,2022,validation,True
AGMA,Sociétés d'assurances,2022,sociaux,128700000.0,160800000.0,,88600000.0,,,,91400000.0,6920000.0,,,,,5,AGMA-LAHLOU-TAZI,1.0,alias vérifié,26260725.75,provisoire_un_seul_type_disponible,,,V26,societes d assurances,False,provisoire,,,,,0.5509950248756219,,0.2873164742888403,24081852.93,130600000.0,76229757.16,52200000.0,,104800000.0,0.23124042879019907,0.19900683676794234,,,0.22805343511450382,0,0,0,0,1,1,0,1,1,1,1,1,1,validation,26955938.64,provisoire,2023,test_final,True
AGMA,Sociétés d'assurances,2023,sociaux,115300000.0,152000000.0,,82000000.0,,,,81600000.0,3200000.0,55300000.0,,,,6,AGMA-LAHLOU-TAZI,1.0,alias vérifié,26955938.64,provisoire_un_seul_type_disponible,,,V26,societes d assurances,False,provisoire,,,,,0.5394736842105263,0.3638157894736842,0.33034238529411764,26260725.75,160800000.0,91400000.0,,,128700000.0,-0.05472636815920398,-0.10722100656455143,,,-0.10411810411810411,0,0,0,0,0,1,0,1,1,1,1,1,1,test_final,25200000.0,provisoire,2024,test_final,True
AGMA,Sociétés d'assurances,2024,sociaux,128700000.0,160800000.0,,88600000.0,,,,,6900000.0,64400000.00000001,,,,5,AGMA-LAHLOU-TAZI,1.0,alias vérifié,25200000.0,provisoire_un_seul_type_disponible,,,V26,societes d assurances,False,provisoire,,,,,0.5509950248756219,0.400497512437811,,26955938.64,152000000.0,81600000.0,55300000.0,,115300000.0,0.05789473684210526,,0.16455696202531658,,0.11621856027753687,0,0,0,1,0,1,0,1,1,1,1,1,1,test_final,22700000.0,provisoire,2025,test_final,True
AKDITAL,Santé,2024,sociaux,2298712215.0,119755123.0,90489321.0,-1875703.0,,16339879.0,,209141951.0,188567764.0,205624402.0,3040436931.0,741724716.0,306278377.0,11,AKDITAL,1.0,comparatif officiel du RFA 2025,3517549.0,vérifié_par_impôt_du_pdf,0.0,3517549.0,V26,sante,False,haute,21.835267069668294,0.06762988566000944,0.7560466693331321,0.02976194640887948,-0.01566282053753976,1.717040547818568,0.016818954701249774,,,,,,,,,,,,0,0,0,0,0,0,0,0,0,0,1,0,1,test_final,5677576.0,haute,2025,test_final,True
ALLIANCES,Immobilier,2024,consolides,3746000.0,1414000000.0,5200.0,,,,,,,,,,,3,ALLIANCES Développement Immobilier (ADI),1.0,alias vérifié,44149000.0,vérifié_par_impôt_du_pdf,,,V26,immobilier,False,haute,,,,,,,,,,,,,,,,,,,0,1,1,1,1,1,0,1,0,1,1,1,1,test_final,69486000.0,haute,2025,test_final,True
ALLIANCES,Immobilier,2012,sociaux,,,,,,,,407048522.77,,387446152.38,,,,2,ALLIANCES Développement Immobilier (ADI),1.0,alias vérifié,19602370.39,vérifié_par_rcai_moins_resultat_net,7.60171392407184e-16,19602370.38999999,V26,immobilier,False,haute,,,,,,,0.04815733086710202,,,,,,,,,,,,1,1,1,0,0,1,1,1,1,1,1,1,1,apprentissage,4393941.0,haute,2013,apprentissage,True
ALLIANCES,Immobilier,2013,sociaux,,,,,,,,,,282573801.85,,,,1,ALLIANCES Développement Immobilier (ADI),1.0,alias vérifié,4393941.0,vérifié_par_impôt_du_pdf,,,V26,immobilier,False,haute,,,,,,,,19602370.39,,407048522.77,387446152.38,,,,,-0.2706759375097449,,,1,1,1,1,0,1,1,1,1,1,1,1,1,apprentissage,2507598.0,haute,2014,apprentissage,True
ALLIANCES,Immobilier,2019,sociaux,1912254989.32,3279000000.0,,,,,,-3194483.19,,-0.77,13486707000.0,,,4,ALLIANCES Développement Immobilier (ADI),1.0,alias vérifié,1550984.0,vérifié_par_impôt_du_pdf,,,V26,immobilier,False,haute,23.324970370695585,-5.709325486199114e-11,0.14178813177449467,,,-2.348276913693199e-10,-0.4855195371993803,,,,,,,,,,,,0,1,1,0,0,0,0,1,1,1,1,1,1,apprentissage,986255.0,haute,2020,validation,True
ARADEI Capital,Sociétés de placement immobilier,2024,sociaux,2681443537.26,199977503.15,1639061901.14,20722458.59,,681019027.54,,143814333.19,134213170.33,138041971.19,5063012758.0,2381569220.74,17540413.66,11,ARADEI Capital,1.0,comparatif officiel du RFA 2025,5772362.0,vérifié_par_impôt_du_pdf,0.0,5772362.0,V26,societes de placement immobilier,False,haute,22.34522754997841,0.027264788336130833,0.5296142169547344,0.3237325243848418,0.10362394901218668,0.6902875024219943,0.04013759874945049,,,,,,,,,,,,0,0,0,0,0,0,0,0,0,0,1,0,1,test_final,13486621.63,haute,2025,test_final,True
Addoha,Immobilier,2018,consolides,11146854611.0,4062318164.0,4467133453.0,632326697.0,,15111000.0,4979530024.0,649058714.0,51412789.0,763909244.0,27248454111.0,,,9,Douja PRO ADDOHA,1.0,alias vérifié,84079684.0,provisoire_un_seul_type_disponible,,,V26,immobilier,False,provisoire,24.028262626611603,0.028034957171813115,0.40908209198187495,0.16394080320309443,0.15565661562494984,0.18804761546491217,0.12954095243839528,,,,,,,,,,,,0,0,0,0,0,0,0,1,0,1,1,0,0,apprentissage,41986239.0,provisoire,2019,apprentissage,True
Addoha,Immobilier,2007,sociaux,,,,,,,,,,50000000.0,,,,1,Douja PRO ADDOHA,1.0,alias vérifié,84842007.0,provisoire_un_seul_type_disponible,,,V26,immobilier,False,provisoire,,,,,,,,,,,,,,,,,,,1,1,1,1,0,1,1,1,1,1,1,1,1,apprentissage,5859225.0,provisoire,2008,apprentissage,True
Addoha,Immobilier,2008,sociaux,2835000000.0,,3000000000.0,,,20021361.41,,,,451252610.89,,,,4,Douja PRO ADDOHA,1.0,alias vérifié,5859225.0,provisoire_un_seul_type_disponible,,,V26,immobilier,False,provisoire,,,,,,,,84842007.0,,,50000000.0,,,,,8.025052217799999,,,1,1,1,1,0,1,0,1,0,1,1,0,1,apprentissage,113494931.0,provisoire,2009,apprentissage,True
Addoha,Immobilier,2009,sociaux,2835000000.0,,2949559462.63,792050570.84,,96732644.1,,,,790831409.66,,,,5,Douja PRO ADDOHA,1.0,alias vérifié,113494931.0,provisoire_un_seul_type_disponible,,,V26,immobilier,False,provisoire,,,,,,,,5859225.0,,,451252610.89,,2835000000.0,,,0.7525248399122897,,0.0,1,0,1,1,0,1,0,1,0,1,1,0,1,apprentissage,172766826.0,haute,2010,apprentissage,True
Addoha,Immobilier,2010,sociaux,3150000000.0,,3131585966.0,,,39459349.64,,,,195234236.75,,,,4,Douja PRO ADDOHA,1.0,alias vérifié,172766826.0,vérifié_par_impôt_du_pdf,,,V26,immobilier,False,haute,,,,,,,,113494931.0,,,790831409.66,,2835000000.0,,,-0.753127867248044,,0.1111111111111111,1,1,1,1,0,1,0,1,0,1,1,0,1,apprentissage,119085315.0,haute,2011,apprentissage,True
Addoha,Immobilier,2011,sociaux,3150000000.0,,3083333333.34,,,140352242.4,,,,,,,,3,Douja PRO ADDOHA,1.0,alias vérifié,119085315.0,vérifié_par_impôt_du_pdf,,,V26,immobilier,False,haute,,,,,,,,172766826.0,,,195234236.75,,3150000000.0,,,,,0.0,1,1,1,1,1,1,0,1,0,1,1,0,1,apprentissage,131474359.0,haute,2012,apprentissage,True
Addoha,Immobilier,2012,sociaux,3150000000.0,,2925000000.02,,,60119180.4,,,,,,,,3,Douja PRO ADDOHA,1.0,alias vérifié,131474359.0,vérifié_par_impôt_du_pdf,,,V26,immobilier,False,haute,,,,,,,,119085315.0,,,,,3150000000.0,,,,,0.0,1,1,1,1,1,1,0,1,0,1,1,0,1,apprentissage,82337447.0,haute,2013,apprentissage,True
Addoha,Immobilier,2013,sociaux,3225571180.0,,3358419877.75,,,155987620.41,,,,907183667.28,,,,4,Douja PRO ADDOHA,1.0,alias vérifié,82337447.0,vérifié_par_impôt_du_pdf,,,V26,immobilier,False,haute,,,,,,,,131474359.0,,,,,3150000000.0,,,,,0.023990850793650792,1,1,1,1,0,1,0,1,0,1,1,0,1,apprentissage,51090784.0,haute,2014,apprentissage,True
Addoha,Immobilier,2016,sociaux,,,,,,152582806.19,,,,500000000.0,,,,2,Douja PRO ADDOHA,1.0,alias vérifié,170797519.0,vérifié_par_impôt_du_pdf,,,V26,immobilier,False,haute,,,,,,,,,,,,,,,,,,,1,1,1,1,0,1,1,1,1,1,1,0,1,apprentissage,134770811.0,haute,2017,apprentissage,True
Addoha,Immobilier,2020,sociaux,10955928287.21,,,,,,,,,,,,,1,Douja PRO ADDOHA,1.0,alias vérifié,5607176.0,vérifié_par_impôt_du_pdf,,,V26,immobilier,False,haute,,,,,,,,,,,,,,,,,,,1,1,1,1,1,1,0,1,1,1,1,1,1,validation,2579768.0,haute,2021,validation,True
Addoha,Immobilier,2023,sociaux,4025512540.0,,2166521089.43,,,848859107.51,,,,,,,,3,Douja PRO ADDOHA,1.0,alias vérifié,2168106.0,vérifié_par_impôt_du_pdf,,,V26,immobilier,False,haute,,,,,,,,,,,,,,,,,,,1,1,1,1,1,1,0,1,0,1,1,0,1,test_final,2613868.0,haute,2024,test_final,True
Addoha,Immobilier,2024,sociaux,4025512540.0,,1807825140.34,,,837135484.08,,59939139.92,,-2.0,,,,5,Douja PRO ADDOHA,1.0,alias vérifié,2613868.0,vérifié_par_impôt_du_pdf,,,V26,immobilier,False,haute,,,,,,,0.0436087004833352,2168106.0,,,,,4025512540.0,,,,,0.0,1,1,1,0,0,1,0,1,0,1,1,0,1,test_final,1165851.0,haute,2025,test_final,True
Afriquia Gaz,Pétrole et Gaz,2006,consolides,1506567000.0,,377603000.0,-36228000.0,,1427701000.0,33045000.0,,,51.0,2506024000.0,,2138396000.0,8,AfriquiaGaz,1.0,alias vérifié,100370440.0,provisoire_un_seul_type_disponible,,,V26,petrole et gaz,False,provisoire,21.64196327078863,2.035096232119086e-08,0.6011782010068539,0.15067812598762023,,,,,,,,,,,,,,,1,0,1,1,0,0,0,1,0,0,1,0,0,apprentissage,125602945.0,provisoire,2007,apprentissage,True
Afriquia Gaz,Pétrole et Gaz,2007,consolides,1548090000.0,,38432000.0,-10265000.0,,1525719000.0,26787000.0,,,64.0,2521245000.0,,1665075000.0,8,AfriquiaGaz,1.0,alias vérifié,125602945.0,provisoire_un_seul_type_disponible,,,V26,petrole et gaz,False,provisoire,21.648018664484077,2.538428435158027e-08,0.6140180744037173,0.015243262753123953,,,,100370440.0,,,51.0,2506024000.0,1506567000.0,,,0.2549019607843137,0.006073764656683256,0.027561336468938984,1,0,1,1,0,0,0,1,0,0,1,0,0,apprentissage,121234203.0,provisoire,2008,apprentissage,True
Afriquia Gaz,Pétrole et Gaz,2008,consolides,1448726000.0,,17548000.0,,,1607306000.0,26787000.0,,,69.0,2677192000.0,,,6,AfriquiaGaz,1.0,alias vérifié,121234203.0,provisoire_un_seul_type_disponible,,,V26,petrole et gaz,False,provisoire,21.7080343213632,2.577327289189569e-08,0.54113638468963,0.006554628879811384,,,,125602945.0,,,64.0,2521245000.0,1548090000.0,,,0.078125,0.06185317174649826,-0.06418489881079266,1,1,1,1,0,0,0,1,0,1,1,0,0,apprentissage,117648296.0,provisoire,2009,apprentissage,True
Afriquia Gaz,Pétrole et Gaz,2015,consolides,2116880000.0,,90826000.0,-233639000.0,,2682484000.0,,,,420617404771.0,3695298000.0,,2438128000.0,7,AfriquiaGaz,1.0,alias vérifié,159020793.0,provisoire_un_seul_type_disponible,,,V26,petrole et gaz,False,provisoire,22.030327037891578,113.82502974618015,0.5728577235178327,0.02457880257559742,,,,,,,,,,,,,,,1,0,1,1,0,0,0,1,0,0,1,0,1,apprentissage,192889583.0,provisoire,2016,apprentissage,True
Afriquia Gaz,Pétrole et Gaz,2016,consolides,2234643000.0,,81567000.0,,,2933582000.0,32079000.0,,,478702420617.0,4037359000.0,,,6,AfriquiaGaz,1.0,alias vérifié,192889583.0,provisoire_un_seul_type_disponible,,,V26,petrole et gaz,False,provisoire,22.118856602532446,118.56820773604726,0.5534912798193076,0.020203058484519212,,,,159020793.0,,,420617404771.0,3695298000.0,2116880000.0,,,0.1380946560630882,0.09256655349582091,0.05563045614300291,1,1,1,1,0,0,0,1,0,1,1,0,0,apprentissage,243299842.0,provisoire,2017,apprentissage,True
Afriquia Gaz,Pétrole et Gaz,2010,sociaux,,,,,,,,,,329345406.55,,,,1,AfriquiaGaz,1.0,alias vérifié,133259096.0,vérifié_par_impôt_du_pdf,,,V26,petrole et gaz,False,haute,,,,,,,,,,,,,,,,,,,1,1,1,1,0,1,1,1,1,1,1,1,1,apprentissage,144553830.0,haute,2011,apprentissage,True
Afriquia Gaz,Pétrole et Gaz,2011,sociaux,,,,,,,,494894393.41,,350057497.26,,,,2,AfriquiaGaz,1.0,alias vérifié,144553830.0,vérifié_par_rcai_moins_resultat_net,0.001958205811634571,144836896.15,V26,petrole et gaz,False,haute,,,,,,,0.29209025587049436,133259096.0,,,329345406.55,,,,,0.06288865822349202,,,1,1,1,0,0,1,1,1,1,1,1,1,1,apprentissage,162690298.0,haute,2012,apprentissage,True
Afriquia Gaz,Pétrole et Gaz,2012,sociaux,,,,,,,,547846056.26,,385155758.26,,,,2,AfriquiaGaz,1.0,alias vérifié,162690298.0,vérifié_par_rcai_moins_resultat_net,0.0,162690298.0,V26,petrole et gaz,False,haute,,,,,,,0.29696352860627234,144553830.0,,494894393.41,350057497.26,,,,0.10699588347555121,0.10026427451125633,,,1,1,1,0,0,1,1,1,1,1,1,1,1,apprentissage,151764148.0,haute,2013,apprentissage,True
Afriquia Gaz,Pétrole et Gaz,2013,sociaux,,,,,,,,535159586.01,,383395438.01,,,,2,AfriquiaGaz,1.0,alias vérifié,151764148.0,vérifié_par_rcai_moins_resultat_net,0.0,151764148.0,V26,petrole et gaz,False,haute,,,,,,,0.28358671313637673,162690298.0,,547846056.26,385155758.26,,,,-0.023156998403177663,-0.004570411352416269,,,1,1,1,0,0,1,1,1,1,1,1,1,1,apprentissage,154459416.0,haute,2014,apprentissage,True
Afriquia Gaz,Pétrole et Gaz,2018,sociaux,,,,,,,,867573867.95,,619008571.95,,,,2,AfriquiaGaz,1.0,alias vérifié,248565296.0,vérifié_par_rcai_moins_resultat_net,0.0,248565296.0,V26,petrole et gaz,False,haute,,,,,,,0.286506204465722,,,,,,,,,,,,1,1,1,0,0,1,1,1,1,1,1,1,1,apprentissage,271711766.0,haute,2019,apprentissage,True
Afriquia Gaz,Pétrole et Gaz,2019,sociaux,,,,,,,,,,11993000.0,,,,1,AfriquiaGaz,1.0,alias vérifié,271711766.0,vérifié_par_impôt_du_pdf,,,V26,petrole et gaz,False,haute,,,,,,,,248565296.0,,867573867.95,619008571.95,,,,,-0.9806254702382882,,,1,1,1,1,0,1,1,1,1,1,1,1,1,apprentissage,241424351.0,haute,2020,validation,True
Afriquia Gaz,Pétrole et Gaz,2020,sociaux,,33703000.0,,,,,,,,,,,,1,AfriquiaGaz,1.0,alias vérifié,241424351.0,vérifié_par_impôt_du_pdf,,,V26,petrole et gaz,False,haute,,,,,,,,271711766.0,,,11993000.0,,,,,,,,0,1,1,1,1,1,1,1,1,1,1,1,1,validation,262963957.0,haute,2021,validation,True
Afriquia Gaz,Pétrole et Gaz,2021,sociaux,,26592000.0,95160000.0,,,,,,,11993000.0,,,,3,AfriquiaGaz,1.0,alias vérifié,262963957.0,vérifié_par_impôt_du_pdf,,,V26,petrole et gaz,False,haute,,,,,,0.4510003008423586,,241424351.0,33703000.0,,,,,-0.21099011957392516,,,,,0,1,1,1,0,1,1,1,0,1,1,1,1,validation,255317352.0,haute,2022,validation,True
Afriquia Gaz,Pétrole et Gaz,2022,sociaux,,33166000.0,,,,,,,,1881000.0,,,,2,AfriquiaGaz,1.0,alias vérifié,255317352.0,vérifié_par_impôt_du_pdf,,,V26,petrole et gaz,False,haute,,,,,,0.05671470783332328,,262963957.0,26592000.0,,11993000.0,,,0.24721720818291215,,-0.843158509130326,,,0,1,1,1,0,1,1,1,1,1,1,1,1,validation,240514004.0,haute,2023,test_final,True
Aluminium du Maroc,Bâtiment et matériaux de construction,2020,sociaux,404327023.65,908700000.0,,77500000.0,,,,,,,,,,3,Alimunum du Maroc,1.0,alias vérifié,10621905.0,vérifié_par_impôt_du_pdf,,,V26,batiment et materiaux de construction,False,haute,,,,,0.08528667326950588,,,,,,,,,,,,,,0,0,1,1,1,1,0,1,1,1,1,1,1,validation,24615102.0,haute,2021,validation,True
Aluminium du Maroc,Bâtiment et matériaux de construction,2021,sociaux,406573328.92,848900000.0,,73200000.0,,,,,,58400000.0,,,,4,Alimunum du Maroc,1.0,alias vérifié,24615102.0,vérifié_par_impôt_du_pdf,,,V26,batiment et materiaux de construction,False,haute,,,,,0.08622923783720109,0.06879491106137355,,10621905.0,908700000.0,,,,404327023.65,-0.06580829756795423,,,,0.005555664446372803,0,0,1,1,0,1,0,1,1,1,1,1,1,validation,10564120.0,haute,2022,validation,True
Aluminium du Maroc,Bâtiment et matériaux de construction,2022,sociaux,,,,77500000.0,,,,,6400000.0,57400000.0,,,,3,Alimunum du Maroc,1.0,alias vérifié,10564120.0,vérifié_par_impôt_du_pdf,,,V26,batiment et materiaux de construction,False,haute,,,,,,,,24615102.0,848900000.0,,58400000.0,,406573328.92,,,-0.017123287671232876,,,1,0,0,1,0,1,1,1,1,1,1,1,1,validation,14258640.0,haute,2023,test_final,True
Aluminium du Maroc,Bâtiment et matériaux de construction,2023,sociaux,,1046500000.0,,60300000.0,,,,,9100000.0,60100000.0,,,,4,Alimunum du Maroc,1.0,alias vérifié,14258640.0,vérifié_par_impôt_du_pdf,,,V26,batiment et materiaux de construction,False,haute,,,,,0.057620640229335884,0.057429526994744386,,10564120.0,,,57400000.0,,,,,0.047038327526132406,,,0,0,0,1,0,1,1,1,1,1,1,1,1,test_final,19905750.0,haute,2024,test_final,True
Atlanta,Sociétés d'assurances,2009,sociaux,,,,,,,,,,142466937.54,,,,1,Atlanta,1.0,nom normalisé,5842593.0,provisoire_un_seul_type_disponible,,,V26,societes d assurances,False,provisoire,,,,,,,,,,,,,,,,,,,1,1,1,1,0,1,1,1,1,1,1,1,1,apprentissage,79326869.0,provisoire,2010,apprentissage,True
Atlanta,Sociétés d'assurances,2013,sociaux,,,,,,65162016.5,,,,101099290.03,,,,2,Atlanta,1.0,nom normalisé,29392569.0,vérifié_par_impôt_du_pdf,,,V26,societes d assurances,False,haute,,,,,,,,,,,,,,,,,,,1,1,1,1,0,1,1,1,1,1,1,0,1,apprentissage,21555551.0,haute,2014,apprentissage,True
Atlanta,Sociétés d'assurances,2014,sociaux,1103130020.81,,5058686.53,,,79146443.97,,,,101099290.03,,,,4,Atlanta,1.0,nom normalisé,21555551.0,vérifié_par_impôt_du_pdf,,,V26,societes d assurances,False,haute,,,,,,,,29392569.0,,,101099290.03,,,,,0.0,,,1,1,1,1,0,1,0,1,0,1,1,0,1,apprentissage,13283615.0,haute,2015,apprentissage,True
Atlanta,Sociétés d'assurances,2015,sociaux,1144082215.83,,5536226.37,,,81948911.2,,,,,,,,3,Atlanta,1.0,nom normalisé,13283615.0,vérifié_par_impôt_du_pdf,,,V26,societes d assurances,False,haute,,,,,,,,21555551.0,,,101099290.03,,1103130020.81,,,,,0.03712363388490673,1,1,1,1,1,1,0,1,0,1,1,0,1,apprentissage,13148384.0,haute,2016,apprentissage,True
Atlanta,Sociétés d'assurances,2020,sociaux,,22100000.0,,,,,,,,,,,,1,Atlanta,1.0,nom normalisé,35166690.0,vérifié_par_impôt_du_pdf,,,V26,societes d assurances,False,haute,,,,,,,,,,,,,,,,,,,0,1,1,1,1,1,1,1,1,1,1,1,1,validation,167249000.0,haute,2021,validation,True
Atlanta,Sociétés d'assurances,2024,sociaux,,29600000.0,,,,,,,,,,,,1,Atlanta,1.0,nom normalisé,54913464.0,vérifié_par_impôt_du_pdf,,,V26,societes d assurances,False,haute,,,,,,,,,,,,,,,,,,,0,1,1,1,1,1,1,1,1,1,1,1,1,test_final,40561252.0,provisoire,2025,test_final,True
Attijari wafa bank,Banques,2007,sociaux,15010503000.0,,,,,,,,,110.87,,,,2,Attijari wafa bank,1.0,nom normalisé,818345000.0,provisoire_un_seul_type_disponible,,,V26,banques,True,provisoire,,,,,,,,,,,,,,,,,,,1,1,1,1,0,1,0,1,1,1,1,1,1,apprentissage,1046936000.0,provisoire,2008,apprentissage,True
Attijari wafa bank,Banques,2012,sociaux,25213767000.0,,,,,,,4819712000.0,,11333764000.0,,,,3,Attijari wafa bank,1.0,nom normalisé,1510015000.0,vérifié_par_impôt_du_pdf,,,V26,banques,True,haute,,,,,,,0.3132998403224093,,,,,,,,,,,,1,1,1,0,0,1,0,1,1,1,1,1,1,apprentissage,1457578000.0,haute,2013,apprentissage,True
Attijari wafa bank,Banques,2015,sociaux,30623461000.0,,,,,,,5118408000.0,,13027468000.0,,,,3,Attijari wafa bank,1.0,nom normalisé,1452990000.0,vérifié_par_impôt_du_pdf,,,V26,banques,True,haute,,,,,,,0.2838753768749971,,,,,,,,,,,,1,1,1,0,0,1,0,1,1,1,1,1,1,apprentissage,1584422000.0,haute,2016,apprentissage,True
Attijari wafa bank,Banques,2016,sociaux,35320900000.0,,,,,3340980000.0,,8519470000.0,,6935048000.0,,,,4,Attijari wafa bank,1.0,nom normalisé,1584422000.0,vérifié_par_rcai_moins_resultat_net,0.0,1584422000.0,V26,banques,True,haute,,,,,,,0.18597659244060957,1452990000.0,,5118408000.0,13027468000.0,,30623461000.0,,0.6644765325468388,-0.4676595636235683,,0.15339347175683377,1,1,1,0,0,1,0,1,1,1,1,0,1,apprentissage,1603594000.0,haute,2017,apprentissage,True
Attijari wafa bank,Banques,2017,sociaux,37037671000.0,,,,,,,5761605000.0,,388816.59,,,,3,Attijari wafa bank,1.0,nom normalisé,1603594000.0,vérifié_par_impôt_du_pdf,,,V26,banques,True,haute,,,,,,,0.27832418223741473,1584422000.0,,8519470000.0,6935048000.0,,35320900000.0,,-0.3237132122068626,-0.9999439345495518,,0.04860496193471854,1,1,1,0,0,1,0,1,1,1,1,1,1,apprentissage,1874985000.0,haute,2018,apprentissage,True
Attijari wafa bank,Banques,2018,sociaux,41497564000.0,,,,,3735375000.0,,6478968000.0,13300000.0,4603982564.32,328791884000.0,,,5,Attijari wafa bank,1.0,nom normalisé,1874985000.0,vérifié_par_rcai_moins_resultat_net,2.32364525745633e-07,1874985435.68,V26,banques,True,haute,26.518690816128533,0.014002725700857019,0.12621225163818217,,,,0.2893956259700619,1603594000.0,,5761605000.0,388816.59,,37037671000.0,,0.12450749400557658,11840.0136880219,,0.12041504985559162,1,1,0,0,0,0,0,1,1,1,1,0,1,apprentissage,2016910000.0,haute,2019,apprentissage,True
Attijari wafa bank,Banques,2019,sociaux,43609499000.0,,,,,,,6857021000.0,35300000.0,18615420000.0,347402363000.0,,,4,Attijari wafa bank,1.0,nom normalisé,2016910000.0,vérifié_par_impôt_du_pdf,,,V26,banques,True,haute,26.57374949269056,0.053584609613032484,0.12553023135308955,,,,0.2941379354095605,1874985000.0,,6478968000.0,4603982564.32,328791884000.0,41497564000.0,,0.05835080525170058,3.043329821504106,0.05660261066541411,0.05089298735704101,1,1,0,0,0,0,0,1,1,1,1,1,1,apprentissage,1330010000.0,haute,2020,validation,True
Attijari wafa bank,Banques,2020,sociaux,43095011000.0,,,,,,,3648628000.0,,18654912000.0,367356389000.0,,,3,Attijari wafa bank,1.0,nom normalisé,1330010000.0,vérifié_par_impôt_du_pdf,,,V26,banques,True,haute,26.62959830099702,0.05078150961463202,0.11731117870934865,,,,0.3645233221912456,2016910000.0,,6857021000.0,18615420000.0,347402363000.0,43609499000.0,,-0.4678989607877823,0.0021214670418395073,0.05743779583905709,-0.011797613175973427,1,1,1,0,0,0,0,1,1,1,1,1,1,validation,1545796000.0,haute,2021,validation,True
Attijari wafa bank,Banques,2021,sociaux,46980388000.0,,,,,,,5645280000.0,,20729805000.0,382246023000.0,,,3,Attijari wafa bank,1.0,nom normalisé,1545796000.0,vérifié_par_impôt_du_pdf,,,V26,banques,True,haute,26.669330277518334,0.05423157796987727,0.12290615251214791,,,,0.27382096193634325,1330010000.0,,3648628000.0,18654912000.0,367356389000.0,43095011000.0,,0.5472336450852211,0.11122502212822018,0.040531849848948726,0.09015839443688738,1,1,1,0,0,0,0,1,1,1,1,1,1,validation,1731891000.0,haute,2022,validation,True
Attijari wafa bank,Banques,2022,sociaux,47988116000.0,,,,,,,5966731000.0,,21783425000.0,427766876000.0,,,3,Attijari wafa bank,1.0,nom normalisé,1731891000.0,vérifié_par_impôt_du_pdf,,,V26,banques,True,haute,26.781844201894295,0.05092358997894919,0.11218287037259986,,,,0.29025793185581855,1545796000.0,,5645280000.0,20729805000.0,382246023000.0,46980388000.0,,0.0569415511719525,0.05082633435287983,0.11908783940441416,0.021449971847827227,1,1,1,0,0,0,0,1,1,1,1,1,1,validation,2178066000.0,haute,2023,test_final,True
Attijari wafa bank,Banques,2023,sociaux,49799685000.0,,,,,,,7324318000.0,,21953362000.0,114116000.0,,,3,Attijari wafa bank,1.0,nom normalisé,2178066000.0,vérifié_par_impôt_du_pdf,,,V26,banques,True,haute,18.552726041634596,192.37759823337657,436.3952907567738,,,,0.2973745814968711,1731891000.0,,5966731000.0,21783425000.0,427766876000.0,47988116000.0,,0.227526094271721,0.007801206651387465,-0.9997332285260909,0.03775036719507805,1,1,1,0,0,0,0,1,1,1,1,1,1,test_final,2777480000.0,haute,2024,test_final,True
Attijari wafa bank,Banques,2024,sociaux,52786655000.0,,,,,,,9314274000.0,,22053362000.0,491941270000.0,,,3,Attijari wafa bank,1.0,nom normalisé,2777480000.0,vérifié_par_impôt_du_pdf,,,V26,banques,True,haute,26.921625176396898,0.04482925776892026,0.10730275790847961,,,,0.29819608055335284,2178066000.0,,7324318000.0,21953362000.0,114116000.0,49799685000.0,,0.27169164419130903,0.004555110966602746,4309.887780854569,0.059979696658723845,1,1,1,0,0,0,0,1,1,1,1,1,1,test_final,3889647000.0,haute,2025,test_final,True
Auto Nejma,Distributeurs,2020,sociaux,932000000.0,,,,,265101213.88,,,-6000000.0,145648580.15,,,,4,Auto-Najma,1.0,alias vérifié,49927297.0,provisoire_un_seul_type_disponible,,,V26,distributeurs,False,provisoire,,,,,,,,,,,,,,,,,,,1,1,0,1,0,1,0,1,1,1,1,0,1,validation,70000000.0,provisoire,2021,validation,True
Auto Nejma,Distributeurs,2024,sociaux,1257000000.0,,70000000.0,337269000000.0,,,,323000000.0,,,,,,4,Auto-Najma,1.0,alias vérifié,118541584.0,vérifié_par_impôt_du_pdf,,,V26,distributeurs,False,haute,,,,,,,0.3670018080495356,,,,,,,,,,,,1,0,1,0,1,1,0,1,0,1,1,1,1,test_final,186412198.0,haute,2025,test_final,True
Auto hall,Distributeurs,2008,consolides,1579169865.6,3341405324.86,,645436468.69,,232057383.8,6927190.0,,-18800293.5,437777175.19,,,74549724.83,8,Auto-Hall,1.0,alias vérifié,141105650.0,provisoire_un_seul_type_disponible,,,V26,distributeurs,False,provisoire,,,,,0.19316317714823864,0.13101588482335413,,,,,,,,,,,,,0,0,0,1,0,1,0,1,1,0,1,0,0,apprentissage,65323840.0,provisoire,2009,apprentissage,True
Auto hall,Distributeurs,2012,consolides,1651663310.27,3306662534.6,,314396344.05,,640575167.4,6289581.53,,-20360513.5,37670.0,2950363686.98,,127239832.84,9,Auto-Hall,1.0,alias vérifié,51701910.0,provisoire_un_seul_type_disponible,,,V26,distributeurs,False,provisoire,21.8051942837603,1.276791744903799e-05,0.5598168515830151,,0.0950796583444013,1.139215133259943e-05,,,,,,,,,,,,,0,0,0,1,0,0,0,1,1,0,1,0,0,apprentissage,61532790.0,provisoire,2013,apprentissage,True
Auto hall,Distributeurs,2018,sociaux,502945280.0,4811636630.5,,-1865560.02,,384188228.74,,1486356722.6,,167492012.8,3940584717.19,,,5,Auto-Hall,1.0,alias vérifié,48418632.0,vérifié_par_impôt_du_pdf,,,V26,distributeurs,False,haute,22.094594954877206,0.042504355272289955,0.1276321449976709,,-0.0003877183925682561,0.034809780052446546,0.032575377945143626,,,,,,,,,,,,0,0,1,0,0,0,0,1,1,1,1,0,1,apprentissage,56312840.0,haute,2019,apprentissage,True
Auto hall,Distributeurs,2019,sociaux,502945280.0,4424249242.77,,,,828831167.03,,1480480055.68,,170154181.08,4770843526.8,,,4,Auto-Hall,1.0,alias vérifié,56312840.0,vérifié_par_impôt_du_pdf,,,V26,distributeurs,False,haute,22.28578896642192,0.03566542900100716,0.10542061947215987,,,0.03845944740976377,0.038036878500288154,48418632.0,4811636630.5,1486356722.6,167492012.8,3940584717.19,502945280.0,-0.08051052427243333,-0.003953739254275459,0.01589429988628091,0.2106943180254861,0.0,0,1,1,0,0,0,0,1,1,1,1,0,1,apprentissage,58163046.0,haute,2020,validation,True
Auto hall,Distributeurs,2024,sociaux,502945280.0,,,,,280717237.9,,,,,,,,2,Auto-Hall,1.0,alias vérifié,32539329.0,vérifié_par_impôt_du_pdf,,,V26,distributeurs,False,haute,,,,,,,,,,,,,,,,,,,1,1,1,1,1,1,0,1,1,1,1,0,1,test_final,64635088.0,haute,2025,test_final,True
BCP,Banques,2024,sociaux,33378191000.0,10018334000.0,,4876294000.0,,2686750000.0,,4667429000.0,,2939923000.0,345976160000.0,312597969000.0,,8,BCP,1.0,comparatif officiel du RFA 2025,1727506000.0,vérifié_par_impôt_du_pdf,0.0,1727506000.0,V26,banques,True,haute,26.56963570789909,0.008497472773846614,0.09647540743847784,,0.4867370163542162,0.2934542809213588,0.3701193954958929,,,,,,,,,,,,0,0,1,0,0,0,0,0,1,1,1,0,1,test_final,2167546000.0,haute,2025,test_final,True
BMCE BANK,Banques,2006,consolides,7047064000.0,,,,,1840684000.0,3285502000.0,1339416000.0,,1273857000.0,,,,5,BMCE BANK(bank of africa),1.0,alias vérifié,375375000.0,provisoire_un_seul_type_disponible,,,V26,banques,True,provisoire,,,,,,,0.2802527370137433,,,,,,,,,,,,1,1,1,0,0,1,0,1,1,1,1,0,0,apprentissage,566014000.0,provisoire,2007,apprentissage,True
BMCE BANK,Banques,2009,sociaux,12898809000.0,,,,,26022000.0,,1154254000.0,,502929000.0,,,,4,BMCE BANK(bank of africa),1.0,alias vérifié,152499000.0,vérifié_par_impôt_du_pdf,,,V26,banques,True,haute,,,,,,,0.13211910030201324,,,,,,,,,,,,1,1,1,0,0,1,0,1,1,1,1,0,1,apprentissage,275848000.0,haute,2010,apprentissage,True
BMCE BANK,Banques,2010,sociaux,14887353000.0,,,,,432694000.0,,935266000.0,,476265000.0,,,,4,BMCE BANK(bank of africa),1.0,alias vérifié,275848000.0,vérifié_par_impôt_du_pdf,,,V26,banques,True,haute,,,,,,,0.29494069066982015,152499000.0,,1154254000.0,502929000.0,,12898809000.0,,-0.1897225394064045,-0.05301742393061446,,0.15416493104130777,1,1,1,0,0,1,0,1,1,1,1,0,1,apprentissage,293544000.0,provisoire,2011,apprentissage,True
BMCE BANK,Banques,2011,sociaux,15411554000.0,,,,,2089870000.0,,816087000.0,,521741000.0,,,,4,BMCE BANK(bank of africa),1.0,alias vérifié,293544000.0,provisoire_un_seul_type_disponible,,,V26,banques,True,provisoire,,,,,,,0.35969694407581543,275848000.0,,935266000.0,476265000.0,,14887353000.0,,-0.12742791890221605,0.09548465665123408,,0.03521116211861168,1,1,1,0,0,1,0,1,1,1,1,0,1,apprentissage,227527000.0,haute,2012,apprentissage,True
BMCE BANK,Banques,2012,sociaux,17111881000.0,,,,,,,372362000.0,,120839000.0,,,,3,BMCE BANK(bank of africa),1.0,alias vérifié,227527000.0,vérifié_par_impôt_du_pdf,,,V26,banques,True,haute,,,,,,,0.6110371090497956,293544000.0,,816087000.0,521741000.0,,15411554000.0,,-0.5437226668235127,-0.768392746592658,,0.1103280694471174,1,1,1,0,0,1,0,1,1,1,1,1,1,apprentissage,372362000.0,haute,2013,apprentissage,True
BMCE BANK,Banques,2013,sociaux,18633841000.0,,,,,2337608000.0,,1480987000.0,,713067000.0,,,,4,BMCE BANK(bank of africa),1.0,alias vérifié,372362000.0,vérifié_par_impôt_du_pdf,,,V26,banques,True,haute,,,,,,,0.25142827047097643,227527000.0,,372362000.0,120839000.0,,17111881000.0,,2.977277488035836,4.900967402908002,,0.08894171248619599,1,1,1,0,0,1,0,1,1,1,1,0,1,apprentissage,251133000.0,haute,2014,apprentissage,True
BMCE BANK,Banques,2014,sociaux,19995030000.0,,,,,2221952000.0,,1454705000.0,,1203572000.0,,,,4,BMCE BANK(bank of africa),1.0,alias vérifié,251133000.0,vérifié_par_rcai_moins_resultat_net,0.0,251133000.0,V26,banques,True,haute,,,,,,,0.1726350015982622,372362000.0,,1480987000.0,713067000.0,,18633841000.0,,-0.017746273262358142,0.6878806619854796,,0.07304929778031272,1,1,1,0,0,1,0,1,1,1,1,0,1,apprentissage,318435000.0,haute,2015,apprentissage,True
BMCE BANK,Banques,2015,sociaux,22410398000.0,,,,,15820000.0,,1622471000.0,,4.4,,,,4,BMCE BANK(bank of africa),1.0,alias vérifié,318435000.0,vérifié_par_impôt_du_pdf,,,V26,banques,True,haute,,,,,,,0.19626544942868007,251133000.0,,1454705000.0,1203572000.0,,19995030000.0,,0.11532647512725948,-0.9999999963442153,,0.12079841840697414,1,1,1,0,0,1,0,1,1,1,1,0,1,apprentissage,550362000.0,provisoire,2016,apprentissage,True
BMCE BANK,Banques,2016,sociaux,24709660000.0,,,,,7684428000.0,,1875333000.0,,,,,,3,BMCE BANK(bank of africa),1.0,alias vérifié,550362000.0,provisoire_un_seul_type_disponible,,,V26,banques,True,provisoire,,,,,,,0.2934742789680553,318435000.0,,1622471000.0,4.4,,22410398000.0,,0.15584993506817688,,,0.10259799937511149,1,1,1,0,1,1,0,1,1,1,1,0,1,apprentissage,608137000.0,provisoire,2017,apprentissage,True
BMCE BANK,Banques,2017,sociaux,26683739000.0,,,,,,,1938774000.0,,,,,,2,BMCE BANK(bank of africa),1.0,alias vérifié,608137000.0,provisoire_un_seul_type_disponible,,,V26,banques,True,provisoire,,,,,,,0.31367090749102267,550362000.0,,1875333000.0,,,24709660000.0,,0.03382919193551225,,,0.07989098190748072,1,1,1,0,1,1,0,1,1,1,1,1,1,apprentissage,519477000.0,haute,2018,apprentissage,True
BMCE BANK,Banques,2018,sociaux,25294339000.0,,,,,5143410000.0,,1863131000.0,,1343654000.0,208227549000.0,,,4,BMCE BANK(bank of africa),1.0,alias vérifié,519477000.0,vérifié_par_rcai_moins_resultat_net,0.0,519477000.0,V26,banques,True,haute,26.061897304263304,0.006452815712679786,0.12147450767909677,,,,0.2788193637484428,608137000.0,,1938774000.0,,,26683739000.0,,-0.039015893549222344,,,-0.052069164669913764,1,1,1,0,0,0,0,1,1,1,1,0,1,apprentissage,640941000.0,haute,2019,apprentissage,True
BMCE BANK,Banques,2019,sociaux,29435162000.0,,,,,9073898000.0,,2012790000.0,,6.87,222897610000.0,,,4,BMCE BANK(bank of africa),1.0,alias vérifié,640941000.0,vérifié_par_impôt_du_pdf,,,V26,banques,True,haute,26.129978354988243,3.082132643773076e-11,0.13205687580050768,,,,0.31843411384198056,519477000.0,,1863131000.0,1343654000.0,208227549000.0,25294339000.0,,0.08032661149430716,-0.9999999948870767,0.07045206587914071,0.16370552320027024,1,1,1,0,0,0,0,1,1,1,1,0,1,apprentissage,274812000.0,haute,2020,validation,True
BMCE BANK,Banques,2020,sociaux,29943306000.0,,,,,9624001000.0,,998993000.0,,724181000.0,234574533000.0,,,4,BMCE BANK(bank of africa),1.0,alias vérifié,274812000.0,vérifié_par_rcai_moins_resultat_net,0.0,274812000.0,V26,banques,True,haute,26.18103921229032,0.003087210664936078,0.12764943243007543,,,,0.2750890146377402,640941000.0,,2012790000.0,6.87,222897610000.0,29435162000.0,,-0.5036774824994162,105412080.51382823,0.05238693676437356,0.017263163015715694,1,1,1,0,0,0,0,1,1,1,1,0,1,validation,509470000.0,haute,2021,validation,True
BMCE BANK,Banques,2021,sociaux,,,,,,,,2010343000.0,,,,,,1,BMCE BANK(bank of africa),1.0,alias vérifié,509470000.0,vérifié_par_impôt_du_pdf,,,V26,banques,True,haute,,,,,,,0.25342441563454593,274812000.0,,998993000.0,724181000.0,234574533000.0,29943306000.0,,1.0123694560422345,,,,1,1,1,0,1,1,1,1,1,1,1,1,1,validation,406902000.0,haute,2022,validation,True
BMCE BANK,Banques,2022,sociaux,33601517.0,,,,,,,1931997.0,,690079000.0,268445438000.0,,,3,BMCE BANK(bank of africa),1.0,alias vérifié,406902000.0,vérifié_par_impôt_du_pdf,,,V26,banques,True,haute,26.315913519820715,0.0025706490121094926,0.00012517075071322314,,,,210.6121282797023,509470000.0,,2010343000.0,,,,,-0.9990389714590993,,,,1,1,1,0,0,0,0,1,1,1,1,1,1,validation,1518983000.0,haute,2023,test_final,True
BMCE BANK,Banques,2023,sociaux,,,,,,,,,,1525093000.0,,,,1,BMCE BANK(bank of africa),1.0,alias vérifié,1518983000.0,vérifié_par_impôt_du_pdf,,,V26,banques,True,haute,,,,,,,,406902000.0,,1931997.0,690079000.0,268445438000.0,33601517.0,,,1.2100266781049707,,,1,1,1,1,0,1,1,1,1,1,1,1,1,test_final,919542000.0,haute,2024,test_final,True
BMCE BANK,Banques,2024,sociaux,35408147000.0,,,,,,,2805738000.0,,202000000.0,288891689000.0,,,3,BMCE BANK(bank of africa),1.0,alias vérifié,919542000.0,vérifié_par_impôt_du_pdf,,,V26,banques,True,haute,26.38931767626856,0.0006992239918677619,0.12256547470287385,,,,0.3277362319646382,1518983000.0,,,1525093000.0,,,,,-0.867549060942513,,,1,1,1,0,0,0,0,1,1,1,1,1,1,test_final,1110694000.0,haute,2025,test_final,True
BMCI,Banques,2007,consolides,4404058000.0,,,1266986000.0,,1144190000.0,,1257558000.0,,780604000.0,,,4729979000.0,6,BMCI,1.0,nom normalisé,373706000.0,provisoire_un_seul_type_disponible,,,V26,banques,True,provisoire,,,,,,,0.29716800338433697,,,,,,,,,,,,1,0,1,0,0,1,0,1,1,0,1,0,1,apprentissage,384426000.0,provisoire,2008,apprentissage,True
BMCI,Banques,2024,consolides,7345468000.0,,,646943000.0,,2569801000.0,15015914000.0,16188000000.0,,292000000000.0,78074415000.0,,290214000.0,7,BMCI,1.0,nom normalisé,224398000.0,provisoire_un_seul_type_disponible,,,V26,banques,True,provisoire,25.0809282473049,3.7400216191181195,0.09408290795390525,,,,0.013861996540647393,,,,,,,,,,,,1,0,1,0,0,0,0,1,1,0,1,0,0,test_final,340045000.0,provisoire,2025,test_final,True
BMCI,Banques,2009,sociaux,,,,,,,,,,9806985000.0,,,,1,BMCI,1.0,nom normalisé,438770000.0,vérifié_par_impôt_du_pdf,,,V26,banques,True,haute,,,,,,,,,,,,,,,,,,,1,1,1,1,0,1,1,1,1,1,1,1,1,apprentissage,439161000.0,haute,2010,apprentissage,True
BMCI,Banques,2012,sociaux,,,,,,,,1128566000.0,,3604145000.0,,,,2,BMCI,1.0,nom normalisé,387800000.0,vérifié_par_impôt_du_pdf,,,V26,banques,True,haute,,,,,,,0.3436219060294214,,,,,,,,,,,,1,1,1,0,0,1,1,1,1,1,1,1,1,apprentissage,315305000.0,haute,2013,apprentissage,True
BMCI,Banques,2013,sociaux,,,,,,1471046000.0,,919450000.0,,604145000.0,,,,3,BMCI,1.0,nom normalisé,315305000.0,vérifié_par_rcai_moins_resultat_net,0.0,315305000.0,V26,banques,True,haute,,,,,,,0.3429278372940345,387800000.0,,1128566000.0,3604145000.0,,,,-0.18529354951327615,-0.83237494606904,,,1,1,1,0,0,1,1,1,1,1,1,0,1,apprentissage,289541000.0,haute,2014,apprentissage,True
BMCI,Banques,2014,sociaux,,,,,,,,750677000.0,,201000.0,,,,2,BMCI,1.0,nom normalisé,289541000.0,vérifié_par_impôt_du_pdf,,,V26,banques,True,haute,,,,,,,0.3857065022639564,315305000.0,,919450000.0,604145000.0,,,,-0.18355864919245202,-0.9996672984134604,,,1,1,1,0,0,1,1,1,1,1,1,1,1,apprentissage,177322000.0,haute,2015,apprentissage,True
BMCI,Banques,2017,sociaux,,,,,,82605000.0,,-219746000.0,,201000.0,,,,3,BMCI,1.0,nom normalisé,183100000.0,vérifié_par_impôt_du_pdf,,,V26,banques,True,haute,,,,,,,-0.8332347346481848,,,,,,,,,,,,1,1,1,0,0,1,1,1,1,1,1,0,1,apprentissage,219746000.0,haute,2018,apprentissage,True
BMCI,Banques,2018,sociaux,,,,,,2988559000.0,,,,487030000.0,,,,2,BMCI,1.0,nom normalisé,219746000.0,vérifié_par_impôt_du_pdf,,,V26,banques,True,haute,,,,,,,,183100000.0,,-219746000.0,201000.0,,,,,2422.0348258706467,,,1,1,1,1,0,1,1,1,1,1,1,0,1,apprentissage,254821000.0,haute,2019,apprentissage,True
BMCI,Banques,2019,sociaux,,,,,,2998961000.0,,-260428000.0,,,,,,2,BMCI,1.0,nom normalisé,254821000.0,vérifié_par_impôt_du_pdf,,,V26,banques,True,haute,,,,,,,-0.9784700569831201,219746000.0,,,487030000.0,,,,,,,,1,1,1,0,1,1,1,1,1,1,1,0,1,apprentissage,260428000.0,haute,2020,validation,True
BMCI,Banques,2020,sociaux,,,,,,1148107000.0,,,,,,,,1,BMCI,1.0,nom normalisé,260428000.0,vérifié_par_impôt_du_pdf,,,V26,banques,True,haute,,,,,,,,254821000.0,,-260428000.0,,,,,,,,,1,1,1,1,1,1,1,1,1,1,1,0,1,validation,83521000.0,haute,2021,validation,True
BMCI,Banques,2021,sociaux,,,,,,,,,,398853000.0,,,,1,BMCI,1.0,nom normalisé,83521000.0,vérifié_par_impôt_du_pdf,,,V26,banques,True,haute,,,,,,,,260428000.0,,,,,,,,,,,1,1,1,1,0,1,1,1,1,1,1,1,1,validation,44283000.0,haute,2022,validation,True
BMCI,Banques,2022,sociaux,,,,,,5493000.0,,,,231723000.0,,,,2,BMCI,1.0,nom normalisé,44283000.0,vérifié_par_impôt_du_pdf,,,V26,banques,True,haute,,,,,,,,83521000.0,,,398853000.0,,,,,-0.4190265586569488,,,1,1,1,1,0,1,1,1,1,1,1,0,1,validation,209551000.0,haute,2023,test_final,True
Balima,Sociétés de placement immobilier,2019,consolides,,,,13.8,,,,,,10.6,,,,2,Balima,1.0,nom normalisé,4985292.0,provisoire_un_seul_type_disponible,,,V26,societes de placement immobilier,False,provisoire,,,,,,,,,,,,,,,,,,,1,0,1,1,0,1,1,1,1,1,1,1,1,apprentissage,4570559.0,provisoire,2020,validation,True
Balima,Sociétés de placement immobilier,2020,consolides,,,,10.9,,,,,,11.6,,,,2,Balima,1.0,nom normalisé,4570559.0,provisoire_un_seul_type_disponible,,,V26,societes de placement immobilier,False,provisoire,,,,,,,,4985292.0,,,10.6,,,,,0.09433962264150944,,,1,0,1,1,0,1,1,1,1,1,1,1,1,validation,5742409.0,provisoire,2021,validation,True
Balima,Sociétés de placement immobilier,2024,consolides,,,,,,,6497000.0,,,,,,,1,Balima,1.0,nom normalisé,5771360.0,provisoire_un_seul_type_disponible,,,V26,societes de placement immobilier,False,provisoire,,,,,,,,,,,,,,,,,,,1,1,1,1,1,1,1,1,1,1,1,1,0,test_final,4267813.0,haute,2025,test_final,True
Brasseries du Maroc,Agroalimentaire,2003,consolides,1710400000.0,1514900000.0,20600000.0,347400000.0,,,,,22500000.0,250600000.0,,,51000000.0,7,SOCIETE DES Boissons DU MAROC (SBM),1.0,alias vérifié,136491980.0,provisoire_un_seul_type_disponible,,,V26,agroalimentaire,False,provisoire,,,,,0.2293220674631989,0.16542346029440888,,,,,,,,,,,,,0,0,0,1,0,1,0,1,0,0,1,1,1,apprentissage,101002491.0,provisoire,2004,apprentissage,True
Brasseries du Maroc,Agroalimentaire,2005,sociaux,1641505932.82,1304332186.53,0.0,299016130.12,362748489.39,496071110.45,,353238721.98,69922927.89,244818062.98,1998273071.96,356767139.1400001,36356473.13,12,SOCIETE DES Boissons DU MAROC (SBM),1.0,lecture visuelle RFA officiel,108420659.0,vérifié_par_impôt_du_pdf,-2.980232238769531e-08,108420659.0,V26,agroalimentaire,False,haute,21.415549180987,0.12251481862780192,0.8214622695235211,0.0,0.2292484485225287,0.18769609882226818,0.30693310855693406,,,,,,,,,,,,0,0,0,0,0,0,0,0,0,0,0,0,1,apprentissage,110070423.0,haute,2006,apprentissage,True
Brasseries du Maroc,Agroalimentaire,2006,sociaux,1622533895.89,1344774123.7,0.0,315516256.48,377970138.69,483051578.46,,331240471.07,69655025.86,221170048.07,2019747447.81,397213551.9199998,17462969.49,12,SOCIETE DES Boissons DU MAROC (SBM),1.0,lecture visuelle RFA officiel,110070423.0,vérifié_par_impôt_du_pdf,0.0,110070423.0,V26,agroalimentaire,False,haute,21.42623831520162,0.10950381361284221,0.8033350395611609,0.0,0.23462397953634867,0.16446631755634517,0.33229762850065253,108420659.0,1304332186.53,353238721.98,244818062.98,1998273071.96,1641505932.82,0.03100585693403028,-0.06227587617431574,-0.09659424072778439,0.010746467112693876,-0.011557702321189366,0,0,0,0,0,0,0,0,0,0,0,0,1,apprentissage,123870503.0,haute,2007,apprentissage,True
Brasseries du Maroc,Agroalimentaire,2007,sociaux,1670655008.99,1597689333.38,0.0,343005520.27,,480575238.43,,426259706.1,71982477.13,302389203.1,2139794701.53,469139692.54,44318873.1,11,SOCIETE DES Boissons DU MAROC (SBM),1.0,lecture visuelle RFA officiel,123870503.0,vérifié_par_impôt_du_pdf,0.0,123870503.0,V26,agroalimentaire,False,haute,21.483975727981072,0.14131692301312138,0.7807548115692805,0.0,0.21468849613231933,0.18926658442431918,0.29059866843463766,110070423.0,1344774123.7,331240471.07,221170048.07,2019747447.81,1622533895.89,0.18807263258764328,0.28685877279144406,0.36722492823392744,0.059436764655980405,0.029658001735368544,0,0,0,0,0,0,0,0,0,0,1,0,1,apprentissage,125589227.0,haute,2008,apprentissage,True
Brasseries du Maroc,Agroalimentaire,2008,sociaux,1761200188.69,1678950329.31,0.0,373643288.47,,509255565.17,,484528501.7,92546589.6,358939274.7,2272463256.38,511263067.6900001,38118718.14,11,SOCIETE DES Boissons DU MAROC (SBM),1.0,lecture visuelle RFA officiel,125589227.0,vérifié_par_impôt_du_pdf,0.0,125589227.0,V26,agroalimentaire,False,haute,21.544130215515562,0.1579516296654164,0.7750181147023542,0.0,0.2225457668086921,0.21378790571339515,0.25919884291504414,123870503.0,1597689333.38,426259706.1,302389203.1,2139794701.53,1670655008.99,0.05086157504606211,0.13669787401000594,0.1870108820694199,0.06200059975620055,0.054197413118067646,0,0,0,0,0,0,0,0,0,0,1,0,1,apprentissage,110470392.0,haute,2009,apprentissage,True
Brasseries du Maroc,Agroalimentaire,2009,sociaux,1329486701.33,1710946833.76,0.0,395759471.51,,523343671.12,,447211576.64,105479001.36,336741184.64,1852470750.1,522984048.77,53185156.34,11,SOCIETE DES Boissons DU MAROC (SBM),1.0,lecture visuelle RFA officiel,110470392.0,vérifié_par_impôt_du_pdf,0.0,110470392.0,V26,agroalimentaire,False,haute,21.33978612612998,0.18177948808196948,0.7176829654439789,0.0,0.23131021005502175,0.196815691753538,0.24702042113933773,125589227.0,1678950329.31,484528501.7,358939274.7,2272463256.38,1761200188.69,0.019057445530952476,-0.0770169864704989,-0.061843580863512576,-0.18481817257148614,-0.24512459749457177,0,0,0,0,0,0,0,0,0,0,1,0,1,apprentissage,120541922.0,haute,2010,apprentissage,True
Brasseries du Maroc,Agroalimentaire,2010,sociaux,1314318403.96,1726993408.92,0.0,379582668.49,470091835.63,509184803.91,,435922141.63,131568557.25,315380219.63,1842861415.47,528543011.51,41980457.17,12,SOCIETE DES Boissons DU MAROC (SBM),1.0,lecture visuelle RFA officiel,120541922.0,vérifié_par_impôt_du_pdf,0.0,120541922.0,V26,agroalimentaire,False,haute,21.334585318270765,0.17113615651319392,0.7131943796353231,0.0,0.21979393003438122,0.1826180794906609,0.2765216778144594,110470392.0,1710946833.76,447211576.64,336741184.64,1852470750.1,1329486701.33,0.009378769020388504,-0.025244058069381892,-0.06343437032460512,-0.005187307075958498,-0.011409138094292882,0,0,0,0,0,0,0,0,0,0,0,0,1,apprentissage,132641917.0,haute,2011,apprentissage,True
Brasseries du Maroc,Agroalimentaire,2011,sociaux,1376544719.31,1830527007.12,0.0,413927273.33,503156935.87,492405150.56,,477388332.35,47015420.63,344746415.35,1898390386.49,521845667.1800001,63007876.55,12,SOCIETE DES Boissons DU MAROC (SBM),1.0,lecture visuelle RFA officiel,132641917.0,vérifié_par_impôt_du_pdf,0.0,132641917.0,V26,agroalimentaire,False,haute,21.364272199593238,0.1815993263574273,0.7251115097854774,0.0,0.22612464701148496,0.18833178314719082,0.2778490968705804,120541922.0,1726993408.92,435922141.63,315380219.63,1842861415.47,1314318403.96,0.059950198805185956,0.09512292852331303,0.09311362568791433,0.03013192991825594,0.0473449319149104,0,0,0,0,0,0,0,0,0,0,0,0,1,apprentissage,125093914.0,haute,2012,apprentissage,True
Brasseries du Maroc,Agroalimentaire,2012,sociaux,1397803581.47,1752106555.63,0.0,403106339.06,482903423.47,448227327.15,,457124886.16,56111282.59,332030972.16,1897211533.79,499407952.3199999,41145187.8,12,SOCIETE DES Boissons DU MAROC (SBM),1.0,lecture visuelle RFA officiel,125093914.0,vérifié_par_impôt_du_pdf,0.0,125093914.0,V26,agroalimentaire,False,haute,21.36365103185118,0.1750099903181129,0.7367673854889821,0.0,0.23006953416429413,0.18950386955239293,0.27365369461905736,132641917.0,1830527007.12,477388332.35,344746415.35,1898390386.49,1376544719.31,-0.0428403684758413,-0.04244646300895292,-0.036883467452709505,-0.0006209748576422521,0.015443640778089796,0,0,0,0,0,0,0,0,0,0,0,0,1,apprentissage,111692073.0,haute,2013,apprentissage,True
Brasseries du Maroc,Agroalimentaire,2013,sociaux,1373516642.3,1691170138.25,0.0,363273493.19,437912277.56,491086369.12,,406652846.83,54570202.39,294960773.83,1912535248.6,539018606.3,23851169.75,12,SOCIETE DES Boissons DU MAROC (SBM),1.0,lecture visuelle RFA officiel,111692073.0,vérifié_par_impôt_du_pdf,0.0,111692073.0,V26,agroalimentaire,False,haute,21.371695554658512,0.15422501313160897,0.7181654002484041,0.0,0.21480600027972968,0.1744122410624051,0.27466197241868207,125093914.0,1752106555.63,457124886.16,332030972.16,1897211533.79,1397803581.47,-0.03477894491302178,-0.11041192649558382,-0.11164680839514138,0.0080769669259749,-0.017375072930102754,0,0,0,0,0,0,0,0,0,0,0,0,1,apprentissage,119439525.0,haute,2014,apprentissage,True
Brasseries du Maroc,Agroalimentaire,2014,sociaux,1949695580.45,1948053918.51,0.0,325940127.75,440067350.23,745598466.19,,343060436.04,8408025.57,223620911.04,2549580136.64,599884556.1899998,68461751.96,12,SOCIETE DES Boissons DU MAROC (SBM),1.0,lecture visuelle RFA officiel,119439525.0,vérifié_par_impôt_du_pdf,-2.980232238769531e-08,119439525.0,V26,agroalimentaire,False,haute,21.65919453065425,0.08770891639228957,0.7647124137935252,0.0,0.16731576300480455,0.11479195155493438,0.3481588444843976,111692073.0,1691170138.25,406652846.83,294960773.83,1912535248.6,1373516642.3,0.15189706490786306,-0.15638009492795849,-0.24186220378956752,0.3330892272476154,0.4194917778245257,0,0,0,0,0,0,0,0,0,0,0,0,1,apprentissage,131655398.0,haute,2015,apprentissage,True
Brasseries du Maroc,Agroalimentaire,2015,sociaux,2064158372.64,2116037820.42,0.0,411007923.55,502862151.79,675453402.13,,376282228.19,4329000.86,244626830.19,2685953317.44,621794944.8,73470482.68,12,SOCIETE DES Boissons DU MAROC (SBM),1.0,comparatif officiel RFA,131655398.0,vérifié_par_impôt_du_pdf,0.0,131655398.0,V26,agroalimentaire,False,haute,21.71130155531341,0.09107635214716071,0.7685012093238326,0.0,0.19423467746357267,0.11560607652156493,0.3498847092335222,119439525.0,1948053918.51,343060436.04,223620911.04,2549580136.64,1949695580.45,0.08623164909033178,0.09683947392326638,0.09393539742015715,0.05348848574719503,0.05870803285279102,0,0,0,0,0,0,0,0,0,0,0,0,1,apprentissage,151221440.0,haute,2016,apprentissage,True
Brasseries du Maroc,Agroalimentaire,2016,sociaux,2098306301.71,2257097566.24,0.0,445683944.93,560619159.94,633862632.05,,445697445.07,10159869.94,294476005.07,2758210078.97,659903777.2599998,25156095.29,12,SOCIETE DES Boissons DU MAROC (SBM),1.0,comparatif officiel RFA,151221440.0,vérifié_par_impôt_du_pdf,0.0,151221440.0,V26,agroalimentaire,False,haute,21.737847784544275,0.10676344318920275,0.7607492691396341,0.0,0.19745887443955087,0.13046667076982174,0.33929169142140714,131655398.0,2116037820.42,376282228.19,244626830.19,2685953317.44,2064158372.64,0.06666220445530674,0.1844764692021263,0.20377640032895197,0.026901719051047445,0.01654326989761241,0,0,0,0,0,0,0,0,0,0,0,0,1,apprentissage,171957893.0,haute,2017,apprentissage,True
Brasseries du Maroc,Agroalimentaire,2017,sociaux,2169721049.29,2295989336.76,0.0,495815847.39,,597965540.47,,554634470.58,39504013.99,382676577.58,2928674499.05,758953449.7600002,38555663.67,11,SOCIETE DES Boissons DU MAROC (SBM),1.0,comparatif officiel RFA,171957893.0,vérifié_par_impôt_du_pdf,-5.960464477539062e-08,171957893.0000001,V26,agroalimentaire,False,haute,21.79781576855515,0.13066545213683942,0.740854284077596,0.0,0.21594867164743614,0.16667175733490838,0.3100382362101977,151221440.0,2257097566.24,445697445.07,294476005.07,2758210078.97,2098306301.71,0.017230876990749034,0.24441922814453357,0.2995170098461292,0.061802551364636096,0.03403447224163649,0,0,0,0,0,0,0,0,0,0,1,0,1,apprentissage,164102093.0,haute,2018,apprentissage,True
Brasseries du Maroc,Agroalimentaire,2018,sociaux,,142200000.0,,,,,,,,23900000.0,,,,2,SOCIETE DES Boissons DU MAROC (SBM),1.0,alias vérifié,164102093.0,vérifié_par_impôt_du_pdf,,,V26,agroalimentaire,False,haute,,,,,,0.1680731364275668,,171957893.0,2295989336.76,554634470.58,382676577.58,2928674499.05,2169721049.29,-0.9380659144520825,,-0.9375451715619997,,,0,1,1,1,0,1,1,1,1,1,1,1,1,apprentissage,166846747.0,haute,2019,apprentissage,True
Brasseries du Maroc,Agroalimentaire,2019,sociaux,2165417840.49,2508184430.51,5497437.0,520143490.88,618237707.8,556259936.68,,554460744.33,52022113.05,387613997.33,2851230292.36,685812451.8700004,110630035.07,12,SOCIETE DES Boissons DU MAROC (SBM),1.0,RFA officiel,166846747.0,vérifié_par_impôt_du_pdf,-5.960464477539062e-08,166846747.0000001,V26,agroalimentaire,False,haute,21.771016419959857,0.1359462258691026,0.7594678852467072,0.0019280929410474593,0.2073784864274263,0.1545396712518404,0.3009171500529122,164102093.0,142200000.0,,23900000.0,,,16.63842778136428,,15.218158884100419,,,0,0,0,0,0,0,0,0,0,0,0,0,1,apprentissage,112318257.0,haute,2020,validation,True
Brasseries du Maroc,Agroalimentaire,2020,sociaux,2001370477.5,2216340317.46,0.0,383917160.79,479910372.96,490065841.0,,333103702.01,47680783.82,220785445.01,2850083708.34,848713230.8400002,192442550.58,12,SOCIETE DES Boissons DU MAROC (SBM),1.0,RFA officiel,112318257.0,vérifié_par_impôt_du_pdf,0.0,112318257.0,V26,agroalimentaire,False,haute,21.770614202493878,0.07746630190682857,0.7022146302733249,0.0,0.17322121416352787,0.09961712254687831,0.3371870571304192,166846747.0,2508184430.51,554460744.33,387613997.33,2851230292.36,2165417840.49,-0.11635671982488872,-0.3992294217104292,-0.4303986787607374,-0.00040213658751883506,-0.07575783293300957,0,0,0,0,0,0,0,0,0,0,0,0,1,validation,143187529.0,haute,2021,validation,True
Brasseries du Maroc,Agroalimentaire,2021,sociaux,2023994062.72,2518186586.83,0.0,438901669.76,518596653.23,486841790.4,,465754332.22,42945256.73,322566803.22,2824709659.27,800715596.55,38864443.95,12,SOCIETE DES Boissons DU MAROC (SBM),1.0,RFA officiel,143187529.0,vérifié_par_impôt_du_pdf,0.0,143187529.0,V26,agroalimentaire,False,haute,21.761671421137425,0.11419467560547875,0.7165317171900308,0.0,0.17429275179823273,0.12809487784066897,0.30743144850097726,112318257.0,2216340317.46,333103702.01,220785445.01,2850083708.34,2001370477.5,0.13619130013206898,0.3982262262759775,0.460996684837581,-0.008902913621712187,0.011304046639211019,0,0,0,0,0,0,0,0,0,0,0,0,1,validation,187647583.0,haute,2022,validation,True
Brasseries du Maroc,Agroalimentaire,2022,sociaux,2113985081.43,2718405138.76,0.0,596758332.88,699072695.44,461337826.89,,597389390.71,28088225.93,409741807.71,3032752644.72,918767563.2899997,29062704.06,12,SOCIETE DES Boissons DU MAROC (SBM),1.0,comparatif officiel RFA,187647583.0,vérifié_par_impôt_du_pdf,-5.960464477539062e-08,187647583.0000001,V26,agroalimentaire,False,haute,21.832736507998074,0.13510558087332228,0.6970515993483454,0.0,0.21952516362303934,0.15072874968773184,0.3141126808043577,143187529.0,2518186586.83,465754332.22,322566803.22,2824709659.27,2023994062.72,0.07950902168136949,0.2826276630913267,0.2702541105277471,0.07365110420012694,0.04446209619264551,0,0,0,0,0,0,0,0,0,0,0,0,1,validation,227101402.0,haute,2023,test_final,True
Brasseries du Maroc,Agroalimentaire,2023,sociaux,2344199991.14,2725417168.86,0.0,557215103.58,678785028.21,523491324.77,,869030823.21,54561713.88,641929421.21,3365442032.51,1021242041.37,133781418.4,12,SOCIETE DES Boissons DU MAROC (SBM),1.0,comparatif officiel RFA,227101402.0,vérifié_par_impôt_du_pdf,0.0,227101402.0,V26,agroalimentaire,False,haute,21.936825153528783,0.19074148804495641,0.6965503991734655,0.0,0.20445130747197668,0.2355343719649749,0.26132721180261437,187647583.0,2718405138.76,597389390.71,409741807.71,3032752644.72,2113985081.43,0.002579464701570731,0.4547141893115191,0.5666681044769877,0.10969882043272149,0.10890091502172355,0,0,0,0,0,0,0,0,0,0,0,0,1,test_final,136784750.0,haute,2024,test_final,True
Brasseries du Maroc,Agroalimentaire,2024,sociaux,2124583565.55,2622969828.83,0.0,383509466.54,464920163.15,535070199.34,,369912804.41,49234430.91,233128054.41,2877896279.5,753312713.95,79355725.04,12,SOCIETE DES Boissons DU MAROC (SBM),1.0,comparatif officiel RFA,136784750.0,vérifié_par_impôt_du_pdf,-2.980232238769531e-08,136784750.0,V26,agroalimentaire,False,haute,21.780325406019994,0.08100641293803097,0.7382418819899655,0.0,0.14621192448525722,0.08887942661314902,0.36977565623381875,227101402.0,2725417168.86,869030823.21,641929421.21,3365442032.51,2344199991.14,-0.037589599566826074,-0.5743386833580573,-0.6368322642533396,-0.14486826642691594,-0.09368502108183994,0,0,0,0,0,0,0,0,0,0,0,0,1,test_final,187996812.0,haute,2025,test_final,True
CASH PLUS S.A,Services de paiement,2024,sociaux,473402000.0,562081000.0,91985000.0,397655000.0,409037000.0,61770000.0,,396568000.0,,218397000.0,2572088000.0,2098686000.0,1616074000.0,11,CASH PLUS S.A,1.0,comparatif officiel RFA 2025 en KMAD,178171000.0,vérifié_par_impôt_du_pdf,0.0,178171000.0,V26,services de paiement,False,haute,21.66798385774424,0.08491039186839641,0.18405357826015284,0.035762773279918884,0.7074692081746226,0.3885507604775824,0.4492823424986383,,,,,,,,,,,,0,0,1,0,0,0,0,0,0,0,0,0,1,test_final,212103010.0,haute,2025,test_final,True
CFG,Banques,2012,consolides,,,,-34943000.0,,,,-24854000.0,,18320834.29,1194256000.0,,,4,CFG,1.0,nom normalisé,620000.0,provisoire_un_seul_type_disponible,,,V26,banques,True,provisoire,20.900789235132752,0.01534079317164829,,,,,-0.024945682787478878,,,,,,,,,,,,1,0,1,0,0,0,1,1,1,1,1,1,1,apprentissage,384000.0,provisoire,2013,apprentissage,True
CFG,Banques,2013,consolides,336857000.0,,,-33409000.0,,,,-61992000.0,,18320834.29,1240005000.0,,,4,CFG,1.0,nom normalisé,384000.0,provisoire_un_seul_type_disponible,,,V26,banques,True,provisoire,20.93838124961974,0.014774806787069406,0.2716577755734856,,,,-0.006194347657762292,620000.0,,-24854000.0,18320834.29,1194256000.0,,,-1.4942463989699848,0.0,0.03830753205342908,,1,0,1,0,0,0,0,1,1,1,1,1,1,apprentissage,467000.0,provisoire,2014,apprentissage,True
CFG,Banques,2017,sociaux,,,,,,80376000.0,,-77111000.0,,,,,,2,CFG,1.0,nom normalisé,1188000.0,vérifié_par_impôt_du_pdf,,,V26,banques,True,haute,,,,,,,-0.015406362257006133,,,,,,,,,,,,1,1,1,0,1,1,1,1,1,1,1,0,1,apprentissage,1582000.0,haute,2018,apprentissage,True
CFG,Banques,2018,sociaux,,,,,,317969000.0,,-91127000.0,,-92709000.0,,,,3,CFG,1.0,nom normalisé,1582000.0,vérifié_par_rcai_moins_resultat_net,0.0,1582000.0,V26,banques,True,haute,,,,,,,-0.017360387151996663,1188000.0,,-77111000.0,,,,,-0.1817639506685168,,,,1,1,1,0,0,1,1,1,1,1,1,0,1,apprentissage,1895000.0,haute,2019,apprentissage,True
CFG,Banques,2019,sociaux,52000000.0,,,,,357255000.0,,-110234000.0,,-112128000.0,7297471000.0,,,4,CFG,1.0,nom normalisé,1895000.0,vérifié_par_rcai_moins_resultat_net,0.0005277044854881266,1894000.0,V26,banques,True,haute,22.710793686857997,-0.015365323137289617,0.0071257563065341405,,,,-0.01719070341274017,1582000.0,,-91127000.0,-92709000.0,,,,-0.2096744104381797,-0.20946186454389543,,,1,1,1,0,0,0,0,1,1,1,1,0,1,apprentissage,2529000.0,haute,2020,validation,True
CFG,Banques,2020,sociaux,-110000000.0,,,,,,,,,-63000000.0,,,,2,CFG,1.0,nom normalisé,2529000.0,vérifié_par_impôt_du_pdf,,,V26,banques,True,haute,,,,,,,,1895000.0,,-110234000.0,-112128000.0,7297471000.0,52000000.0,,,0.4381421232876712,,-3.1153846153846154,1,1,1,1,0,1,0,1,1,1,1,1,1,validation,3480000.0,haute,2021,validation,True
CFG,Banques,2021,sociaux,,,,,,,,,,-176000000.0,,,,1,CFG,1.0,nom normalisé,3480000.0,vérifié_par_impôt_du_pdf,,,V26,banques,True,haute,,,,,,,,2529000.0,,,-63000000.0,,-110000000.0,,,-1.7936507936507937,,,1,1,1,1,0,1,1,1,1,1,1,1,1,validation,3095000.0,haute,2022,validation,True
CFG,Banques,2022,sociaux,889877000000.0,,,,,,,,,-23000000.0,,,,2,CFG,1.0,nom normalisé,3095000.0,vérifié_par_impôt_du_pdf,,,V26,banques,True,haute,,,,,,,,3480000.0,,,-176000000.0,,,,,0.8693181818181818,,,1,1,1,1,0,1,0,1,1,1,1,1,1,validation,2563000.0,haute,2023,test_final,True
CFG,Banques,2023,sociaux,,,,,,,,3477000.0,,20000000.0,,,,2,CFG,1.0,nom normalisé,2563000.0,vérifié_par_impôt_du_pdf,,,V26,banques,True,haute,,,,,,,0.7371297095197009,3095000.0,,,-23000000.0,,889877000000.0,,,1.8695652173913044,,,1,1,1,0,0,1,1,1,1,1,1,1,1,test_final,3477000.0,haute,2024,test_final,True
CFG,Banques,2024,sociaux,,,,,,,,,,20000000.0,,,,1,CFG,1.0,nom normalisé,3477000.0,vérifié_par_impôt_du_pdf,,,V26,banques,True,haute,,,,,,,,2563000.0,,3477000.0,20000000.0,,,,,0.0,,,1,1,1,1,0,1,1,1,1,1,1,1,1,test_final,55522000.0,haute,2025,test_final,True
CGI,Immobilier,2007,sociaux,4002252000.0,,,,,15842000.0,,,-33363000.0,,,,,3,CGI,1.0,nom normalisé,129455000.0,provisoire_un_seul_type_disponible,,,V26,immobilier,False,provisoire,,,,,,,,,,,,,,,,,,,1,1,0,1,1,1,0,1,1,1,1,0,1,apprentissage,137375000.0,provisoire,2008,apprentissage,True
CIH,Banques,2018,consolides,,,,88729000.0,,,,645960000.0,,8523000.0,64949880000.0,,,4,CIH,1.0,nom normalisé,198939000.0,provisoire_un_seul_type_disponible,,,V26,banques,True,provisoire,24.89688173250165,0.00013122426092242203,,,,,0.307974177967676,,,,,,,,,,,,1,0,1,0,0,0,1,1,1,1,1,1,1,apprentissage,186338000.0,provisoire,2019,apprentissage,True
CIH,Banques,2019,consolides,,,,,,2286602000.0,,637737530.0,,201.0,75134280000.0,,,4,CIH,1.0,nom normalisé,186338000.0,provisoire_un_seul_type_disponible,,,V26,banques,True,provisoire,25.042542749640447,2.6752103034726626e-09,,,,,0.2921860345901236,198939000.0,,645960000.0,8523000.0,64949880000.0,,,-0.012729069911449625,-0.9999764167546639,0.15680398485724684,,1,1,1,0,0,0,1,1,1,1,1,0,1,apprentissage,215517000.0,provisoire,2020,validation,True
CIH,Banques,2006,sociaux,,,,,,1501353.0,,,,1415669.0,,,,2,CIH,1.0,nom normalisé,9117000.0,provisoire_un_seul_type_disponible,,,V26,banques,True,provisoire,,,,,,,,,,,,,,,,,,,1,1,1,1,0,1,1,1,1,1,1,0,1,apprentissage,10012000.0,provisoire,2007,apprentissage,True
CIH,Banques,2009,sociaux,2806119.0,,,,,,,,,,,,,1,CIH,1.0,nom normalisé,91255000.0,vérifié_par_impôt_du_pdf,,,V26,banques,True,haute,,,,,,,,,,,,,,,,,,,1,1,1,1,1,1,0,1,1,1,1,1,1,apprentissage,9756000.0,haute,2010,apprentissage,True
CIH,Banques,2010,sociaux,2813743.0,,,,,93688000.0,,,,751291000.0,,,,3,CIH,1.0,nom normalisé,9756000.0,vérifié_par_impôt_du_pdf,,,V26,banques,True,haute,,,,,,,,91255000.0,,,,,2806119.0,,,,,0.0027169197029776712,1,1,1,1,0,1,0,1,1,1,1,0,1,apprentissage,175096000.0,haute,2011,apprentissage,True
CIH,Banques,2013,sociaux,,,,,,1028693000.0,,249107000.0,,824972.0,,,,3,CIH,1.0,nom normalisé,266361000.0,vérifié_par_impôt_du_pdf,,,V26,banques,True,haute,,,,,,,1.0692634088965787,,,,,,,,,,,,1,1,1,0,0,1,1,1,1,1,1,0,1,apprentissage,249107000.0,haute,2014,apprentissage,True
CIH,Banques,2024,sociaux,,,,,,,,,,620007000.0,,,,1,CIH,1.0,nom normalisé,540660000.0,vérifié_par_impôt_du_pdf,,,V26,banques,True,haute,,,,,,,,,,,,,,,,,,,1,1,1,1,0,1,1,1,1,1,1,1,1,test_final,604583000.0,haute,2025,test_final,True
CMGP GROUP,Agriculture,2024,sociaux,2229269508.68,20347094.23,27435953.5,-82839.16,275648.84,0.0,,102718210.01,102809049.17,102403753.01,2274317058.08,45047549.4,291101710.79,12,CMGP GROUP,1.0,comparatif officiel du RFA 2025,314457.0,vérifié_par_impôt_du_pdf,0.0,314457.0,V26,agriculture,False,haute,21.544945650471153,0.045026155278653286,0.9801929334171069,0.012063381137879558,-0.004071301732994432,5.032844093237387,0.003061355917021786,,,,,,,,,,,,0,0,0,0,0,0,0,0,0,0,0,0,1,test_final,373469.0,haute,2025,test_final,True
CNIA SAADA,Sociétés d'assurances,2013,consolides,5788000.0,,,,,,,167119000.0,,,,,,2,CNIA SAADA (SAHAM ASSURANCES),1.0,alias vérifié,109460012.0,provisoire_un_seul_type_disponible,,,V26,societes d assurances,False,provisoire,,,,,,,0.6549824496316996,,,,,,,,,,,,1,1,1,0,1,1,0,1,1,1,1,1,1,apprentissage,126331339.0,provisoire,2014,apprentissage,True
CNIA SAADA,Sociétés d'assurances,2014,consolides,,,,44000.0,,,714059000.0,,,,19824606000.0,,,3,CNIA SAADA (SAHAM ASSURANCES),1.0,alias vérifié,126331339.0,provisoire_un_seul_type_disponible,,,V26,societes d assurances,False,provisoire,23.710189730423682,,,,,,,109460012.0,,167119000.0,,,5788000.0,,,,,,1,0,1,1,1,0,1,1,1,1,1,1,0,apprentissage,134183586.0,provisoire,2015,apprentissage,True
CNIA SAADA,Sociétés d'assurances,2015,consolides,,,,124000.0,,,1244857000.0,,,,19642108000.0,,,3,CNIA SAADA (SAHAM ASSURANCES),1.0,alias vérifié,134183586.0,provisoire_un_seul_type_disponible,,,V26,societes d assurances,False,provisoire,23.700941466139536,,,,,,,126331339.0,,,,19824606000.0,,,,,-0.009205630618838024,,1,0,1,1,1,0,1,1,1,1,1,1,0,apprentissage,180975899.0,provisoire,2016,apprentissage,True
CNIA SAADA,Sociétés d'assurances,2016,consolides,3610276000.0,,755879000.0,139000.0,,,1708930000.0,,,-174787000.0,20690062000.0,,21615173000.0,7,CNIA SAADA (SAHAM ASSURANCES),1.0,alias vérifié,180975899.0,provisoire_un_seul_type_disponible,,,V26,societes d assurances,False,provisoire,23.752919325364427,-0.008447872220005913,0.17449324221454726,0.03653343329758992,,,,134183586.0,,,,19642108000.0,,,,,0.0533524202188482,,1,0,1,1,0,0,0,1,0,0,1,1,0,apprentissage,170307474.0,provisoire,2017,apprentissage,True
CNIA SAADA,Sociétés d'assurances,2017,consolides,4226195000.0,,,,,,,,,-176226000.0,21615173000.0,,,3,CNIA SAADA (SAHAM ASSURANCES),1.0,alias vérifié,170307474.0,provisoire_un_seul_type_disponible,,,V26,societes d assurances,False,provisoire,23.796661358781375,-0.008152884087487988,0.19551983229558237,,,,,180975899.0,,,-174787000.0,20690062000.0,3610276000.0,,,-0.00823287773118138,0.0447128191302665,0.17060163821270175,1,1,1,1,0,0,0,1,1,1,1,1,1,apprentissage,165181727.0,provisoire,2018,apprentissage,True
CNIA SAADA,Sociétés d'assurances,2019,sociaux,,,,,,,,,,-50600000.0,,,,1,CNIA SAADA (SAHAM ASSURANCES),1.0,alias vérifié,169837551.66,vérifié_par_impôt_du_pdf,,,V26,societes d assurances,False,haute,,,,,,,,,,,,,,,,,,,1,1,1,1,0,1,1,1,1,1,1,1,1,apprentissage,45097749.94,haute,2020,validation,True
CNIA SAADA,Sociétés d'assurances,2020,sociaux,,,,,,,,,,200627850.0,,,,1,CNIA SAADA (SAHAM ASSURANCES),1.0,alias vérifié,45097749.94,vérifié_par_impôt_du_pdf,,,V26,societes d assurances,False,haute,,,,,,,,169837551.66,,,-50600000.0,,,,,4.964977272727273,,,1,1,1,1,0,1,1,1,1,1,1,1,1,validation,51215195.61,haute,2021,validation,True
CNIA SAADA,Sociétés d'assurances,2021,sociaux,,,,,,,,,,360201000000.0,,,,1,CNIA SAADA (SAHAM ASSURANCES),1.0,alias vérifié,51215195.61,vérifié_par_impôt_du_pdf,,,V26,societes d assurances,False,haute,,,,,,,,45097749.94,,,200627850.0,,,,,1794.3688882176627,,,1,1,1,1,0,1,1,1,1,1,1,1,1,validation,26013115.43,haute,2022,validation,True
CTM,Divers,2010,sociaux,122597800.0,,64870699.48,12990898.9,46669106.64,278739395.91,,-1701511.41,,22385015.63,,,66220.0,8,CTM,1.0,nom normalisé,9097580.0,vérifié_par_impôt_du_pdf,,,V26,divers,False,haute,,,,,,,-5.346764027870963,,,,,,,,,,,,1,0,1,0,0,1,0,1,0,0,0,0,1,apprentissage,10558990.0,haute,2011,apprentissage,True
CTM,Divers,2016,sociaux,122597800.0,,111157833.73,57067712.81,121963544.27,87508389.03,,,,,,,,5,CTM,1.0,nom normalisé,32652680.0,provisoire_un_seul_type_disponible,,,V26,divers,False,provisoire,,,,,,,,,,,,,,,,,,,1,0,1,1,1,1,0,1,0,1,0,0,1,apprentissage,31591054.0,provisoire,2017,apprentissage,True
CTM,Divers,2017,sociaux,,,99259899.36,63907092.43,146651076.21,756270859.06,,,-4615600.59,,,,,5,CTM,1.0,nom normalisé,31591054.0,provisoire_un_seul_type_disponible,,,V26,divers,False,provisoire,,,,,,,,32652680.0,,,,,122597800.0,,,,,,1,0,0,1,1,1,1,1,0,1,0,0,1,apprentissage,27398596.0,haute,2018,apprentissage,True
CTM,Divers,2018,sociaux,3865000.0,657300000.0,13207000.0,74608000.0,,,,90917000.0,1714000.0,63518648.59,14545000.0,,,7,CTM,1.0,nom normalisé,27398596.0,vérifié_par_impôt_du_pdf,,,V26,divers,False,haute,16.492757918663585,4.367043560673771,0.26572705397043656,0.9080096253007907,0.11350677012018864,0.09663570453369846,0.30135833782460925,31591054.0,,,,,,,,,,,0,0,0,0,0,0,0,1,0,1,1,1,1,apprentissage,27130266.0,haute,2019,apprentissage,True
CTM,Divers,2021,sociaux,,,-30016000000.0,14417000.0,,39352000000.0,,32445000.0,-2011000.0,,,,,5,CTM,1.0,nom normalisé,2051830.0,vérifié_par_impôt_du_pdf,,,V26,divers,False,haute,,,,,,,0.06324025273539836,,,,,,,,,,,,1,0,0,0,1,1,1,1,0,1,1,0,1,validation,1954775.0,haute,2022,validation,True
CTM,Divers,2022,sociaux,,,92277000.0,,,,,,-1847000.0,31314000000.0,50573000000.0,,,4,CTM,1.0,nom normalisé,1954775.0,vérifié_par_impôt_du_pdf,,,V26,divers,False,haute,24.646683674008205,0.6191841496450675,,0.0018246297431435746,,,,2051830.0,,32445000.0,,,,,,,,,1,1,0,1,0,0,1,1,0,1,1,1,1,validation,20265533.0,haute,2023,test_final,True
CTM,Divers,2023,sociaux,51498000.0,,60000000.0,,,,,76426000.0,4754000.0,,,,,4,CTM,1.0,nom normalisé,20265533.0,vérifié_par_impôt_du_pdf,,,V26,divers,False,haute,,,,,,,0.26516542799570825,1954775.0,,,31314000000.0,50573000000.0,,,,,,,1,1,0,0,1,1,0,1,0,1,1,1,1,test_final,23266402.0,haute,2024,test_final,True
CTM,Divers,2024,sociaux,1047000000.0,450171000.0,330000000.0,41950000.0,,,,93154000.0,-426000.0,69888000.0,1409095000.0,,,6,CTM,1.0,nom normalisé,23266402.0,vérifié_par_rcai_moins_resultat_net,1.727813350770781e-05,23266000.0,V26,divers,False,haute,21.066213492004508,0.04959779149028277,0.7430301008803523,0.23419286847231735,0.09318681123395332,0.15524767255109725,0.24976277991283252,20265533.0,,76426000.0,,,51498000.0,,0.21887839217020386,,,19.330886636374228,0,0,0,0,0,0,0,1,0,1,1,1,1,test_final,21553492.0,haute,2025,test_final,True
Cartier Saada,Agroalimentaire,2018,sociaux,,,,,,,,,,2544697220.0,,,,1,Cartier Saada,1.0,nom normalisé,1123600.0,provisoire_un_seul_type_disponible,,,V26,agroalimentaire,False,provisoire,,,,,,,,,,,,,,,,,,,1,1,1,1,0,1,1,1,1,1,1,1,1,apprentissage,1246531.0,haute,2019,apprentissage,True
Cartier Saada,Agroalimentaire,2023,sociaux,,,33917944.5,,,,,,,,,,,1,Cartier Saada,1.0,nom normalisé,641727.0,provisoire_un_seul_type_disponible,,,V26,agroalimentaire,False,provisoire,,,,,,,,,,,,,,,,,,,1,1,1,1,1,1,1,1,0,1,1,1,1,test_final,2825774.0,provisoire,2024,test_final,True
Cartier Saada,Agroalimentaire,2024,sociaux,,,26657818.07,,,,,,,,,,,1,Cartier Saada,1.0,nom normalisé,2825774.0,provisoire_un_seul_type_disponible,,,V26,agroalimentaire,False,provisoire,,,,,,,,641727.0,,,,,,,,,,,1,1,1,1,1,1,1,1,0,1,1,1,1,test_final,754620.0,haute,2025,test_final,True
Ciments du Maroc,Bâtiment et matériaux de construction,2004,consolides,2644698000.0,,1016000.0,25954000.0,,1052404000.0,,,27463000.0,3407000.0,,,28503000.0,7,Ciment du Maroc,1.0,alias vérifié,254795855.0,provisoire_un_seul_type_disponible,,,V26,batiment et materiaux de construction,False,provisoire,,,,,,,,,,,,,,,,,,,1,0,0,1,0,1,0,1,0,0,1,0,1,apprentissage,249573025.0,provisoire,2005,apprentissage,True
Ciments du Maroc,Bâtiment et matériaux de construction,2005,consolides,3032307000.0,,1481000.0,,,1027790000.0,,,25953000.0,,,,19779000.0,5,Ciment du Maroc,1.0,alias vérifié,249573025.0,provisoire_un_seul_type_disponible,,,V26,batiment et materiaux de construction,False,provisoire,,,,,,,,254795855.0,,,3407000.0,,2644698000.0,,,,,0.14656077934040107,1,1,0,1,1,1,0,1,0,0,1,0,1,apprentissage,266624569.0,provisoire,2006,apprentissage,True
Ciments du Maroc,Bâtiment et matériaux de construction,2006,consolides,3477629000.0,,,,,995697000.0,,,,,,,12387000.0,3,Ciment du Maroc,1.0,alias vérifié,266624569.0,provisoire_un_seul_type_disponible,,,V26,batiment et materiaux de construction,False,provisoire,,,,,,,,249573025.0,,,,,3032307000.0,,,,,0.14685914058174188,1,1,1,1,1,1,0,1,1,0,1,0,1,apprentissage,275973664.0,provisoire,2007,apprentissage,True
Ciments du Maroc,Bâtiment et matériaux de construction,2007,consolides,3862155000.0,,,,,,,,,,,,27563000.0,2,Ciment du Maroc,1.0,alias vérifié,275973664.0,provisoire_un_seul_type_disponible,,,V26,batiment et materiaux de construction,False,provisoire,,,,,,,,266624569.0,,,,,3477629000.0,,,,,0.1105713116609046,1,1,1,1,1,1,0,1,1,0,1,1,1,apprentissage,251441716.0,provisoire,2008,apprentissage,True
Ciments du Maroc,Bâtiment et matériaux de construction,2008,consolides,4171557000.0,,,35833000.0,,1978879000.0,,,,340000.0,,,51015000.0,5,Ciment du Maroc,1.0,alias vérifié,251441716.0,provisoire_un_seul_type_disponible,,,V26,batiment et materiaux de construction,False,provisoire,,,,,,,,275973664.0,,,,,3862155000.0,,,,,0.08011123323636675,1,0,1,1,0,1,0,1,1,0,1,0,1,apprentissage,375144632.44,provisoire,2009,apprentissage,True
Ciments du Maroc,Bâtiment et matériaux de construction,2009,consolides,4774284000.0,,950000000.0,,,3529117000.0,,,,,,,52244000.0,4,Ciment du Maroc,1.0,alias vérifié,375144632.44,provisoire_un_seul_type_disponible,,,V26,batiment et materiaux de construction,False,provisoire,,,,,,,,251441716.0,,,340000.0,,4171557000.0,,,,,0.14448490096143957,1,1,1,1,1,1,0,1,0,0,1,0,1,apprentissage,272680915.0,provisoire,2010,apprentissage,True
Ciments du Maroc,Bâtiment et matériaux de construction,2010,consolides,5242346000.0,,1210000000.0,1155760000.0,,4259104000.0,,,,60.0,,,47836000.0,6,Ciment du Maroc,1.0,alias vérifié,272680915.0,provisoire_un_seul_type_disponible,,,V26,batiment et materiaux de construction,False,provisoire,,,,,,,,375144632.44,,,,,4774284000.0,,,,,0.09803815608790763,1,0,1,1,0,1,0,1,0,0,1,0,1,apprentissage,341019040.71,provisoire,2011,apprentissage,True
Ciments du Maroc,Bâtiment et matériaux de construction,2011,consolides,5785043000.0,,770000000.0,1257961000.0,,4175360000.0,,,,68.0,,,35877000.0,6,Ciment du Maroc,1.0,alias vérifié,341019040.71,provisoire_un_seul_type_disponible,,,V26,batiment et materiaux de construction,False,provisoire,,,,,,,,272680915.0,,,60.0,,5242346000.0,,,0.13333333333333333,,0.10352178204185683,1,0,1,1,0,1,0,1,0,0,1,0,1,apprentissage,206668743.0,provisoire,2012,apprentissage,True
Ciments du Maroc,Bâtiment et matériaux de construction,2012,consolides,5935966000.0,,330000000.0,1073916000.0,,,,,,,,,,3,Ciment du Maroc,1.0,alias vérifié,206668743.0,provisoire_un_seul_type_disponible,,,V26,batiment et materiaux de construction,False,provisoire,,,,,,,,341019040.71,,,68.0,,5785043000.0,,,,,0.02608848369839256,1,0,1,1,1,1,0,1,0,1,1,1,1,apprentissage,278821815.0,provisoire,2013,apprentissage,True
Ciments du Maroc,Bâtiment et matériaux de construction,2013,consolides,6167385000.0,,,1129184000.0,,7247000.0,,,,,,,,3,Ciment du Maroc,1.0,alias vérifié,278821815.0,provisoire_un_seul_type_disponible,,,V26,batiment et materiaux de construction,False,provisoire,,,,,,,,206668743.0,,,,,5935966000.0,,,,,0.038985903895002096,1,0,1,1,1,1,0,1,1,1,1,0,1,apprentissage,256475063.0,provisoire,2014,apprentissage,True
Ciments du Maroc,Bâtiment et matériaux de construction,2014,consolides,6303637000.0,,,1024475000.0,,,,,,56.0,,,71882000.0,4,Ciment du Maroc,1.0,alias vérifié,256475063.0,provisoire_un_seul_type_disponible,,,V26,batiment et materiaux de construction,False,provisoire,,,,,,,,278821815.0,,,,,6167385000.0,,,,,0.022092345459218128,1,0,1,1,0,1,0,1,1,0,1,1,1,apprentissage,379573794.86,provisoire,2015,apprentissage,True
Ciments du Maroc,Bâtiment et matériaux de construction,2015,consolides,6254924000.0,,1110000.0,1176527000.0,,3198456000.0,,,,76.0,,,132598000.0,6,Ciment du Maroc,1.0,alias vérifié,379573794.86,provisoire_un_seul_type_disponible,,,V26,batiment et materiaux de construction,False,provisoire,,,,,,,,256475063.0,,,56.0,,6303637000.0,,,0.35714285714285715,,-0.007727760973545907,1,0,1,1,0,1,0,1,0,0,1,0,1,apprentissage,19558491.0,provisoire,2016,apprentissage,True
Ciments du Maroc,Bâtiment et matériaux de construction,2022,consolides,3321526000.0,1320000000.0,407000.0,1327000000.0,1587000000.0,1711072000.0,3360000.0,,79168000.0,,4793279000.0,,96059000.0,10,Ciment du Maroc,1.0,alias vérifié,363846700.0,provisoire_un_seul_type_disponible,,,V26,batiment et materiaux de construction,False,provisoire,22.290480565527822,,0.692954864509243,8.491055913916131e-05,1.0053030303030304,,,,,,,,,,,,,,0,0,0,1,1,0,0,1,0,0,0,0,0,validation,391628469.0,provisoire,2023,test_final,True
Ciments du Maroc,Bâtiment et matériaux de construction,2020,sociaux,,,,,,,44910000.0,,133418000.0,,,,,2,Ciment du Maroc,1.0,alias vérifié,307196799.0,vérifié_par_impôt_du_pdf,,,V26,batiment et materiaux de construction,False,haute,,,,,,,,,,,,,,,,,,,1,1,0,1,1,1,1,1,1,1,1,1,0,validation,454631354.0,haute,2021,validation,True
Colorado,Chimie,2012,sociaux,,,,64996484.4,-537.0,17976674.47,,,-10626276.33,39625052.51,,,,5,COLORADO,1.0,nom normalisé,15437284.0,provisoire_un_seul_type_disponible,,,V26,chimie,False,provisoire,,,,,,,,,,,,,,,,,,,1,0,0,1,0,1,1,1,1,1,0,0,1,apprentissage,20871604.0,provisoire,2013,apprentissage,True
Colorado,Chimie,2013,sociaux,333273450.16,,23440508.88,80435139.99,,17976674.47,,-13819.29,-9463027.19,48031304.63,,,,7,COLORADO,1.0,nom normalisé,20871604.0,provisoire_un_seul_type_disponible,,,V26,chimie,False,provisoire,,,,,,,-1510.3239023133603,15437284.0,,,39625052.51,,,,,0.2121448827828949,,,1,0,0,0,0,1,0,1,0,1,1,0,1,apprentissage,22054635.0,provisoire,2014,apprentissage,True
Colorado,Chimie,2018,sociaux,,201000000.0,,,,,,,,,,,,1,COLORADO,1.0,nom normalisé,15788480.0,provisoire_un_seul_type_disponible,,,V26,chimie,False,provisoire,,,,,,,,,,,,,,,,,,,0,1,1,1,1,1,1,1,1,1,1,1,1,apprentissage,17185710.0,provisoire,2019,apprentissage,True
Colorado,Chimie,2022,sociaux,319949739.73,,,,,,,,,2.19,,,,2,COLORADO,1.0,nom normalisé,13167286.0,provisoire_un_seul_type_disponible,,,V26,chimie,False,provisoire,,,,,,,,,,,,,,,,,,,1,1,1,1,0,1,0,1,1,1,1,1,1,validation,13312385.0,provisoire,2023,test_final,True
Cosumar,Agroalimentaire,2019,consolides,4182000000.0,6676200000.0,138600000.0,1041500000.0,,4512100000.0,-20200000.0,1196700000.0,-10500000.0,871100000.0,10995500000.0,,584500000.0,11,Cosumar,1.0,nom normalisé,325611059.0,vérifié_par_rcai_moins_resultat_net,3.396383413377861e-05,325600000.0,V26,agroalimentaire,False,haute,23.120751935226124,0.07922331863034877,0.38033741075894684,0.012605156654995226,0.1560019172583206,0.1304784158653126,0.2720907988635414,,,,,,,,,,,,0,0,0,0,0,0,0,1,0,0,1,0,0,apprentissage,266449348.0,provisoire,2020,validation,True
Cosumar,Agroalimentaire,2020,consolides,4186900000.0,6979600000.0,86400000.0,927600000.0,,4547500000.0,-33100000.0,860200000.0,57300000.0,593800000.0,11540800000.0,,632200000.0,11,Cosumar,1.0,nom normalisé,266449348.0,provisoire_un_seul_type_disponible,,,V26,agroalimentaire,False,provisoire,23.169154419800332,0.051452239012893385,0.3627911409954249,0.0074864827394981286,0.1329015989454983,0.08507650868244598,0.3097527877237852,325611059.0,6676200000.0,1196700000.0,871100000.0,10995500000.0,4182000000.0,0.045445013630508374,-0.2811899389989137,-0.3183331420043623,0.049593015324450915,0.00117168818747011,0,0,0,0,0,0,0,1,0,0,1,0,0,validation,308964703.0,provisoire,2021,validation,True
Cosumar,Agroalimentaire,2009,sociaux,419105700.0,,500000000.0,725510202.96,838467847.7,2272942179.9,,,90388132.4,515487014.16,,,,7,Cosumar,1.0,nom normalisé,199032753.0,vérifié_par_impôt_du_pdf,,,V26,agroalimentaire,False,haute,,,,,,,,,,,,,,,,,,,1,0,0,1,0,1,0,1,0,1,0,0,1,apprentissage,140816227.0,provisoire,2010,apprentissage,True
Cosumar,Agroalimentaire,2014,sociaux,2715992834.23,5273601226.17,,,,2885315576.58,,,,433544816.9,,,,4,Cosumar,1.0,nom normalisé,146280273.0,vérifié_par_impôt_du_pdf,,,V26,agroalimentaire,False,haute,,,,,,0.08221039064322005,,,,,,,,,,,,,0,1,1,1,0,1,0,1,1,1,1,0,1,apprentissage,236657642.0,provisoire,2015,apprentissage,True
Cosumar,Agroalimentaire,2015,sociaux,2774801364.74,5273601226.17,330000000.0,881034518.45,,4602198585.67,,727145043.51,103532351.35,490487401.51,,,,8,Cosumar,1.0,nom normalisé,236657642.0,provisoire_un_seul_type_disponible,,,V26,agroalimentaire,False,provisoire,,,,,0.16706506249996822,0.0930080566342368,0.3254613974367899,146280273.0,5273601226.17,,433544816.9,,2715992834.23,0.0,,0.1313418645323909,,0.021652682499316064,0,0,0,0,0,1,0,1,0,1,1,0,1,apprentissage,362526198.0,haute,2016,apprentissage,True
Cosumar,Agroalimentaire,2016,sociaux,3266926935.89,6387473512.69,,1108012581.92,,5235918261.34,,1165031212.63,128933166.67,802505014.63,,,,7,Cosumar,1.0,nom normalisé,362526198.0,vérifié_par_rcai_moins_resultat_net,3.288294479362875e-16,362526198.0000001,V26,agroalimentaire,False,haute,,,,,0.1734664855703449,0.12563731388250182,0.31117294890461783,236657642.0,5273601226.17,727145043.51,490487401.51,,2774801364.74,0.2112166314344096,0.6021992077485406,0.6361378746109112,,0.17735524329905053,0,0,0,0,0,1,0,1,1,1,1,0,1,apprentissage,345574220.0,haute,2017,apprentissage,True
Cosumar,Agroalimentaire,2017,sociaux,3618741594.94,6261217618.65,,1099682436.52,,3645384111.46,,1243314597.05,161447072.71,800762387.35,,,,7,Cosumar,1.0,nom normalisé,345574220.0,vérifié_par_impôt_du_pdf,,,V26,agroalimentaire,False,haute,,,,,0.1756339586799262,0.1278924382000086,0.27794592038084365,362526198.0,6387473512.69,1165031212.63,802505014.63,,3266926935.89,-0.019766171051694738,0.06719423786361825,-0.002171484599137889,,0.10768978491224086,0,0,0,0,0,1,0,1,1,1,1,0,1,apprentissage,294210931.0,haute,2018,apprentissage,True
Cosumar,Agroalimentaire,2022,sociaux,4595804470.02,,,,,,,,,,,,,1,Cosumar,1.0,nom normalisé,349950242.0,vérifié_par_impôt_du_pdf,,,V26,agroalimentaire,False,haute,,,,,,,,,,,,,,,,,,,1,1,1,1,1,1,0,1,1,1,1,1,1,validation,508273674.0,haute,2023,test_final,True
Cosumar,Agroalimentaire,2023,sociaux,4358051772.71,202000000.0,,,,,,,,,,,,2,Cosumar,1.0,nom normalisé,508273674.0,vérifié_par_impôt_du_pdf,,,V26,agroalimentaire,False,haute,,,,,,,,349950242.0,,,,,4595804470.02,,,,,-0.05173255277959329,0,1,1,1,1,1,0,1,1,1,1,1,1,test_final,487874939.0,haute,2024,test_final,True
Cosumar,Agroalimentaire,2024,sociaux,4595804470.02,51000000.0,,,,,,,,,,,,2,Cosumar,1.0,nom normalisé,487874939.0,vérifié_par_impôt_du_pdf,,,V26,agroalimentaire,False,haute,,,,,,,,508273674.0,202000000.0,,,,4358051772.71,-0.7475247524752475,,,,0.05455481249644652,0,1,1,1,1,1,0,1,1,1,1,1,1,test_final,375170429.0,haute,2025,test_final,True
Crédit du Maroc,Banques,2006,consolides,,,,,,,5122000.0,,,2975000.0,1952109000.0,,,3,Crédit du Maroc,1.0,nom normalisé,157345827.63,provisoire_un_seul_type_disponible,,,V26,banques,True,provisoire,21.392176164054508,0.0015239927688464117,,,,,,,,,,,,,,,,,1,1,1,1,0,0,1,1,1,1,1,1,0,apprentissage,150446621.22,provisoire,2007,apprentissage,True
Crédit du Maroc,Banques,2023,consolides,1050261000.0,,,960782000.0,,1620977000.0,17885000.0,878743135.0,,590574000.0,11342568000.0,,3259110000.0,8,Crédit du Maroc,1.0,nom normalisé,380083000.0,provisoire_un_seul_type_disponible,,,V26,banques,True,provisoire,23.151828564723566,0.052067045134752556,0.09259463994397037,,,,0.43253026380684045,,,,,,,,,,,,1,0,1,0,0,0,0,1,1,0,1,0,0,test_final,552594000.0,haute,2024,test_final,True
Crédit du Maroc,Banques,2024,consolides,7878853000.0,,,1346910000.0,,1622972000.0,5003000.0,1293543000.0,,445000000.0,9797821000.0,,2525258000.0,8,Crédit du Maroc,1.0,nom normalisé,552594000.0,vérifié_par_impôt_du_pdf,,,V26,banques,True,haute,23.00542585106348,0.045418261876798934,0.804143390657984,,,,0.4271941481651557,380083000.0,,878743135.0,590574000.0,11342568000.0,1050261000.0,,0.47203767344367364,-0.2464957820696475,-0.13619023487450108,6.5018047894761395,1,0,1,0,0,0,0,1,1,0,1,0,0,test_final,680270000.0,haute,2025,test_final,True
Crédit du Maroc,Banques,2009,sociaux,,,,,,1599802000.0,,,,361442000.0,,,,2,Crédit du Maroc,1.0,nom normalisé,222443000.0,provisoire_un_seul_type_disponible,,,V26,banques,True,provisoire,,,,,,,,,,,,,,,,,,,1,1,1,1,0,1,1,1,1,1,1,0,1,apprentissage,171921000.0,provisoire,2010,apprentissage,True
Crédit du Maroc,Banques,2013,sociaux,,,,,,2017595000.0,,,,,,,,1,Crédit du Maroc,1.0,nom normalisé,77416000.0,vérifié_par_impôt_du_pdf,,,V26,banques,True,haute,,,,,,,,,,,,,,,,,,,1,1,1,1,1,1,1,1,1,1,1,0,1,apprentissage,113757000.0,haute,2014,apprentissage,True
DELATTRE LEVIVIER MAROC,Divers,2009,sociaux,,,,,,2840770.6,,,,,,,,1,DELATTRE LEVIVIER MAROC (DLM),1.0,alias vérifié,5070274.0,provisoire_un_seul_type_disponible,,,V26,divers,False,provisoire,,,,,,,,,,,,,,,,,,,1,1,1,1,1,1,1,1,1,1,1,0,1,apprentissage,13128761.0,provisoire,2010,apprentissage,True
DELATTRE LEVIVIER MAROC,Divers,2010,sociaux,,,,1659.0,,,,,,,,,,1,DELATTRE LEVIVIER MAROC (DLM),1.0,alias vérifié,13128761.0,provisoire_un_seul_type_disponible,,,V26,divers,False,provisoire,,,,,,,,5070274.0,,,,,,,,,,,1,0,1,1,1,1,1,1,1,1,1,1,1,apprentissage,8133138.0,provisoire,2011,apprentissage,True
DELATTRE LEVIVIER MAROC,Divers,2011,sociaux,,,,201.0,,,,,,,,,,1,DELATTRE LEVIVIER MAROC (DLM),1.0,alias vérifié,8133138.0,provisoire_un_seul_type_disponible,,,V26,divers,False,provisoire,,,,,,,,13128761.0,,,,,,,,,,,1,0,1,1,1,1,1,1,1,1,1,1,1,apprentissage,4559241.0,provisoire,2012,apprentissage,True
DELATTRE LEVIVIER MAROC,Divers,2012,sociaux,,,,,,16636322.25,,,,,,,,1,DELATTRE LEVIVIER MAROC (DLM),1.0,alias vérifié,4559241.0,provisoire_un_seul_type_disponible,,,V26,divers,False,provisoire,,,,,,,,8133138.0,,,,,,,,,,,1,1,1,1,1,1,1,1,1,1,1,0,1,apprentissage,9333742.0,haute,2013,apprentissage,True
DELATTRE LEVIVIER MAROC,Divers,2013,sociaux,,,,,,121102778.17,,,,,,,,1,DELATTRE LEVIVIER MAROC (DLM),1.0,alias vérifié,9333742.0,vérifié_par_impôt_du_pdf,,,V26,divers,False,haute,,,,,,,,4559241.0,,,,,,,,,,,1,1,1,1,1,1,1,1,1,1,1,0,1,apprentissage,11160098.0,haute,2014,apprentissage,True
DELATTRE LEVIVIER MAROC,Divers,2014,sociaux,125000000.0,,100535461.94,64762342.34,89674953.06,140056704.75,,,28814276.79,12072603.53,,,,7,DELATTRE LEVIVIER MAROC (DLM),1.0,alias vérifié,11160098.0,vérifié_par_impôt_du_pdf,,,V26,divers,False,haute,,,,,,,,9333742.0,,,,,,,,,,,1,0,0,1,0,1,0,1,0,1,0,0,1,apprentissage,5711612.0,haute,2015,apprentissage,True
DELATTRE LEVIVIER MAROC,Divers,2015,sociaux,125000000.0,,83247742.78,53776293.68,76613409.05,385414995.14,,,34017130.39,13293520.82,,,,7,DELATTRE LEVIVIER MAROC (DLM),1.0,alias vérifié,5711612.0,vérifié_par_impôt_du_pdf,,,V26,divers,False,haute,,,,,,,,11160098.0,,,12072603.53,,125000000.0,,,0.1011312337861559,,0.0,1,0,0,1,0,1,0,1,0,1,0,0,1,apprentissage,5635258.0,haute,2016,apprentissage,True
DELTA HOLDING S.A,Sociétés de portefeuilles holdings,2008,sociaux,667205610000.0,,,,,,,,,,,,,1,DELTA HOLDING S.A,1.0,nom normalisé,2392020.0,provisoire_un_seul_type_disponible,,,V26,societes de portefeuilles holdings,False,provisoire,,,,,,,,,,,,,,,,,,,1,1,1,1,1,1,0,1,1,1,1,1,1,apprentissage,14232576.0,haute,2009,apprentissage,True
DELTA HOLDING S.A,Sociétés de portefeuille,2009,sociaux,985472801.11,60733097.38,0.0,27841097.88,32697755.06,32133001.58,,227495853.86,168050485.39,213263277.86,1012295434.53,26822633.42,113998226.44,12,DELTA HOLDING S.A,1.0,publication annuelle officielle,14232576.0,vérifié_par_impôt_du_pdf,0.0,14232576.0,V26,societes de portefeuille,False,haute,20.735486297549627,0.2106729622454697,0.9735031567810503,0.0,0.4584172235741815,3.5114836400593274,0.06256191380419032,2392020.0,,,,,667205610000.0,,,,,-0.9985229848395459,0,0,0,0,0,0,0,0,0,0,0,0,1,apprentissage,11234237.09,haute,2010,apprentissage,True
DELTA HOLDING S.A,Sociétés de portefeuille,2014,sociaux,1255723545.64,78052879.38,205000000.0,38063191.29,44873862.44,23722569.19,,170102452.08,134393346.03,162140419.08,1645686729.29,389963183.65,77391189.34,12,DELTA HOLDING S.A,1.0,comparatif officiel annuel,7962033.0,vérifié_par_impôt_du_pdf,0.0,7962033.0,V26,societes de portefeuille,False,haute,21.22142359927127,0.0985244738225193,0.763039236624189,0.12456805803401193,0.48765902798652144,2.0773150249924837,0.04680727939333536,,,,,,,,,,,,0,0,0,0,0,0,0,0,0,0,0,0,1,apprentissage,5307309.0,haute,2015,apprentissage,True
DELTA HOLDING S.A,Sociétés de portefeuille,2015,sociaux,1234943197.49,83081851.9,180000000.0,32029172.15,38827444.8,23914932.5,,115926960.85,83613632.7,110619651.85,1542945867.46,308002669.97,2182948.41,12,DELTA HOLDING S.A,1.0,comparatif officiel annuel,5307309.0,vérifié_par_impôt_du_pdf,0.0,5307309.0,V26,societes de portefeuille,False,haute,21.156959327702975,0.07169379962247298,0.8003801193122643,0.11665995793897571,0.38551345952845806,1.3314538532812843,0.045781490009621006,7962033.0,78052879.38,170102452.08,162140419.08,1645686729.29,1255723545.64,0.06443032672140751,-0.3184874207722827,-0.31775400311861596,-0.062430388482457716,-0.016548505618256167,0,0,0,0,0,0,0,0,0,0,0,0,1,apprentissage,9458091.0,haute,2016,apprentissage,True
DELTA HOLDING S.A,Sociétés de portefeuille,2016,sociaux,1310959712.57,82116209.56,0.0,34708798.9,37432075.22,23803762.85,,190594606.08,155499780.33,181136515.08,1541757709.07,230797996.5,901758.52,12,DELTA HOLDING S.A,1.0,comparatif officiel annuel,9458091.0,vérifié_par_impôt_du_pdf,0.0,9458091.0,V26,societes de portefeuille,False,haute,21.15618897267954,0.11748701758674063,0.8503020318028965,0.0,0.4226790189900236,2.205855775011737,0.04962412732724487,5307309.0,83081851.9,115926960.85,110619651.85,1542945867.46,1234943197.49,-0.011622783049687937,0.6440921480432308,0.6374713900349346,-0.0007700583766791852,0.06155466521415894,0,0,0,0,0,0,0,0,0,0,0,0,1,apprentissage,5404568.0,haute,2017,apprentissage,True
DELTA HOLDING S.A,Sociétés de portefeuille,2017,sociaux,1329770504.23,67233445.47,0.0,16785730.08,19737443.18,22436479.2,,129335359.66,116050395.16,123930791.66,1540484884.09,210714379.86,992494.96,12,DELTA HOLDING S.A,1.0,comparatif officiel 2018/2017,5404568.0,vérifié_par_impôt_du_pdf,0.0,5404568.0,V26,societes de portefeuille,False,haute,21.155363064261852,0.0804492098169524,0.8632155485352433,0.0,0.2496633924181366,1.8432908025708532,0.04178724220667621,9458091.0,82116209.56,190594606.08,181136515.08,1541757709.07,1310959712.57,-0.1812402711930534,-0.32141122815557077,-0.3158155239695032,-0.0008255674497439658,0.014348870891786209,0,0,0,0,0,0,0,0,0,0,0,0,1,apprentissage,6376302.0,haute,2018,apprentissage,True
DELTA HOLDING S.A,Sociétés de portefeuille,2018,sociaux,1383441064.26,69913039.51,0.0,19041888.9,22026426.71,21556020.22,,191446862.03,172166738.97,185070560.03,1725208463.75,341767399.49,1994507.46,12,DELTA HOLDING S.A,1.0,comparatif officiel 2018/2017,6376302.0,vérifié_par_impôt_du_pdf,0.0,6376302.0,V26,societes de portefeuille,False,haute,21.2686137292585,0.10727431723104425,0.8018979116604162,0.0,0.2723653417654134,2.647153683019724,0.033305857993121996,5404568.0,67233445.47,129335359.66,123930791.66,1540484884.09,1329770504.23,0.03985507542069459,0.48023605093982236,0.49333799575600973,0.11991262073896984,0.04036076891409,0,0,0,0,0,0,0,0,0,0,0,0,1,apprentissage,11620600.0,haute,2019,apprentissage,True
DELTA HOLDING S.A,Sociétés de portefeuilles holdings,2019,sociaux,1412243274.22,,,,,,,171629504.76,,,,,,2,DELTA HOLDING S.A,1.0,nom normalisé,11620600.0,vérifié_par_impôt_du_pdf,,,V26,societes de portefeuilles holdings,False,haute,,,,,,,0.06770747265308372,6376302.0,69913039.51,191446862.03,185070560.03,1725208463.75,1383441064.26,,-0.10351361761622711,,,0.02081925331268541,1,1,1,0,1,1,0,1,1,1,1,1,1,apprentissage,1104788.0,haute,2020,validation,True
DELTA HOLDING S.A,Sociétés de portefeuilles holdings,2020,sociaux,1383889143.94,,,,,,,,,,,,,1,DELTA HOLDING S.A,1.0,nom normalisé,1104788.0,vérifié_par_impôt_du_pdf,,,V26,societes de portefeuilles holdings,False,haute,,,,,,,,11620600.0,,171629504.76,,,1412243274.22,,,,,-0.02007736966965576,1,1,1,1,1,1,0,1,1,1,1,1,1,validation,15070783.0,haute,2021,validation,True
DELTA HOLDING S.A,Sociétés de portefeuilles holdings,2021,sociaux,1412243274.22,,,,,,,,,145266525.03,,,,2,DELTA HOLDING S.A,1.0,nom normalisé,15070783.0,vérifié_par_impôt_du_pdf,,,V26,societes de portefeuilles holdings,False,haute,,,,,,,,1104788.0,,,,,1383889143.94,,,,,0.020488729465189946,1,1,1,1,0,1,0,1,1,1,1,1,1,validation,10511090.0,haute,2022,validation,True
DELTA HOLDING S.A,Sociétés de portefeuilles holdings,2022,sociaux,1557451927.58,,,,,,,,,,,,,1,DELTA HOLDING S.A,1.0,nom normalisé,10511090.0,vérifié_par_impôt_du_pdf,,,V26,societes de portefeuilles holdings,False,haute,,,,,,,,15070783.0,,,145266525.03,,1412243274.22,,,,,0.10282127450045778,1,1,1,1,1,1,0,1,1,1,1,1,1,validation,6969165.0,haute,2023,test_final,True
DELTA HOLDING S.A,Sociétés de portefeuilles holdings,2023,sociaux,1702365831.3,,,,,,,,,,,,,1,DELTA HOLDING S.A,1.0,nom normalisé,6969165.0,vérifié_par_impôt_du_pdf,,,V26,societes de portefeuilles holdings,False,haute,,,,,,,,10511090.0,,,,,1557451927.58,,,,,0.09304550667266512,1,1,1,1,1,1,0,1,1,1,1,1,1,test_final,9491501.0,haute,2024,test_final,True
DELTA HOLDING S.A,Sociétés de portefeuilles holdings,2024,sociaux,1713132951.91,,,,,,,,,145767194.09,,,,2,DELTA HOLDING S.A,1.0,nom normalisé,9491501.0,vérifié_par_impôt_du_pdf,,,V26,societes de portefeuilles holdings,False,haute,,,,,,,,6969165.0,,,,,1702365831.3,,,,,0.006324798355344043,1,1,1,1,0,1,0,1,1,1,1,1,1,test_final,16604015.0,haute,2025,test_final,True
DISTY RFA,"Matériels, logiciels et services informatiques",2021,sociaux,99811000.0,,7968964.28,32108000000.0,,1983591.11,,26463000.0,-5377000000.0,4134452.49,,,,7,DISTY RFA,1.0,nom normalisé,8191931.0,provisoire_un_seul_type_disponible,,,V26,materiels logiciels et services informatiques,False,provisoire,,,,,,,0.3095616899066621,,,,,,,,,,,,1,0,0,0,0,1,0,1,0,1,1,0,1,validation,3197250.0,provisoire,2022,validation,True
DISTY RFA,"Matériels, logiciels et services informatiques",2022,sociaux,162429915.14,202000000.0,6092742.27,26344000000.0,,3485429.27,,7332000.0,-17766000000.0,-2.0,,,,8,DISTY RFA,1.0,nom normalisé,3197250.0,provisoire_un_seul_type_disponible,,,V26,materiels logiciels et services informatiques,False,provisoire,,,,,130.41584158415841,-9.900990099009902e-09,0.43606792144026185,8191931.0,,26463000.0,4134452.49,,99811000.0,,-0.7229339077202132,-1.0000004837399885,,0.6273748899419902,0,0,0,0,0,1,0,1,0,1,1,0,1,validation,2928870.0,haute,2023,test_final,True
DISTY RFA,"Matériels, logiciels et services informatiques",2023,sociaux,171233239.0,56000000.0,4164942.77,29145.0,21100000.0,3666440.15,,27713.0,-7128.0,,,,,8,DISTY RFA,1.0,nom normalisé,2928870.0,vérifié_par_impôt_du_pdf,,,V26,materiels logiciels et services informatiques,False,haute,,,,,0.0005204464285714286,,105.68577923718111,3197250.0,202000000.0,7332000.0,-2.0,,162429915.14,-0.7227722772277227,-0.9962202673213312,,,0.054197675670841425,0,0,0,0,1,1,0,1,0,1,0,0,1,test_final,2929158.0,haute,2024,test_final,True
DISTY RFA,"Matériels, logiciels et services informatiques",2024,sociaux,,,,29705667.09,,,,22293214.78,6685642.22,,,,,3,DISTY RFA,1.0,nom normalisé,2929158.0,vérifié_par_impôt_du_pdf,,,V26,materiels logiciels et services informatiques,False,haute,,,,,,,0.1313923554277083,2928870.0,56000000.0,27713.0,,,171233239.0,,803.431666726807,,,,1,0,0,0,1,1,1,1,1,1,1,1,1,test_final,3737785.0,haute,2025,test_final,True
DISWAY,Distributeurs,2024,sociaux,625444434.25,1601013160.52,68162603.4,76456849.53,,185485513.76,,87348236.79,14897481.27,67189047.79,1170994480.62,545550046.37,41306391.48,11,DISWAY,1.0,comparatif officiel du RFA 2025,20159189.0,vérifié_par_impôt_du_pdf,0.0,20159189.0,V26,distributeurs,False,haute,20.881119209014592,0.05737776642160243,0.5341139045496179,0.058209158564018454,0.04775529109652493,0.04196658056713124,0.23079102384706532,,,,,,,,,,,,0,0,0,0,0,0,0,0,0,0,1,0,1,test_final,20159189.0,haute,2025,test_final,True
Dari couspate,Agroalimentaire,2021,sociaux,,698100000.0,,,,,,,,,,,,1,Dari couspate,1.0,nom normalisé,23417318.0,provisoire_un_seul_type_disponible,,,V26,agroalimentaire,False,provisoire,,,,,,,,,,,,,,,,,,,0,1,1,1,1,1,1,1,1,1,1,1,1,validation,7332705.0,provisoire,2022,validation,True
ENNAKL,Distributeurs,2024,sociaux,625448736.3744,1902825044.033333,34059810.1881,156783141.15125,176931162.09375,200827535.2182,,195848205.5823333,39663636.89625,141414361.52675,1209161955.5436,583713219.1692001,94396197.73560001,12,ENNAKL,1.0,comparatif officiel + conversion BAM,54433844.05558334,vérifié_par_impôt_du_pdf,7.450580596923828e-09,54433844.05558333,V26,distributeurs,False,haute,20.913193358700482,0.11695237422779703,0.5172580343823492,0.028168112660133946,0.0823949325466748,0.07431811031191828,0.2779389471235146,,,,,,,,,,,,0,0,0,0,0,0,0,0,0,0,0,0,1,test_final,77889700.83150001,haute,2025,test_final,True
Eqdom,Sociétés de financement,2009,consolides,,,,,,18524000.0,,,,,,,,1,Eqdom,1.0,nom normalisé,129000000.0,provisoire_un_seul_type_disponible,,,V26,societes de financement,False,provisoire,,,,,,,,,,,,,,,,,,,1,1,1,1,1,1,1,1,1,1,1,0,1,apprentissage,135965000.0,provisoire,2010,apprentissage,True
Eqdom,Sociétés de financement,2016,consolides,,,,,,235582000.0,,,,150725000.0,,,,2,Eqdom,1.0,nom normalisé,10762000.0,provisoire_un_seul_type_disponible,,,V26,societes de financement,False,provisoire,,,,,,,,,,,,,,,,,,,1,1,1,1,0,1,1,1,1,1,1,0,1,apprentissage,69613000.0,provisoire,2017,apprentissage,True
Eqdom,Sociétés de financement,2006,sociaux,,,,,,17589000.0,,132029.0,,1504404.0,,,,3,Eqdom,1.0,nom normalisé,110969000.0,provisoire_un_seul_type_disponible,,,V26,societes de financement,False,provisoire,,,,,,,840.4895894083876,,,,,,,,,,,,1,1,1,0,0,1,1,1,1,1,1,0,1,apprentissage,132029000.0,provisoire,2007,apprentissage,True
Eqdom,Sociétés de financement,2007,sociaux,,,,,,170693000.0,,337261000.0,,205232179039.0,,,,3,Eqdom,1.0,nom normalisé,132029000.0,provisoire_un_seul_type_disponible,,,V26,societes de financement,False,provisoire,,,,,,,0.39147425880845993,110969000.0,,132029.0,1504404.0,,,,2553.446371630475,136419.9208689953,,,1,1,1,0,0,1,1,1,1,1,1,0,1,apprentissage,130814000.0,provisoire,2008,apprentissage,True
Eqdom,Sociétés de financement,2011,sociaux,,,,,,,,125630000.0,,2254498000.0,,,,2,Eqdom,1.0,nom normalisé,135452000.0,provisoire_un_seul_type_disponible,,,V26,societes de financement,False,provisoire,,,,,,,1.078181962906949,,,,,,,,,,,,1,1,1,0,0,1,1,1,1,1,1,1,1,apprentissage,152630000.0,provisoire,2012,apprentissage,True
Eqdom,Sociétés de financement,2012,sociaux,,,,,,218104000.0,,84048000.0,,2088085000.0,,,,3,Eqdom,1.0,nom normalisé,152630000.0,provisoire_un_seul_type_disponible,,,V26,societes de financement,False,provisoire,,,,,,,1.8159861031791358,135452000.0,,125630000.0,2254498000.0,,,,-0.3309878213802436,-0.07381377140276904,,,1,1,1,0,0,1,1,1,1,1,1,0,1,apprentissage,87624000.0,haute,2013,apprentissage,True
Eqdom,Sociétés de financement,2013,sociaux,,,,,,222887000.0,,71686000.0,,2115565000.0,,,,3,Eqdom,1.0,nom normalisé,87624000.0,vérifié_par_impôt_du_pdf,,,V26,societes de financement,False,haute,,,,,,,1.2223307200848144,152630000.0,,84048000.0,2088085000.0,,,,-0.1470826194555492,0.013160383796636631,,,1,1,1,0,0,1,1,1,1,1,1,0,1,apprentissage,74593000.0,haute,2014,apprentissage,True
Eqdom,Sociétés de financement,2014,sociaux,,,,,,229638000.0,,79134000.0,,1989864000.0,,,,3,Eqdom,1.0,nom normalisé,74593000.0,vérifié_par_impôt_du_pdf,,,V26,societes de financement,False,haute,,,,,,,0.9426163216822099,87624000.0,,71686000.0,2115565000.0,,,,0.1038975532182016,-0.05941722424033296,,,1,1,1,0,0,1,1,1,1,1,1,0,1,apprentissage,82336000.0,haute,2015,apprentissage,True
Eqdom,Sociétés de financement,2020,sociaux,,,,,,,,70510000.0,,,,,,1,Eqdom,1.0,nom normalisé,36124000.0,provisoire_un_seul_type_disponible,,,V26,societes de financement,False,provisoire,,,,,,,0.5123244929797192,,,,,,,,,,,,1,1,1,0,1,1,1,1,1,1,1,1,1,validation,60604000.0,provisoire,2021,validation,True
Eqdom,Sociétés de financement,2024,sociaux,,,,,,4337000.0,,77000000.0,,202000000.0,,,,3,Eqdom,1.0,nom normalisé,83847000.0,vérifié_par_impôt_du_pdf,,,V26,societes de financement,False,haute,,,,,,,1.0889220779220778,,,,,,,,,,,,1,1,1,0,0,1,1,1,1,1,1,0,1,test_final,55641000.0,provisoire,2025,test_final,True
Fenie Brossette,Distributeurs,2010,sociaux,,,,,,1080490260.0,,,,,,,,1,FENIE BROSETTE,0.9655172413793104,rapprochement approché,16670144.0,provisoire_un_seul_type_disponible,,,V26,distributeurs,False,provisoire,,,,,,,,,,,,,,,,,,,1,1,1,1,1,1,1,1,1,1,1,0,1,apprentissage,5423094.0,provisoire,2011,apprentissage,True
Fenie Brossette,Distributeurs,2022,sociaux,,569081279.98,,16207441.74,,,,26805100.48,-5834297.38,24524044.48,,,,5,Fenie Brossette,1.0,comparatif officiel RFA 2023,2281056.0,vérifié_par_impôt_du_pdf,0.0,2281056.0,V26,distributeurs,False,haute,,,,,0.02848001210050276,0.043094098053729483,0.08509783433574356,,,,,,,,,,,,0,0,0,0,0,1,1,1,1,1,1,1,1,validation,1772755.0,haute,2023,test_final,True
Fenie Brossette,Distributeurs,2023,sociaux,,602966700.73,,17475432.15,,,,13512106.71,-3930299.83,11739351.71,,,,5,Fenie Brossette,1.0,comparatif officiel RFA 2023,1772755.0,vérifié_par_impôt_du_pdf,0.0,1772755.0,V26,distributeurs,False,haute,,,,,0.028982416655584518,0.019469320106379667,0.1311975281166204,2281056.0,569081279.98,26805100.48,24524044.48,,,0.05954407910095177,-0.4959128498666982,-0.5213125747030124,,,0,0,0,0,0,1,1,1,1,1,1,1,1,test_final,5397221.0,haute,2024,test_final,True
Fenie Brossette,Distributeurs,2024,sociaux,,698037146.33,,24611298.36,,,,19804698.61,-4719131.59,14407477.61,,,,5,Fenie Brossette,1.0,comparatif officiel RFA 2025,5397221.0,vérifié_par_impôt_du_pdf,0.0,5397221.0,V26,distributeurs,False,haute,,,,,0.03525786340941361,0.020639986977410516,0.27252224869884045,1772755.0,602966700.73,13512106.71,11739351.71,,,0.15767113753529025,0.4657002816106385,0.22728051479428743,,,0,0,0,0,0,1,1,1,1,1,1,1,1,test_final,6155337.0,haute,2025,test_final,True
HPS,"Matériels, logiciels et services informatiques",2023,consolides,,5345000.0,26574000.0,,246.6,125852000.0,2051656000.0,-4000000.0,,,920000000.0,,,7,HPS,1.0,nom normalisé,61052087.0,vérifié_par_impôt_du_pdf,,,V26,materiels logiciels et services informatiques,False,haute,20.639884229094317,,,0.02888478260869565,,,-15.26302175,,,,,,,,,,,,0,1,1,0,1,0,1,1,0,1,0,0,0,test_final,44329913.0,haute,2024,test_final,True
HPS,"Matériels, logiciels et services informatiques",2024,consolides,,5501000.0,62143000.0,,,12485000.0,-1109000000.0,-3000000.0,,,,,,5,HPS,1.0,nom normalisé,44329913.0,vérifié_par_impôt_du_pdf,,,V26,materiels logiciels et services informatiques,False,haute,,,,,,,-14.776637666666666,61052087.0,5345000.0,-4000000.0,,920000000.0,,0.029186155285313375,0.25,,,,0,1,1,0,1,1,1,1,0,1,1,0,0,test_final,24802036.0,haute,2025,test_final,True
HPS,"Matériels, logiciels et services informatiques",2013,sociaux,162403478.9,,,,,,,22494941.29,,21599206.29,,,,3,HPS,1.0,nom normalisé,895735.0,provisoire_un_seul_type_disponible,,,V26,materiels logiciels et services informatiques,False,provisoire,,,,,,,0.039819397101436046,,,,,,,,,,,,1,1,1,0,0,1,0,1,1,1,1,1,1,apprentissage,3912670.0,provisoire,2014,apprentissage,True
HPS,"Matériels, logiciels et services informatiques",2014,sociaux,,,,,,,,,,23491619.0,,,,1,HPS,1.0,nom normalisé,3912670.0,provisoire_un_seul_type_disponible,,,V26,materiels logiciels et services informatiques,False,provisoire,,,,,,,,895735.0,,22494941.29,21599206.29,,162403478.9,,,0.08761491902024891,,,1,1,1,1,0,1,1,1,1,1,1,1,1,apprentissage,8103419.0,provisoire,2015,apprentissage,True
HPS,"Matériels, logiciels et services informatiques",2019,sociaux,,,,,,,,,,,,,85467000.0,1,HPS,1.0,nom normalisé,22129173.0,vérifié_par_impôt_du_pdf,,,V26,materiels logiciels et services informatiques,False,haute,,,,,,,,,,,,,,,,,,,1,1,1,1,1,1,1,1,1,0,1,1,1,apprentissage,15861616.0,haute,2020,validation,True
Holcim,Bâtiment et matériaux de construction,2007,consolides,,,2933449.0,,,,,,,-247886000.0,,,,2,Holcim,1.0,nom normalisé,178185234.48,provisoire_un_seul_type_disponible,,,V26,batiment et materiaux de construction,False,provisoire,,,,,,,,,,,,,,,,,,,1,1,1,1,0,1,1,1,0,1,1,1,1,apprentissage,163119884.03,provisoire,2008,apprentissage,True
Holcim,Bâtiment et matériaux de construction,2010,consolides,6216238000.0,5353697000.0,63163000.0,2405654000.0,,6811292000.0,3533690000.0,2363316000.0,-10767000.0,,8631658000.0,,569939000.0,10,Holcim,1.0,nom normalisé,265399322.89,provisoire_un_seul_type_disponible,,,V26,batiment et materiaux de construction,False,provisoire,22.878702444214667,,0.7201673189554081,0.007317597615660861,0.44934444366201526,,0.1122995498232145,,,,,,,,,,,,0,0,0,0,1,0,0,1,0,0,1,0,0,apprentissage,265500646.51,provisoire,2011,apprentissage,True
Holcim,Bâtiment et matériaux de construction,2011,consolides,5094585000.0,5567171000.0,207198000.0,2375162000.0,,6570618000.0,,2359115000.0,10326000.0,1664205000.0,9361348000.0,,125634000.0,10,Holcim,1.0,nom normalisé,265500646.51,provisoire_un_seul_type_disponible,,,V26,batiment et materiaux de construction,False,provisoire,22.959855134267286,0.17777407698122108,0.5442148929833609,0.022133350880663767,0.4266371555678818,0.2989318991638662,0.11254247737393047,265399322.89,5353697000.0,2363316000.0,,8631658000.0,6216238000.0,0.03987412810250562,-0.0017775870852649413,,0.084536481867099,-0.18043919811307096,0,0,0,0,0,0,0,1,0,0,1,0,1,apprentissage,189069587.08,provisoire,2012,apprentissage,True
Holcim,Bâtiment et matériaux de construction,2012,consolides,4855947000.0,5043275000.0,,1951271000.0,,6344585000.0,,1828673000.0,-38349000.0,1265763000.0,8562115000.0,,695573000.0,9,Holcim,1.0,nom normalisé,189069587.08,provisoire_un_seul_type_disponible,,,V26,batiment et materiaux de construction,False,provisoire,22.870613076137012,0.1478329828552875,0.5671433985644903,,0.3869055326152153,0.2509803649414319,0.10339168734924178,265500646.51,5567171000.0,2359115000.0,1664205000.0,9361348000.0,5094585000.0,-0.0941045281346666,-0.2248478772760124,-0.23941882159950245,-0.08537584544448086,-0.046841499356669876,0,0,0,0,0,0,0,1,1,0,1,0,1,apprentissage,215326295.61,provisoire,2013,apprentissage,True
Holcim,Bâtiment et matériaux de construction,2013,consolides,5100267000.0,5049806000.0,612000.0,2137401000.0,,6125432000.0,10582000.0,2016269000.0,-65320000.0,1399941000.0,8539906000.0,,1642892000.0,11,Holcim,1.0,nom normalisé,215326295.61,provisoire_un_seul_type_disponible,,,V26,batiment et materiaux de construction,False,provisoire,22.868015837777648,0.1639293219386724,0.5972275338862044,7.16635522686081e-05,0.4232639828143893,0.27722668950054713,0.106794428526154,189069587.08,5043275000.0,1828673000.0,1265763000.0,8562115000.0,4855947000.0,0.0012949918455765351,0.10258586417582585,0.10600562664574648,-0.002593868454231227,0.05031356396599881,0,0,0,0,0,0,0,1,0,0,1,0,0,apprentissage,269645116.0,provisoire,2014,apprentissage,True
Holcim,Bâtiment et matériaux de construction,2014,consolides,4917744000.0,4934951000.0,,2046032000.0,,5919967000.0,14332000.0,1925871000.0,-46499000.0,1315614000.0,7906307000.0,,1911269000.0,10,Holcim,1.0,nom normalisé,269645116.0,provisoire_un_seul_type_disponible,,,V26,batiment et materiaux de construction,False,provisoire,22.790926632460863,0.16640057108837286,0.6220026619254729,,0.4146002665477327,0.26659109685182286,0.14001203403550913,215326295.61,5049806000.0,2016269000.0,1399941000.0,8539906000.0,5100267000.0,-0.022744438103166734,-0.044834295423874494,-0.06023610995034791,-0.07419273701607489,-0.03578694997732472,0,0,0,0,0,0,0,1,1,0,1,0,0,apprentissage,230965991.96,provisoire,2015,apprentissage,True
IB Maroc.com,"Matériels, logiciels et services informatiques",2008,sociaux,41748600.0,,11300761.7,24351016.29,27991804.07,7572002.57,,20966014.26,,14416080.26,,,24185688.64,8,IB Maroc.com,1.0,nom normalisé,9790600.0,provisoire_un_seul_type_disponible,,,V26,materiels logiciels et services informatiques,False,provisoire,,,,,,,0.4669747849346354,,,,,,,,,,,,1,0,1,0,0,1,0,1,0,0,0,0,1,apprentissage,8698672.0,provisoire,2009,apprentissage,True
IB Maroc.com,"Matériels, logiciels et services informatiques",2009,sociaux,41748600.0,,7982903.47,31428335.41,35005157.81,24690544.16,,26597435.21,,18000863.21,,,24185688.64,8,IB Maroc.com,1.0,nom normalisé,8698672.0,provisoire_un_seul_type_disponible,,,V26,materiels logiciels et services informatiques,False,provisoire,,,,,,,0.3270492786736635,9790600.0,,20966014.26,14416080.26,,41748600.0,,0.268597592282664,0.24866557936324926,,0.0,1,0,1,0,0,1,0,1,0,0,0,0,1,apprentissage,3342386.0,provisoire,2010,apprentissage,True
IB Maroc.com,"Matériels, logiciels et services informatiques",2010,sociaux,41748600.0,,8402680.39,21636866.49,-19304039.81,8381560.53,,11898029.65,,8555643.65,,,,7,IB Maroc.com,1.0,nom normalisé,3342386.0,provisoire_un_seul_type_disponible,,,V26,materiels logiciels et services informatiques,False,provisoire,,,,,,,0.2809192864971554,8698672.0,,26597435.21,18000863.21,,41748600.0,,-0.5526625196730764,-0.524709256984571,,0.0,1,0,1,0,0,1,0,1,0,1,0,0,1,apprentissage,1192351.0,provisoire,2011,apprentissage,True
IMMORENTE INVEST,Sociétés de placement immobilier,2020,sociaux,815824133.76,,4354051.39,-1067040.65,1620660.82,28840575.05,,,20680605.91,16605452.59,,,,7,IMMORENTE INVEST,1.0,nom normalisé,3190725.0,vérifié_par_impôt_du_pdf,,,V26,societes de placement immobilier,False,haute,,,,,,,,,,,,,,,,,,,1,0,0,1,0,1,0,1,0,1,0,0,1,validation,1825187.0,haute,2021,validation,True
IMMORENTE INVEST,Sociétés de placement immobilier,2021,sociaux,811269150.75,,4552951.39,605359.06,8638930.35,,,,10752588.41,8955516.99,,,,6,IMMORENTE INVEST,1.0,nom normalisé,1825187.0,vérifié_par_impôt_du_pdf,,,V26,societes de placement immobilier,False,haute,,,,,,,,3190725.0,,,16605452.59,,815824133.76,,,-0.46068817206505297,,-0.00558329034593132,1,0,0,1,0,1,0,1,0,1,0,1,1,validation,1201164.0,haute,2022,validation,True
Involys,"Matériels, logiciels et services informatiques",2024,sociaux,90252994.6,37516821.87,8672951.73,1664692.5,,661793.6,,-23486.36,-2429914.31,-123469.25,124924150.46,34671155.86,254940.4,11,Involys,1.0,comparatif officiel du RFA 2025,99982.89,vérifié_par_impôt_du_pdf,0.0,99982.89,V26,materiels logiciels et services informatiques,False,haute,18.64321732277604,-0.0009883537294058619,0.7224623442918549,0.06942574112422746,0.04437189551312066,-0.003291037029411362,-4.257061971288867,,,,,,,,,,,,0,0,0,0,0,0,0,0,0,0,1,0,1,test_final,157108.0,haute,2025,test_final,True
JALU (JET CONTRACTORS),Bâtiment,2024,sociaux,,2695481931.37,,200030084.57,,,,141189074.6,-60195239.23,76817079.29,,,,5,JALU (JET CONTRACTORS),1.0,comparatif officiel du RFA 2025,64371995.31,vérifié_par_impôt_du_pdf,1.490116119384766e-08,64371995.30999999,V26,batiment,False,haute,,,,,0.07420939544875121,0.028498458251937576,0.45592759561864854,,,,,,,,,,,,0,0,0,0,0,1,1,1,1,1,1,1,1,test_final,98994137.95,haute,2025,test_final,True
LABEL VIE,Distributeurs,2014,consolides,,,,,,,,,,70969520.42,,,,1,LABEL VIE,1.0,nom normalisé,20285448.0,provisoire_un_seul_type_disponible,,,V26,distributeurs,False,provisoire,,,,,,,,,,,,,,,,,,,1,1,1,1,0,1,1,1,1,1,1,1,1,apprentissage,25345920.0,provisoire,2015,apprentissage,True
LABEL VIE,Distributeurs,2024,consolides,3409746949.01,16417976508.23,5723611615.42,803599896.06,,,,819130374.34,43902736.25,559113645.16,15458511089.42,12048764140.41,,9,LABEL VIE,1.0,comparatif officiel RFA 2025,260016729.18,vérifié_par_impôt_du_pdf,-5.960464477539062e-08,260016729.1800001,V26,distributeurs,False,haute,23.461425568250515,0.03616866087075258,0.2205740856468172,0.37025633208215714,0.04894634217908471,0.03405496681516919,0.3174302129737332,,,,,,,,,,,,0,0,0,0,0,0,0,0,0,1,1,1,1,test_final,237829644.28,haute,2025,test_final,True
Les grandes marques et conserveries chérifiennes,Agroalimentaire,2006,sociaux,178044340.4,12068664.8,,-52441.92,22155132.12,90956302.34,,,64372.86,,,,,6,Les grandes marques et conserveries chérifiennes,1.0,nom normalisé,3813752.0,provisoire_un_seul_type_disponible,,,V26,agroalimentaire,False,provisoire,,,,,-0.004345295927019201,,,,,,,,,,,,,,0,0,0,1,1,1,0,1,1,1,0,0,1,apprentissage,6980213.0,provisoire,2007,apprentissage,True
Les grandes marques et conserveries chérifiennes,Agroalimentaire,2007,sociaux,201826412.37,12068664.8,,,,139374792.85,,,,,,,,3,Les grandes marques et conserveries chérifiennes,1.0,nom normalisé,6980213.0,provisoire_un_seul_type_disponible,,,V26,agroalimentaire,False,provisoire,,,,,,,,3813752.0,12068664.8,,,,178044340.4,0.0,,,,0.1335738721970631,0,1,1,1,1,1,0,1,1,1,1,0,1,apprentissage,6980213.0,provisoire,2008,apprentissage,True
Lesieur cristal,Agroalimentaire,2007,consolides,276300000.0,3858400000.0,2100000.0,190500000.0,,677200000.0,300000.0,178500000.0,-2600000.0,124400000.0,2949800000.0,,,10,Lesieur,1.0,alias vérifié,51637542.0,provisoire_un_seul_type_disponible,,,V26,agroalimentaire,False,provisoire,21.80500320872868,0.04217235066784189,0.09366736727913758,0.0007119126720455624,0.04937279701430645,0.032241343562098276,0.28928594957983195,,,,,,,,,,,,0,0,0,0,0,0,0,1,0,1,1,0,0,apprentissage,61416511.0,provisoire,2008,apprentissage,True
Lesieur cristal,Agroalimentaire,2012,consolides,-13000000.0,,,,,,,,-33000000.0,,3139000000.0,,,3,Lesieur,1.0,alias vérifié,52578099.0,provisoire_un_seul_type_disponible,,,V26,agroalimentaire,False,provisoire,21.8671701151248,,-0.00414144632048423,,,,,,,,,,,,,,,,1,1,0,1,1,0,0,1,1,1,1,1,1,apprentissage,76521436.0,provisoire,2013,apprentissage,True
Lesieur cristal,Agroalimentaire,2013,consolides,,4117000000.0,,,,77000000.0,64000000.0,,-23000000.0,,3151000000.0,,255000000.0,6,Lesieur,1.0,alias vérifié,76521436.0,provisoire_un_seul_type_disponible,,,V26,agroalimentaire,False,provisoire,21.870985700038908,,,,,,,52578099.0,,,,3139000000.0,-13000000.0,,,,0.003822873526600828,,0,1,0,1,1,0,1,1,1,0,1,0,0,apprentissage,83516721.0,provisoire,2014,apprentissage,True
Lesieur cristal,Agroalimentaire,2014,consolides,1522000000.0,3819000000.0,,,,,-12000000.0,,,,3291000000.0,,,4,Lesieur,1.0,alias vérifié,83516721.0,provisoire_un_seul_type_disponible,,,V26,agroalimentaire,False,provisoire,21.914457307211475,,0.46247341233667577,,,,,76521436.0,4117000000.0,,,3151000000.0,,-0.07238280301190186,,,0.04443033957473818,,0,1,1,1,1,0,0,1,1,1,1,1,0,apprentissage,88671740.63,provisoire,2015,apprentissage,True
Lesieur cristal,Agroalimentaire,2015,consolides,1574000000.0,3985000000.0,37000000.0,,,,-18000000.0,,48000000.0,,3289000000.0,,,6,Lesieur,1.0,alias vérifié,88671740.63,provisoire_un_seul_type_disponible,,,V26,agroalimentaire,False,provisoire,21.913849404457373,,0.47856491334752205,0.01124961994527212,,,,83516721.0,3819000000.0,,,3291000000.0,1522000000.0,0.04346687614558785,,,-0.0006077180188392585,0.03416557161629435,0,1,0,1,1,0,0,1,0,1,1,1,0,apprentissage,86826620.0,provisoire,2016,apprentissage,True
Lesieur cristal,Agroalimentaire,2016,consolides,1622000000.0,4033000000.0,42000000.0,,,,-3000000.0,,,,3491000000.0,,,5,Lesieur,1.0,alias vérifié,86826620.0,provisoire_un_seul_type_disponible,,,V26,agroalimentaire,False,provisoire,21.97345406535576,,0.46462331710111715,0.012030936694356918,,,,88671740.63,3985000000.0,,,3289000000.0,1574000000.0,0.01204516938519448,,,0.06141684402553968,0.030495552731893267,0,1,1,1,1,0,0,1,0,1,1,1,0,apprentissage,88400586.0,provisoire,2017,apprentissage,True
Lesieur cristal,Agroalimentaire,2017,consolides,1675000000.0,4583000000.0,,,,,-1000000.0,,,,3409000000.0,,,4,Lesieur,1.0,alias vérifié,88400586.0,provisoire_un_seul_type_disponible,,,V26,agroalimentaire,False,provisoire,21.94968483039552,,0.49134643590495747,,,,,86826620.0,4033000000.0,,,3491000000.0,1622000000.0,0.13637490701710886,,,-0.023488971641363505,0.032675709001233046,0,1,1,1,1,0,0,1,1,1,1,1,0,apprentissage,80163084.0,provisoire,2018,apprentissage,True
Lesieur cristal,Agroalimentaire,2018,consolides,1616000000.0,4298000000.0,169000000.0,,,,-1000000.0,,-18000000.0,,3698000000.0,,,6,Lesieur,1.0,alias vérifié,80163084.0,provisoire_un_seul_type_disponible,,,V26,agroalimentaire,False,provisoire,22.03105797018176,,0.43699296917252567,0.04570037858301785,,,,88400586.0,4583000000.0,,,3409000000.0,1675000000.0,-0.06218634082478726,,,0.08477559401584042,-0.03522388059701492,0,1,0,1,1,0,0,1,0,1,1,1,0,apprentissage,80391130.0,provisoire,2019,apprentissage,True
Lesieur cristal,Agroalimentaire,2024,consolides,6897000000.0,4778000000.0,,256000000.0,,1132000000.0,56000000.0,127000000.0,-49000000.0,37000000.0,5314000000.0,,,9,Lesieur,1.0,alias vérifié,89320470.0,vérifié_par_rcai_moins_resultat_net,0.007607774567240858,90000000.0,V26,agroalimentaire,False,haute,22.393610684472215,0.006962739932254422,1.2978923598042906,,0.05357890330682294,0.007743825868564253,0.7033107874015748,,,,,,,,,,,,0,0,0,0,0,0,0,1,1,1,1,0,0,test_final,74601350.0,provisoire,2025,test_final,True
Lesieur cristal,Agroalimentaire,2020,sociaux,1602473739.38,,,,,1742917131.95,,,,,,,,2,Lesieur,1.0,alias vérifié,80653357.0,vérifié_par_impôt_du_pdf,,,V26,agroalimentaire,False,haute,,,,,,,,,,,,,,,,,,,1,1,1,1,1,1,0,1,1,1,1,0,1,validation,95008590.0,haute,2021,validation,True
Lesieur cristal,Agroalimentaire,2021,sociaux,1651187951.34,,,,,2093199921.24,,,,,,,,2,Lesieur,1.0,alias vérifié,95008590.0,vérifié_par_impôt_du_pdf,,,V26,agroalimentaire,False,haute,,,,,,,,80653357.0,,,,,1602473739.38,,,,,0.03039938238167161,1,1,1,1,1,1,0,1,1,1,1,0,1,validation,185046160.0,haute,2022,validation,True
Lesieur cristal,Agroalimentaire,2022,sociaux,1771593689.18,,,,,2151795755.55,,,,-2.0,,,,3,Lesieur,1.0,alias vérifié,185046160.0,vérifié_par_impôt_du_pdf,,,V26,agroalimentaire,False,haute,,,,,,,,95008590.0,,,,,1651187951.34,,,,,0.0729206737139079,1,1,1,1,0,1,0,1,1,1,1,0,1,validation,19034615.0,haute,2023,test_final,True
Lydec,Divers,2011,sociaux,1469345581.66,,1446344374.71,470139389.5,,405842486.63,,,-34717596.0,231392777.36,,,,6,Lydec,1.0,nom normalisé,144595917.76,provisoire_un_seul_type_disponible,,,V26,divers,False,provisoire,,,,,,,,,,,,,,,,,,,1,0,0,1,0,1,0,1,0,1,1,0,1,apprentissage,150175091.98,provisoire,2012,apprentissage,True
Lydec,Divers,2021,sociaux,,6334000000.0,,-63000000.0,1007000.0,,,,-42000000.0,67000000000.0,34000000.0,,,6,Lydec,1.0,nom normalisé,104115405.3,provisoire_un_seul_type_disponible,,,V26,divers,False,provisoire,17.341871111992198,1970.5882352941176,,,-0.009946321439848436,10.577833912219766,,,,,,,,,,,,,0,0,0,1,0,0,1,1,1,1,0,1,1,validation,80334203.0,provisoire,2022,validation,True
Lydec,Divers,2022,sociaux,,7279000.0,,,-202000000.0,,,,,,,,,2,Lydec,1.0,nom normalisé,80334203.0,provisoire_un_seul_type_disponible,,,V26,divers,False,provisoire,,,,,,,,104115405.3,6334000000.0,,67000000000.0,34000000.0,,-0.9988508051784023,,,,,0,1,1,1,1,1,1,1,1,1,0,1,1,validation,127308324.82,provisoire,2023,test_final,True
Lydec,Divers,2023,sociaux,,7381000.0,,,,,,,,,4104000.0,,,2,Lydec,1.0,nom normalisé,127308324.82,provisoire_un_seul_type_disponible,,,V26,divers,False,provisoire,15.22747290949743,,,,,,,80334203.0,7279000.0,,,,,0.014012913861794202,,,,,0,1,1,1,1,0,1,1,1,1,1,1,1,test_final,121000000.0,provisoire,2024,test_final,True
M2M,"Matériels, logiciels et services informatiques",2007,consolides,109543892.2,,3339408.74,,,5437760.17,,,,,,,3651140.44,4,M2M Group,1.0,alias vérifié,13242971.93,provisoire_un_seul_type_disponible,,,V26,materiels logiciels et services informatiques,False,provisoire,,,,,,,,,,,,,,,,,,,1,1,1,1,1,1,0,1,0,0,1,0,1,apprentissage,10830299.04,provisoire,2008,apprentissage,True
M2M,"Matériels, logiciels et services informatiques",2017,consolides,,,,-1.0,,,,,,,,,,1,M2M Group,1.0,alias vérifié,6673196.0,provisoire_un_seul_type_disponible,,,V26,materiels logiciels et services informatiques,False,provisoire,,,,,,,,,,,,,,,,,,,1,0,1,1,1,1,1,1,1,1,1,1,1,apprentissage,6600631.0,provisoire,2018,apprentissage,True
M2M,"Matériels, logiciels et services informatiques",2018,consolides,,,,,,,,,,135.5,,,,1,M2M Group,1.0,alias vérifié,6600631.0,provisoire_un_seul_type_disponible,,,V26,materiels logiciels et services informatiques,False,provisoire,,,,,,,,6673196.0,,,,,,,,,,,1,1,1,1,0,1,1,1,1,1,1,1,1,apprentissage,6562211.0,provisoire,2019,apprentissage,True
M2M,"Matériels, logiciels et services informatiques",2019,consolides,,,,,,,,,,15.7,,,,1,M2M Group,1.0,alias vérifié,6562211.0,provisoire_un_seul_type_disponible,,,V26,materiels logiciels et services informatiques,False,provisoire,,,,,,,,6600631.0,,,135.5,,,,,-0.8841328413284133,,,1,1,1,1,0,1,1,1,1,1,1,1,1,apprentissage,2432891.0,provisoire,2020,validation,True
M2M,"Matériels, logiciels et services informatiques",2020,consolides,,64053821.0,,,,,,,,,,,,1,M2M Group,1.0,alias vérifié,2432891.0,provisoire_un_seul_type_disponible,,,V26,materiels logiciels et services informatiques,False,provisoire,,,,,,,,6562211.0,,,15.7,,,,,,,,0,1,1,1,1,1,1,1,1,1,1,1,1,validation,238790.0,provisoire,2021,validation,True
M2M,"Matériels, logiciels et services informatiques",2021,consolides,44996000.0,42401072.0,,,,,,,,,,,,2,M2M Group,1.0,alias vérifié,238790.0,provisoire_un_seul_type_disponible,,,V26,materiels logiciels et services informatiques,False,provisoire,,,,,,,,2432891.0,64053821.0,,,,,-0.3380399273916852,,,,,0,1,1,1,1,1,0,1,1,1,1,1,1,validation,215923.0,provisoire,2022,validation,True
M2M,"Matériels, logiciels et services informatiques",2022,consolides,171983000.0,40045260.0,,,,5085894.0,,,,-44995968.07,,,38624076.0,5,M2M Group,1.0,alias vérifié,215923.0,provisoire_un_seul_type_disponible,,,V26,materiels logiciels et services informatiques,False,provisoire,,,,,,-1.1236278168752056,,238790.0,42401072.0,,,,44996000.0,-0.05556019904402417,,,,2.822184194150591,0,1,1,1,0,1,0,1,1,0,1,0,1,validation,1832000.0,provisoire,2023,test_final,True
M2M,"Matériels, logiciels et services informatiques",2023,consolides,54091258.0,49002809.0,,,,4265952.0,,,,-21602353.0,,,25026920.0,5,M2M Group,1.0,alias vérifié,1832000.0,provisoire_un_seul_type_disponible,,,V26,materiels logiciels et services informatiques,False,provisoire,,,,,,-0.44083907516403803,,215923.0,40045260.0,,-44995968.07,,171983000.0,0.22368562471563427,,0.5199046953186266,,-0.6854848560613549,0,1,1,1,0,1,0,1,1,0,1,0,1,test_final,1388172.0,provisoire,2024,test_final,True
M2M,"Matériels, logiciels et services informatiques",2024,consolides,,55935251.0,,,,,,,,20329809.7,,,,2,M2M Group,1.0,alias vérifié,1388172.0,provisoire_un_seul_type_disponible,,,V26,materiels logiciels et services informatiques,False,provisoire,,,,,,0.363452551593985,,1832000.0,49002809.0,,-21602353.0,,54091258.0,0.141470298161887,,1.941092375446323,,,0,1,1,1,0,1,1,1,1,1,1,1,1,test_final,2407214.0,provisoire,2025,test_final,True
MINIERE TOUISSIT,Mines,2008,sociaux,,,,,,,,,,93460015.35,,,,1,MINIERE TOUISSIT,1.0,nom normalisé,20438244.0,provisoire_un_seul_type_disponible,,,V26,mines,False,provisoire,,,,,,,,,,,,,,,,,,,1,1,1,1,0,1,1,1,1,1,1,1,1,apprentissage,48772187.0,provisoire,2009,apprentissage,True
MINIERE TOUISSIT,Mines,2009,sociaux,,,,,,,,,,206834270.31,,,,1,MINIERE TOUISSIT,1.0,nom normalisé,48772187.0,provisoire_un_seul_type_disponible,,,V26,mines,False,provisoire,,,,,,,,20438244.0,,,93460015.35,,,,,1.2130776411219584,,,1,1,1,1,0,1,1,1,1,1,1,1,1,apprentissage,62798856.0,haute,2010,apprentissage,True
MINIERE TOUISSIT,Mines,2010,sociaux,514595441.23,,,,,247522962.15,,,,264992236.07,,,,3,MINIERE TOUISSIT,1.0,nom normalisé,62798856.0,vérifié_par_impôt_du_pdf,,,V26,mines,False,haute,,,,,,,,48772187.0,,,206834270.31,,,,,0.28118147767695234,,,1,1,1,1,0,1,0,1,1,1,1,0,1,apprentissage,85821130.0,haute,2011,apprentissage,True
MINIERE TOUISSIT,Mines,2018,sociaux,606794593.2,,,,,,,247328975.76,,109.47,,,,3,MINIERE TOUISSIT,1.0,nom normalisé,43041223.0,provisoire_un_seul_type_disponible,,,V26,mines,False,provisoire,,,,,,,0.17402418324719787,,,,,,,,,,,,1,1,1,0,0,1,0,1,1,1,1,1,1,apprentissage,44549305.0,provisoire,2019,apprentissage,True
MINIERE TOUISSIT,Mines,2021,sociaux,590154001.57,,383666256.65,,,589100997.9,,,,,,,,3,MINIERE TOUISSIT,1.0,nom normalisé,42869893.0,vérifié_par_impôt_du_pdf,,,V26,mines,False,haute,,,,,,,,,,,,,,,,,,,1,1,1,1,1,1,0,1,0,1,1,0,1,validation,59944735.0,haute,2022,validation,True
MINIERE TOUISSIT,Mines,2022,sociaux,647278459.2,,286223697.29,,,982854606.74,,,,,,,,3,MINIERE TOUISSIT,1.0,nom normalisé,59944735.0,vérifié_par_impôt_du_pdf,,,V26,mines,False,haute,,,,,,,,42869893.0,,,,,590154001.57,,,,,0.09679584901234341,1,1,1,1,1,1,0,1,0,1,1,0,1,validation,67029525.0,haute,2023,test_final,True
MINIERE TOUISSIT,Mines,2023,sociaux,709066144.89,,204958076.75,,,1060337479.29,,235895966.05,,-2.0,,,,5,MINIERE TOUISSIT,1.0,nom normalisé,67029525.0,vérifié_par_impôt_du_pdf,,,V26,mines,False,haute,,,,,,,0.2841486699513656,59944735.0,,,,,647278459.2,,,,,0.09545765784692736,1,1,1,0,0,1,0,1,0,1,1,0,1,test_final,79798251.0,haute,2024,test_final,True
MINIERE TOUISSIT,Mines,2024,sociaux,695005807.17,,197823657.59,,,1141896047.03,,61791009.83,,-2.0,,,,5,MINIERE TOUISSIT,1.0,nom normalisé,79798251.0,vérifié_par_impôt_du_pdf,,,V26,mines,False,haute,,,,,,,1.291421700657453,67029525.0,,235895966.05,-2.0,,709066144.89,,-0.7380582175071917,0.0,,-0.019829373918537965,1,1,1,0,0,1,0,1,0,1,1,0,1,test_final,121638308.0,haute,2025,test_final,True
MUTANDIS SCA,Agroalimentaire,2017,consolides,783668000.0,1268986000.0,,17874636.67,14301414.22,,,73916.0,1400512.04,18759315.76,1801338.0,,35149.0,8,MUTANDIS SCA,1.0,nom normalisé,430665.0,provisoire_un_seul_type_disponible,,,V26,agroalimentaire,False,provisoire,14.40404083520708,10.4141009405231,435.0477256350557,,0.0140857634914806,0.014782917825728575,5.8264110612046105,,,,,,,,,,,,0,0,0,0,0,0,0,1,1,0,0,1,1,apprentissage,599552.0,haute,2018,apprentissage,True
MUTANDIS SCA,Agroalimentaire,2024,consolides,1403402000.0,,,,,123430000.0,,89652000.0,,,3429150000.0,,40618000.0,5,MUTANDIS SCA,1.0,nom normalisé,53821000.0,vérifié_par_impôt_du_pdf,,,V26,agroalimentaire,False,haute,21.955578254293982,,0.4092565212953647,,,,0.6003323963771026,,,,,,,,,,,,1,1,1,0,1,0,0,1,1,0,1,0,1,test_final,53249000.0,haute,2025,test_final,True
MUTANDIS SCA,Agroalimentaire,2020,sociaux,1016000000.0,,370000000.0,64000000.0,,3179404.23,,,-12000000.0,46817361.0,,,,6,MUTANDIS SCA,1.0,nom normalisé,2900554.0,vérifié_par_impôt_du_pdf,,,V26,agroalimentaire,False,haute,,,,,,,,,,,,,,,,,,,1,0,0,1,0,1,0,1,0,1,1,0,1,validation,903995.0,haute,2021,validation,True
MUTANDIS SCA,Agroalimentaire,2021,sociaux,1038000000.0,,370000000.0,86000000.0,,5441206.46,,,,,,,,4,MUTANDIS SCA,1.0,nom normalisé,903995.0,vérifié_par_impôt_du_pdf,,,V26,agroalimentaire,False,haute,,,,,,,,2900554.0,,,46817361.0,,1016000000.0,,,,,0.021653543307086614,1,0,1,1,1,1,0,1,0,1,1,0,1,validation,1914080.0,haute,2022,validation,True
Maghreb Oxygène,Chimie,2008,sociaux,,,,,,,,,,10869551.79,,,,1,Maghreb Oxygène,1.0,nom normalisé,4715927.0,vérifié_par_impôt_du_pdf,,,V26,chimie,False,haute,,,,,,,,,,,,,,,,,,,1,1,1,1,0,1,1,1,1,1,1,1,1,apprentissage,7913388.0,haute,2009,apprentissage,True
Maghreb Oxygène,Chimie,2009,sociaux,,,,,,,,,,17361141.09,,,,1,Maghreb Oxygène,1.0,nom normalisé,7913388.0,vérifié_par_impôt_du_pdf,,,V26,chimie,False,haute,,,,,,,,4715927.0,,,10869551.79,,,,,0.5972269533664002,,,1,1,1,1,0,1,1,1,1,1,1,1,1,apprentissage,8253634.0,haute,2010,apprentissage,True
Maghreb Oxygène,Chimie,2010,sociaux,,,,,,,,26298355.37,,18044721.37,,,,2,Maghreb Oxygène,1.0,nom normalisé,8253634.0,vérifié_par_rcai_moins_resultat_net,0.0,8253634.0,V26,chimie,False,haute,,,,,,,0.313846013709868,7913388.0,,,17361141.09,,,,,0.03937415613733724,,,1,1,1,0,0,1,1,1,1,1,1,1,1,apprentissage,4747239.0,haute,2011,apprentissage,True
Maghreb Oxygène,Chimie,2011,sociaux,,,,,,,,13864832.39,,9117593.39,,,,2,Maghreb Oxygène,1.0,nom normalisé,4747239.0,vérifié_par_rcai_moins_resultat_net,0.0,4747239.0,V26,chimie,False,haute,,,,,,,0.3423942581104653,8253634.0,,26298355.37,18044721.37,,,,-0.47278709276944414,-0.4947224064563098,,,1,1,1,0,0,1,1,1,1,1,1,1,1,apprentissage,4113453.0,haute,2012,apprentissage,True
Maghreb Oxygène,Chimie,2012,sociaux,,,,,,,,12436061.29,,8322608.29,,,,2,Maghreb Oxygène,1.0,nom normalisé,4113453.0,vérifié_par_rcai_moins_resultat_net,2.264089500027054e-16,4113452.999999999,V26,chimie,False,haute,,,,,,,0.3307681511112913,4747239.0,,13864832.39,9117593.39,,,,-0.10305000881442328,-0.08719242743067757,,,1,1,1,0,0,1,1,1,1,1,1,1,1,apprentissage,4151520.0,haute,2013,apprentissage,True
Maghreb Oxygène,Chimie,2013,sociaux,,,,,,,,12949115.48,,8797595.48,,,,2,Maghreb Oxygène,1.0,nom normalisé,4151520.0,vérifié_par_rcai_moins_resultat_net,0.0,4151520.0,V26,chimie,False,haute,,,,,,,0.32060259300429067,4113453.0,,12436061.29,8322608.29,,,,0.041255360361769446,0.05707191465092975,,,1,1,1,0,0,1,1,1,1,1,1,1,1,apprentissage,3873447.0,haute,2014,apprentissage,True
Maghreb Oxygène,Chimie,2016,sociaux,,,,,,,,14751250.09,,9349819.09,,,,2,Maghreb Oxygène,1.0,nom normalisé,5401431.0,vérifié_par_rcai_moins_resultat_net,0.0,5401431.0,V26,chimie,False,haute,,,,,,,0.36616767847097087,,,,,,,,,,,,1,1,1,0,0,1,1,1,1,1,1,1,1,apprentissage,6064855.0,haute,2017,apprentissage,True
Maghreb Oxygène,Chimie,2017,sociaux,,,,,,,,18705271.93,,12610416.93,,,,2,Maghreb Oxygène,1.0,nom normalisé,6064855.0,vérifié_par_rcai_moins_resultat_net,0.004946532110000981,6094855.0,V26,chimie,False,haute,,,,,,,0.3242323887456043,5401431.0,,14751250.09,9349819.09,,,,0.26804655984244113,0.34873378924383014,,,1,1,1,0,0,1,1,1,1,1,1,1,1,apprentissage,5916946.0,haute,2018,apprentissage,True
Maghreb Oxygène,Chimie,2018,sociaux,,,,,,,,,-2614000.0,5678.0,,,,2,Maghreb Oxygène,1.0,nom normalisé,5916946.0,vérifié_par_impôt_du_pdf,,,V26,chimie,False,haute,,,,,,,,6064855.0,,18705271.93,12610416.93,,,,,-0.9995497373297395,,,1,1,0,1,0,1,1,1,1,1,1,1,1,apprentissage,5727477.0,haute,2019,apprentissage,True
Maghreb Oxygène,Chimie,2019,sociaux,,,,,,,,,-2781000.0,4193.0,,,,2,Maghreb Oxygène,1.0,nom normalisé,5727477.0,vérifié_par_impôt_du_pdf,,,V26,chimie,False,haute,,,,,,,,5916946.0,,,5678.0,,,,,-0.26153575202536106,,,1,1,0,1,0,1,1,1,1,1,1,1,1,apprentissage,4900838.0,haute,2020,validation,True
Maghreb Oxygène,Chimie,2022,sociaux,,,,,,,,,-1990000.0,12383.0,,,,2,Maghreb Oxygène,1.0,nom normalisé,4997470.0,vérifié_par_impôt_du_pdf,,,V26,chimie,False,haute,,,,,,,,,,,,,,,,,,,1,1,0,1,0,1,1,1,1,1,1,1,1,validation,1832000.0,haute,2023,test_final,True
Maghrebail,Sociétés de financement,2010,sociaux,,,,,,,,,,,27752000.0,,,1,Maghrebail,1.0,nom normalisé,49656000.0,provisoire_un_seul_type_disponible,,,V26,societes de financement,False,provisoire,17.13881850366516,,,,,,,,,,,,,,,,,,1,1,1,1,1,0,1,1,1,1,1,1,1,apprentissage,49962000.0,provisoire,2011,apprentissage,True
Maghrebail,Sociétés de financement,2013,sociaux,,,,,,,,,,66685000.0,70386000.0,,,2,Maghrebail,1.0,nom normalisé,48389000.0,provisoire_un_seul_type_disponible,,,V26,societes de financement,False,provisoire,18.06950495192328,0.9474185207285539,,,,,,,,,,,,,,,,,1,1,1,1,0,0,1,1,1,1,1,1,1,apprentissage,46352000.0,provisoire,2014,apprentissage,True
Maghrebail,Sociétés de financement,2014,sociaux,,,,,,,,,,72377000.0,119176000.0,,,2,Maghrebail,1.0,nom normalisé,46352000.0,provisoire_un_seul_type_disponible,,,V26,societes de financement,False,provisoire,18.596111958432516,0.6073118748741357,,,,,,48389000.0,,,66685000.0,70386000.0,,,,0.08535652695508734,0.6931776205495411,,1,1,1,1,0,0,1,1,1,1,1,1,1,apprentissage,41036000.0,provisoire,2015,apprentissage,True
Maghrebail,Sociétés de financement,2015,sociaux,,,,,,,,,,,89015000.0,,,1,Maghrebail,1.0,nom normalisé,41036000.0,provisoire_un_seul_type_disponible,,,V26,societes de financement,False,provisoire,18.30431546405516,,,,,,,46352000.0,,,72377000.0,119176000.0,,,,,-0.2530794790897496,,1,1,1,1,1,0,1,1,1,1,1,1,1,apprentissage,64825000.0,provisoire,2016,apprentissage,True
Maghrebail,Sociétés de financement,2021,sociaux,,,,,,,,,,201.0,,,,1,Maghrebail,1.0,nom normalisé,76658000.0,provisoire_un_seul_type_disponible,,,V26,societes de financement,False,provisoire,,,,,,,,,,,,,,,,,,,1,1,1,1,0,1,1,1,1,1,1,1,1,validation,82050000.0,provisoire,2022,validation,True
Maghrebail,Sociétés de financement,2022,sociaux,13842000.0,978620000.0,,,,,,,,202000000.0,,,,3,Maghrebail,1.0,nom normalisé,82050000.0,provisoire_un_seul_type_disponible,,,V26,societes de financement,False,provisoire,,,,,,0.20641311234186915,,76658000.0,,,201.0,,,,,1004974.1243781095,,,0,1,1,1,0,1,0,1,1,1,1,1,1,validation,87526000.0,provisoire,2023,test_final,True
Maghrebail,Sociétés de financement,2023,sociaux,,,,,,,,,,12202000000.0,,,,1,Maghrebail,1.0,nom normalisé,87526000.0,provisoire_un_seul_type_disponible,,,V26,societes de financement,False,provisoire,,,,,,,,82050000.0,978620000.0,,202000000.0,,13842000.0,,,59.40594059405941,,,1,1,1,1,0,1,1,1,1,1,1,1,1,test_final,93039000.0,provisoire,2024,test_final,True
Maghrebail,Sociétés de financement,2024,sociaux,1153382760.0,,,,,,,,,127807973.0,,,,2,Maghrebail,1.0,nom normalisé,93039000.0,provisoire_un_seul_type_disponible,,,V26,societes de financement,False,provisoire,,,,,,,,87526000.0,,,12202000000.0,,,,,-0.9895256537452877,,,1,1,1,1,0,1,0,1,1,1,1,1,1,test_final,113642000.0,provisoire,2025,test_final,True
Managem,Mines,2010,consolides,-11915900000.0,,,,,,,,,222300000.0,,,,2,Managem,1.0,nom normalisé,1424442.43,provisoire_un_seul_type_disponible,,,V26,mines,False,provisoire,,,,,,,,,,,,,,,,,,,1,1,1,1,0,1,0,1,1,1,1,1,1,apprentissage,1709439.0,provisoire,2011,apprentissage,True
Managem,Mines,2012,sociaux,,,605625000.0,46448219.04,48041716.03,55967793.15,,,115428475.41,156140770.8,,,,6,Managem,1.0,nom normalisé,1752861.0,vérifié_par_impôt_du_pdf,,,V26,mines,False,haute,,,,,,,,,,,,,,,,,,,1,0,0,1,0,1,1,1,0,1,0,0,1,apprentissage,2066296.0,haute,2013,apprentissage,True
Managem,Mines,2013,sociaux,-1000000000.0,,600000000.0,51667523.87,57700527.05,87384428.07,,162289257.35,115416573.3,160222961.35,,,,8,Managem,1.0,nom normalisé,2066296.0,vérifié_par_rcai_moins_resultat_net,0.0,2066296.0,V26,mines,False,haute,,,,,,,0.012732179774190088,1752861.0,,,156140770.8,,,,,0.026144296131526346,,,1,0,0,0,0,1,0,1,0,1,0,0,1,apprentissage,2477493.0,haute,2014,apprentissage,True
Managem,Mines,2014,sociaux,2356823175.0,,950000000.0,37052624.21,41476998.85,122383164.05,,221891934.12,189278095.0,219414441.12,,,,8,Managem,1.0,nom normalisé,2477493.0,vérifié_par_rcai_moins_resultat_net,0.0,2477493.0,V26,mines,False,haute,,,,,,,0.011165313465879127,2066296.0,,162289257.35,160222961.35,,-1000000000.0,,0.3672619971478353,0.36943194203419344,,3.356823175,1,0,0,0,0,1,0,1,0,1,0,0,1,apprentissage,2684638.0,haute,2015,apprentissage,True
Managem,Mines,2015,sociaux,2365274698.28,,950000000.0,48508358.43,52722186.24,141492089.81,,240103636.28,197779723.01,237418998.28,,,,8,Managem,1.0,nom normalisé,2684638.0,vérifié_par_rcai_moins_resultat_net,0.0,2684638.0,V26,mines,False,haute,,,,,,,0.011181163440895474,2477493.0,,221891934.12,219414441.12,,2356823175.0,,0.08207464697725803,0.08205730246421256,,0.003585981065380609,1,0,0,0,0,1,0,1,0,1,0,0,1,apprentissage,2766176.0,haute,2016,apprentissage,True
Managem,Mines,2018,sociaux,3296476750.23,,,68300000.0,,,,,,,,,,2,Managem,1.0,nom normalisé,1993160.0,vérifié_par_impôt_du_pdf,,,V26,mines,False,haute,,,,,,,,,,,,,,,,,,,1,0,1,1,1,1,0,1,1,1,1,1,1,apprentissage,1581086.0,haute,2019,apprentissage,True
Managem,Mines,2021,sociaux,2739783858.05,,,,,,,,,,,,,1,Managem,1.0,nom normalisé,2620000.0,vérifié_par_impôt_du_pdf,,,V26,mines,False,haute,,,,,,,,,,,,,,,,,,,1,1,1,1,1,1,0,1,1,1,1,1,1,validation,6146040.0,haute,2022,validation,True
Managem,Mines,2022,sociaux,2119212628.24,380200000.0,,122400000.0,164600000.0,,-165500000.0,,740000000.0,61.88,,,,7,Managem,1.0,nom normalisé,6146040.0,vérifié_par_impôt_du_pdf,,,V26,mines,False,haute,,,,,0.32193582325092057,1.627564439768543e-07,,2620000.0,,,,,2739783858.05,,,,,-0.22650371779753545,0,0,0,1,0,1,0,1,1,1,0,1,0,validation,2844213.0,haute,2023,test_final,True
Managem,Mines,2023,sociaux,,368200000.0,,130400000.0,143300000.0,,,318100000.0,-378600000.0,315300000.0,,,,6,Managem,1.0,nom normalisé,2844213.0,vérifié_par_rcai_moins_resultat_net,0.01554489765710233,2800000.0,V26,mines,False,haute,,,,,0.354155350353069,0.856328082563824,0.008941254322540082,6146040.0,380200000.0,,61.88,,2119212628.24,-0.03156233561283535,,5095344.830639948,,,0,0,0,0,0,1,1,1,1,1,0,1,1,test_final,35418275.0,haute,2024,test_final,True
Managem,Mines,2024,sociaux,-24000000.0,,,,,,-38000000.0,,,,,,,2,Managem,1.0,nom normalisé,35418275.0,vérifié_par_impôt_du_pdf,,,V26,mines,False,haute,,,,,,,,2844213.0,368200000.0,318100000.0,315300000.0,,,,,,,,1,1,1,1,1,1,0,1,1,1,1,1,0,test_final,4321925.0,haute,2025,test_final,True
Maroc Leasing,Sociétés de financement,2020,sociaux,1060395000.0,,,,,,,,,-19405000.0,,,,2,Maroc Leasing,1.0,nom normalisé,28900000.0,provisoire_un_seul_type_disponible,,,V26,societes de financement,False,provisoire,,,,,,,,,,,,,,,,,,,1,1,1,1,0,1,0,1,1,1,1,1,1,validation,55531000.0,provisoire,2021,validation,True
Maroc Leasing,Sociétés de financement,2024,sociaux,,379187000.0,,183385000.0,,,,174971000.0,,105304000.0,,,,4,Maroc Leasing,1.0,comparatif officiel RFA 2025,69667000.0,vérifié_par_impôt_du_pdf,0.0,69667000.0,V26,societes de financement,False,haute,,,,,0.4836268121006258,0.2777099425876942,0.39816312417486327,,,,,,,,,,,,0,0,1,0,0,1,1,1,1,1,1,1,1,test_final,84986000.0,haute,2025,test_final,True
MarocTelecom,Télécommunications,2006,consolides,4071000000.0,,,10043000000.0,,,3644000000.0,,-131000000.0,6833000000.0,,,9897000000.0,6,Maroc Telecom(Itissalat almaghrib,1.0,alias vérifié,3107127000.0,provisoire_un_seul_type_disponible,,,V26,telecommunications,False,provisoire,,,,,,,,,,,,,,,,,,,1,0,0,1,0,1,0,1,1,0,1,1,0,apprentissage,3925195000.0,provisoire,2007,apprentissage,True
MarocTelecom,Télécommunications,2008,sociaux,,,,13571509000.0,,4353659000.0,,,-251021000.0,5274572000.0,,,,4,Maroc Telecom(Itissalat almaghrib,1.0,alias vérifié,3740486000.0,vérifié_par_impôt_du_pdf,,,V26,telecommunications,False,haute,,,,,,,,,,,,,,,,,,,1,0,0,1,0,1,1,1,1,1,1,0,1,apprentissage,3548097000.0,haute,2009,apprentissage,True
MarocTelecom,Télécommunications,2009,sociaux,,24816137000.0,2855744000.0,12874121000.0,15808238000.0,4516426000.0,,,323204000.0,17781282000.0,,,,7,Maroc Telecom(Itissalat almaghrib,1.0,alias vérifié,3548097000.0,vérifié_par_impôt_du_pdf,,,V26,telecommunications,False,haute,,,,,0.5187802194999165,0.7165209476398361,,3740486000.0,,,5274572000.0,,,,,2.371132671996894,,,0,0,0,1,0,1,1,1,0,1,0,0,1,apprentissage,3666997000.0,haute,2010,apprentissage,True
MarocTelecom,Télécommunications,2012,sociaux,15232639000.0,,1056690000.0,9761892000.0,12791460000.0,35810644000.0,,,,6504876000.0,,,,6,Maroc Telecom(Itissalat almaghrib,1.0,alias vérifié,2473338000.0,vérifié_par_impôt_du_pdf,,,V26,telecommunications,False,haute,,,,,,,,,,,,,,,,,,,1,0,1,1,0,1,0,1,0,1,0,0,1,apprentissage,3412424000.0,haute,2013,apprentissage,True
MarocTelecom,Télécommunications,2013,sociaux,14029733000.0,20652253000.0,456874000.0,8645665000.0,12015345000.0,54042695000.0,,,,5298589000.0,,,,7,Maroc Telecom(Itissalat almaghrib,1.0,alias vérifié,3412424000.0,vérifié_par_impôt_du_pdf,,,V26,telecommunications,False,haute,,,,,0.4186305968651459,0.25656227434362733,,2473338000.0,,,6504876000.0,,15232639000.0,,,-0.1854435042266755,,-0.07896898232801289,0,0,1,1,0,1,0,1,0,1,0,0,1,apprentissage,2094858000.0,haute,2014,apprentissage,True
MarocTelecom,Télécommunications,2014,sociaux,14780895000.0,20456679000.0,,7910718000.0,11431303000.0,56631268000.0,,,,6024802000.0,,,,6,Maroc Telecom(Itissalat almaghrib,1.0,alias vérifié,2094858000.0,vérifié_par_impôt_du_pdf,,,V26,telecommunications,False,haute,,,,,0.3867058773322884,0.2945151556613857,,3412424000.0,20652253000.0,,5298589000.0,,14029733000.0,-0.009469862682778484,,0.1370578091639114,,0.05354071955610274,0,0,1,1,0,1,0,1,1,1,0,0,1,apprentissage,2040864000.0,haute,2015,apprentissage,True
MarocTelecom,Télécommunications,2015,sociaux,14653526000.0,20242939000.0,,7383194000.0,10809086000.0,56631268000.0,,,,5937906000.0,,,,6,Maroc Telecom(Itissalat almaghrib,1.0,alias vérifié,2040864000.0,vérifié_par_impôt_du_pdf,,,V26,telecommunications,False,haute,,,,,0.36472935081215235,0.2933322083320016,,2094858000.0,20456679000.0,,6024802000.0,,14780895000.0,-0.010448421271116393,,-0.014423046599705683,,-0.008617137189595081,0,0,1,1,0,1,0,1,1,1,0,0,1,apprentissage,2062373000.0,haute,2016,apprentissage,True
MarocTelecom,Télécommunications,2016,sociaux,,,,,,59986140000.0,,,,,,,,1,Maroc Telecom(Itissalat almaghrib,1.0,alias vérifié,2062373000.0,vérifié_par_impôt_du_pdf,,,V26,telecommunications,False,haute,,,,,,,,2040864000.0,20242939000.0,,5937906000.0,,14653526000.0,,,,,,1,1,1,1,1,1,1,1,1,1,1,0,1,apprentissage,1965575000.0,haute,2017,apprentissage,True
MarocTelecom,Télécommunications,2017,sociaux,,,,,,63542003000.0,,,,,,,,1,Maroc Telecom(Itissalat almaghrib,1.0,alias vérifié,1965575000.0,vérifié_par_impôt_du_pdf,,,V26,telecommunications,False,haute,,,,,,,,2062373000.0,,,,,,,,,,,1,1,1,1,1,1,1,1,1,1,1,0,1,apprentissage,2374572000.0,haute,2018,apprentissage,True
MarocTelecom,Télécommunications,2018,sociaux,,,,,,67390536000.0,,,,,,,,1,Maroc Telecom(Itissalat almaghrib,1.0,alias vérifié,2374572000.0,vérifié_par_impôt_du_pdf,,,V26,telecommunications,False,haute,,,,,,,,1965575000.0,,,,,,,,,,,1,1,1,1,1,1,1,1,1,1,1,0,1,apprentissage,2388514000.0,haute,2019,apprentissage,True
MarocTelecom,Télécommunications,2019,sociaux,13224863000.0,19900000000.0,,6676000000.0,,71812207000.0,,5647807000.0,1006000000.0,5699000000.0,,,,7,Maroc Telecom(Itissalat almaghrib,1.0,alias vérifié,2388514000.0,vérifié_par_impôt_du_pdf,,,V26,telecommunications,False,haute,,,,,0.3354773869346734,0.2863819095477387,0.4229099896650151,2374572000.0,,,,,,,,,,,0,0,0,0,0,1,0,1,1,1,1,0,1,apprentissage,2296379000.0,haute,2020,validation,True
Microdata,"Matériels, logiciels et services informatiques",2020,consolides,,,,,,17118989.03,,,,64117896.16,,,,2,Microdata,1.0,nom normalisé,30273756.0,provisoire_un_seul_type_disponible,,,V26,materiels logiciels et services informatiques,False,provisoire,,,,,,,,,,,,,,,,,,,1,1,1,1,0,1,1,1,1,1,1,0,1,validation,21650563.0,provisoire,2021,validation,True
Microdata,"Matériels, logiciels et services informatiques",2011,sociaux,42000000.0,299758220.97,,33346724.88,33670954.09,1219443.19,,,,25048097.64,,,,6,Microdata,1.0,nom normalisé,10096519.0,provisoire_un_seul_type_disponible,,,V26,materiels logiciels et services informatiques,False,provisoire,,,,,0.11124540562087656,0.08356100312760673,,,,,,,,,,,,,0,0,1,1,0,1,0,1,1,1,0,0,1,apprentissage,7505288.0,provisoire,2012,apprentissage,True
Microdata,"Matériels, logiciels et services informatiques",2012,sociaux,66013575.52,299758220.97,4778.3,29987103.99,30256157.97,2175677.96,,,,17555339.32,,,,7,Microdata,1.0,nom normalisé,7505288.0,provisoire_un_seul_type_disponible,,,V26,materiels logiciels et services informatiques,False,provisoire,,,,,0.10003763664250304,0.05856499702724399,,10096519.0,299758220.97,,25048097.64,,42000000.0,0.0,,-0.2991348256338081,,0.5717517980952381,0,0,1,1,0,1,0,1,0,1,0,0,1,apprentissage,12839006.0,provisoire,2013,apprentissage,True
Microdata,"Matériels, logiciels et services informatiques",2013,sociaux,79470266.62,329065909.42,4778.3,44330218.29,44516494.2,2385814.31,,,,30256691.1,,,,7,Microdata,1.0,nom normalisé,12839006.0,provisoire_un_seul_type_disponible,,,V26,materiels logiciels et services informatiques,False,provisoire,,,,,0.13471531696533037,0.09194720642235284,,7505288.0,299758220.97,,17555339.32,,66013575.52,0.09777109149888209,,0.7235036331955104,,0.2038473297954154,0,0,1,1,0,1,0,1,0,1,0,0,1,apprentissage,12260107.0,provisoire,2014,apprentissage,True
Microdata,"Matériels, logiciels et services informatiques",2014,sociaux,86120527.74,316592908.01,4778.3,43666019.99,44033977.87,11757351.08,,,,27650261.12,,,,7,Microdata,1.0,nom normalisé,12260107.0,provisoire_un_seul_type_disponible,,,V26,materiels logiciels et services informatiques,False,provisoire,,,,,0.13792482044045268,0.08733695676823763,,12839006.0,329065909.42,,30256691.1,,79470266.62,-0.037904264929735504,,-0.08614392007987946,,0.08368238088088083,0,0,1,1,0,1,0,1,0,1,0,0,1,apprentissage,9914954.0,provisoire,2015,apprentissage,True
Microdata,"Matériels, logiciels et services informatiques",2015,sociaux,42000000.0,,,33894486.07,34518202.88,1770558.45,,,,22640585.32,,,,5,Microdata,1.0,nom normalisé,9914954.0,provisoire_un_seul_type_disponible,,,V26,materiels logiciels et services informatiques,False,provisoire,,,,,,,,12260107.0,316592908.01,,27650261.12,,86120527.74,,,-0.18118005389744402,,-0.5123113954108707,1,0,1,1,0,1,0,1,1,1,0,0,1,apprentissage,17220626.0,provisoire,2016,apprentissage,True
Microdata,"Matériels, logiciels et services informatiques",2018,sociaux,42000000.0,664738604.67,5188894.65,,,2634538.37,,,,,,,,4,Microdata,1.0,nom normalisé,20944864.0,provisoire_un_seul_type_disponible,,,V26,materiels logiciels et services informatiques,False,provisoire,,,,,,,,,,,,,,,,,,,0,1,1,1,1,1,0,1,0,1,1,0,1,apprentissage,25535409.0,provisoire,2019,apprentissage,True
Microdata,"Matériels, logiciels et services informatiques",2022,sociaux,,,,,,15937719.2,,,,,,,,1,Microdata,1.0,nom normalisé,20069301.0,provisoire_un_seul_type_disponible,,,V26,materiels logiciels et services informatiques,False,provisoire,,,,,,,,,,,,,,,,,,,1,1,1,1,1,1,1,1,1,1,1,0,1,validation,20098067.0,provisoire,2023,test_final,True
Microdata,"Matériels, logiciels et services informatiques",2023,sociaux,,751200000.0,,,,14511031.48,,,,,,,,2,Microdata,1.0,nom normalisé,20098067.0,provisoire_un_seul_type_disponible,,,V26,materiels logiciels et services informatiques,False,provisoire,,,,,,,,20069301.0,,,,,,,,,,,0,1,1,1,1,1,1,1,1,1,1,0,1,test_final,24141088.0,provisoire,2024,test_final,True
Microdata,"Matériels, logiciels et services informatiques",2024,sociaux,,,,,,14079604.56,,,,,,,,1,Microdata,1.0,nom normalisé,24141088.0,provisoire_un_seul_type_disponible,,,V26,materiels logiciels et services informatiques,False,provisoire,,,,,,,,20098067.0,751200000.0,,,,,,,,,,1,1,1,1,1,1,1,1,1,1,1,0,1,test_final,21923922.0,haute,2025,test_final,True
Nexans Maroc,Divers,2011,consolides,,,,86573000.0,,,,,,39339000.0,,,,2,Nexans Maroc,1.0,nom normalisé,17103139.0,provisoire_un_seul_type_disponible,,,V26,divers,False,provisoire,,,,,,,,,,,,,,,,,,,1,0,1,1,0,1,1,1,1,1,1,1,1,apprentissage,7430474.0,provisoire,2012,apprentissage,True
ONA,Sociétés de portefeuilles holdings,2007,sociaux,1746245000.0,,4090000000.0,306785.22,10564937.14,60838548.27,,3502385593.39,943522561.58,3500864852.39,,,,8,O.N.A ,1.0,alias vérifié,1500000.0,provisoire_un_seul_type_disponible,,,V26,societes de portefeuilles holdings,False,provisoire,,,,,,,0.0004282795140634794,,,,,,,,,,,,1,0,0,0,0,1,0,1,0,1,0,0,1,apprentissage,1612606.0,haute,2008,apprentissage,True
Oulmès,Agroalimentaire,2008,sociaux,441260177.37,,107198785.27,2705770.04,,712534760.93,,44162702.04,27375082.48,43184956.87,,,,7,OULMES,1.0,nom normalisé,14183536.12,provisoire_un_seul_type_disponible,,,V26,agroalimentaire,False,provisoire,,,,,,,0.32116549633112074,,,,,,,,,,,,1,0,0,0,0,1,0,1,0,1,1,0,1,apprentissage,22156992.0,provisoire,2009,apprentissage,True
Oulmès,Agroalimentaire,2009,sociaux,462665134.25,,205602058.52,,,1446952491.07,,65341948.87,27375082.48,,,,,5,OULMES,1.0,nom normalisé,22156992.0,provisoire_un_seul_type_disponible,,,V26,agroalimentaire,False,provisoire,,,,,,,0.3390929163144809,14183536.12,,44162702.04,43184956.87,,441260177.37,,0.4795731658542331,,,0.04850869844538855,1,1,0,0,1,1,0,1,0,1,1,0,1,apprentissage,49905801.0,provisoire,2010,apprentissage,True
Oulmès,Agroalimentaire,2010,sociaux,540377221.14,,,42810987.03,,,,157317887.89,27640999.61,,,,,4,OULMES,1.0,nom normalisé,49905801.0,provisoire_un_seul_type_disponible,,,V26,agroalimentaire,False,provisoire,,,,,,,0.3172290301462425,22156992.0,,65341948.87,,,462665134.25,,1.407609362906962,,,0.16796616199743386,1,0,0,0,1,1,0,1,1,1,1,1,1,apprentissage,8655447.0,provisoire,2011,apprentissage,True
Oulmès,Agroalimentaire,2011,sociaux,446067853.06,,,51852242.28,,,,33146078.93,21698557.14,,,,,4,OULMES,1.0,nom normalisé,8655447.0,provisoire_un_seul_type_disponible,,,V26,agroalimentaire,False,provisoire,,,,,,,0.2611303442038838,49905801.0,,157317887.89,,,540377221.14,,-0.7893050855527857,,,-0.17452506210576643,1,0,0,0,1,1,0,1,1,1,1,1,1,apprentissage,31517306.0,provisoire,2012,apprentissage,True
Oulmès,Agroalimentaire,2012,sociaux,487302417.03,,50738211.34,115409684.06,204853233.89,788513487.04,,96511869.96,21104912.93,-2.0,,,,8,OULMES,1.0,nom normalisé,31517306.0,provisoire_un_seul_type_disponible,,,V26,agroalimentaire,False,provisoire,,,,,,,0.3265640383204943,8655447.0,,33146078.93,,,446067853.06,,1.911713031391131,,,0.09244011575174767,1,0,0,0,0,1,0,1,0,1,0,0,1,apprentissage,40909738.0,provisoire,2013,apprentissage,True
Oulmès,Agroalimentaire,2016,sociaux,,,,,,1286361109.0,,,18051536.0,,,,,2,OULMES,1.0,nom normalisé,84296597.0,vérifié_par_impôt_du_pdf,,,V26,agroalimentaire,False,haute,,,,,,,,,,,,,,,,,,,1,1,0,1,1,1,1,1,1,1,1,0,1,apprentissage,91846428.0,haute,2017,apprentissage,True
Oulmès,Agroalimentaire,2017,sociaux,,,,,,2347726326.0,,,20829606.0,-2.0,,,,3,OULMES,1.0,nom normalisé,91846428.0,vérifié_par_impôt_du_pdf,,,V26,agroalimentaire,False,haute,,,,,,,,84296597.0,,,,,,,,,,,1,1,0,1,0,1,1,1,1,1,1,0,1,apprentissage,12050947.0,haute,2018,apprentissage,True
Oulmès,Agroalimentaire,2018,sociaux,,,,52944897.0,,,,,,-2.0,,,,2,OULMES,1.0,nom normalisé,12050947.0,vérifié_par_impôt_du_pdf,,,V26,agroalimentaire,False,haute,,,,,,,,91846428.0,,,-2.0,,,,,0.0,,,1,0,1,1,0,1,1,1,1,1,1,1,1,apprentissage,12413491.0,haute,2019,apprentissage,True
Oulmès,Agroalimentaire,2019,sociaux,,,,79351927.0,,,,,,-2.0,,,,2,OULMES,1.0,nom normalisé,12413491.0,vérifié_par_impôt_du_pdf,,,V26,agroalimentaire,False,haute,,,,,,,,12050947.0,,,-2.0,,,,,0.0,,,1,0,1,1,0,1,1,1,1,1,1,1,1,apprentissage,7248629.0,haute,2020,validation,True
Oulmès,Agroalimentaire,2024,sociaux,20912614.0,,1292558324.0,,,503586940.1,,,-79873638.0,-2.0,,,,5,OULMES,1.0,nom normalisé,84226671.0,vérifié_par_impôt_du_pdf,,,V26,agroalimentaire,False,haute,,,,,,,,,,,,,,,,,,,1,1,0,1,0,1,0,1,0,1,1,0,1,test_final,72913473.0,haute,2025,test_final,True
PROMOPHARM,Divers,2007,sociaux,337820687.1,334204076.48,0.0,72355458.84,93326436.6,125610940.72,,77977207.25,1518350.6,52735407.25,422517734.92,84697047.82,117183060.19,12,PROMOPHARM,1.0,RFA officiel/comparatif,25241800.0,vérifié_par_impôt_du_pdf,0.0,25241800.0,V26,divers,False,haute,19.861741982389304,0.12481229281413472,0.7995420290794737,0.0,0.21650082668674456,0.15779402754578872,0.323707412591389,,,,,,,,,,,,0,0,0,0,0,0,0,0,0,0,0,0,1,apprentissage,21982600.0,haute,2008,apprentissage,True
PROMOPHARM,Divers,2008,sociaux,370300820.37,352876915.31,0.0,83571131.24,105580972.37,127540946.93,,89462733.27,1551284.5,67480133.27,440683538.25,70382717.88,109550765.85,12,PROMOPHARM,1.0,RFA officiel/comparatif,21982600.0,vérifié_par_impôt_du_pdf,0.0,21982600.0,V26,divers,False,haute,19.903837577741818,0.15312605852710223,0.8402873904491711,0.0,0.2368279918979209,0.19122852853868083,0.24571795647754416,25241800.0,334204076.48,77977207.25,52735407.25,422517734.92,337820687.1,0.05587256453204105,0.14729337488551816,0.27959822041575294,0.04299417948323404,0.09614607544855704,0,0,0,0,0,0,0,0,0,0,0,0,1,apprentissage,22508000.0,haute,2009,apprentissage,True
PROMOPHARM,Divers,2009,sociaux,391008944.96,357017375.02,0.0,83091038.58,104703667.31,131385041.27,,88216124.59,1804541.92,65708124.59,463812144.16,72803199.20000005,48847660.92,12,PROMOPHARM,1.0,RFA officiel/comparatif,22508000.0,vérifié_par_impôt_du_pdf,0.0,22508000.0,V26,divers,False,haute,19.9549901686438,0.1416696941150658,0.8430330035194479,0.0,0.23273668004350004,0.18404741390056734,0.25514609834211033,21982600.0,352876915.31,89462733.27,67480133.27,440683538.25,370300820.37,0.011733438857462843,-0.013934390717056528,-0.026259709252645824,0.052483480553519465,0.05592243778803588,0,0,0,0,0,0,0,0,0,0,0,0,1,apprentissage,23577208.0,haute,2010,apprentissage,True
PROMOPHARM,Divers,2010,sociaux,411361688.39,375967174.6,0.0,88355658.81,111811500.94,127217595.45,,88929951.43,767240.31,65352743.43,495118334.03,83756645.63999999,47464999.8,12,PROMOPHARM,1.0,RFA officiel/comparatif,23577208.0,vérifié_par_impôt_du_pdf,-7.450580596923828e-09,23577208.00000001,V26,divers,False,haute,20.02030735262918,0.13199418995063952,0.830835095605801,0.0,0.23500897094009227,0.173825663103515,0.26512111634918045,22508000.0,357017375.02,88216124.59,65708124.59,463812144.16,391008944.96,0.0530780878071788,0.00809179550017233,-0.00540848125277477,0.06749756396891654,0.05205186145314932,0,0,0,0,0,0,0,0,0,0,0,0,1,apprentissage,30062355.0,haute,2011,apprentissage,True
PROMOPHARM,Divers,2011,sociaux,435195294.76,414644365.15,0.0,95710447.93,118779531.23,129915906.28,,98895961.37,3266460.79,68833606.37,518211225.45,83015930.69,67069979.68,12,PROMOPHARM,1.0,RFA officiel/comparatif,30062355.0,vérifié_par_impôt_du_pdf,0.0,30062355.0,V26,divers,False,haute,20.06589349017641,0.1328292460477421,0.8398029092906829,0.0,0.2308253915264861,0.16600637113469285,0.30397960223600584,23577208.0,375967174.6,88929951.43,65352743.43,495118334.03,411361688.39,0.10287384953526725,0.11206584260697146,0.053262690398428236,0.04664115592738439,0.057938322995708974,0,0,0,0,0,0,0,0,0,0,0,0,1,apprentissage,29050098.0,haute,2012,apprentissage,True
PROMOPHARM,Divers,2012,sociaux,456151439.79,449584011.4,0.0,93089274.55,117342041.02,124993366.68,,95006243.03,3101792.21,65956145.03,545687447.32,89536007.53000003,71460331.64,12,PROMOPHARM,1.0,RFA officiel/comparatif,29050098.0,vérifié_par_impôt_du_pdf,0.0,29050098.0,V26,divers,False,haute,20.11755693082908,0.1208679901909531,0.8359207125439068,0.0,0.20705646150565044,0.14670482792440337,0.3057704112226276,30062355.0,414644365.15,98895961.37,68833606.37,518211225.45,435195294.76,0.08426412894182315,-0.03933141744228947,-0.041803146627721915,0.053021278815680785,0.04815342739759366,0,0,0,0,0,0,0,0,0,0,0,0,1,apprentissage,24855644.0,haute,2013,apprentissage,True
PROMOPHARM,Divers,2013,sociaux,377153698.91,449183045.58,0.0,77527427.09,106039410.54,117537917.41,,75857903.12,2264272.33,51002259.12,467588402.74,90434703.82999998,106276798.61,12,PROMOPHARM,1.0,RFA officiel/comparatif,24855644.0,vérifié_par_impôt_du_pdf,-7.450580596923828e-09,24855644.00000001,V26,divers,False,haute,19.96309898772516,0.10907511568108658,0.8065933558230577,0.0,0.17259651238593396,0.11354448842596941,0.32766057296206474,29050098.0,449584011.4,95006243.03,65956145.03,545687447.32,456151439.79,-0.0008918596076212528,-0.20154822777229017,-0.2267246805160954,-0.1431204711846734,-0.17318314487041508,0,0,0,0,0,0,0,0,0,0,0,0,1,apprentissage,35689927.0,haute,2014,apprentissage,True
PROMOPHARM,Divers,2014,sociaux,380373525.27,474836506.93,0.0,110183843.64,141103331.53,118837378.29,,113909753.36,3948725.31,78219826.36,540857056.83,160483531.5600001,38592631.29,12,PROMOPHARM,1.0,RFA officiel/comparatif,35689927.0,vérifié_par_impôt_du_pdf,0.0,35689927.0,V26,divers,False,haute,20.10866558347008,0.1446219946143473,0.7032792129946405,0.0,0.23204585585127138,0.1647300180555222,0.31331756892849794,24855644.0,449183045.58,75857903.12,51002259.12,467588402.74,377153698.91,0.05711137497826844,0.5016201170207089,0.5336541500242471,0.15669476330177648,0.008537172959738888,0,0,0,0,0,0,0,0,0,0,0,0,1,apprentissage,43653788.0,haute,2015,apprentissage,True
PROMOPHARM,Divers,2015,sociaux,397480337.51,532838890.03,0.0,136241808.5,163505810.29,111343349.96,,140760600.24,6258622.59,97106812.24,527685781.73,130205444.22,124528533.97,12,PROMOPHARM,1.0,RFA officiel/comparatif,43653788.0,vérifié_par_impôt_du_pdf,-1.490116119384766e-08,43653788.00000001,V26,divers,False,haute,20.0840115560573,0.1840239316694086,0.7532519375581319,0.0,0.2556904367328167,0.18224422814658417,0.3101278903725141,35689927.0,474836506.93,113909753.36,78219826.36,540857056.83,380373525.27,0.12215232454431021,0.23572034955725596,0.24146034015818793,-0.02435259914550762,0.04497371952439935,0,0,0,0,0,0,0,0,0,0,0,0,1,apprentissage,41947059.44,haute,2016,apprentissage,True
PROMOPHARM,Divers,2016,sociaux,315697985.57,529788922.38,0.0,129734250.88,158116105.12,98262628.59,,129164707.5,810271.95,87217648.06,491618828.68,175920843.11,45187361.03,12,PROMOPHARM,1.0,RFA officiel/comparatif,41947059.44,vérifié_par_impôt_du_pdf,0.0,41947059.44,V26,divers,False,haute,20.013214237770462,0.17740908804119646,0.642160078403936,0.0,0.24487913091347335,0.164627164471819,0.3247563537431461,43653788.0,532838890.03,140760600.24,97106812.24,527685781.73,397480337.51,-0.005723995952750852,-0.08238024504178548,-0.10183800654025045,-0.06834929857642881,-0.20575194348561324,0,0,0,0,0,0,0,0,0,0,0,0,1,apprentissage,31384474.0,haute,2017,apprentissage,True
PROMOPHARM,Divers,2017,sociaux,233498730.53,511203838.56,0.0,102035277.87,126958329.53,88040580.37,,97185218.96,-2950424.13,65800744.96,447356124.44,213857393.91,26507217.76,12,PROMOPHARM,1.0,RFA officiel/comparatif,31384474.0,vérifié_par_impôt_du_pdf,7.450580596923828e-09,31384473.99999999,V26,divers,False,haute,19.91886553658795,0.1470880610886222,0.5219526855082034,0.0,0.1995980275841065,0.12871723566347393,0.32293464310573183,41947059.44,529788922.38,129164707.5,87217648.06,491618828.68,315697985.57,-0.03508016690214887,-0.24758689241796183,-0.24555698962744996,-0.09003459928263056,-0.26037307425825773,0,0,0,0,0,0,0,0,0,0,0,0,1,apprentissage,16291770.0,haute,2018,apprentissage,True
PROMOPHARM,Divers,2018,sociaux,272244361.07,444532858.69,0.0,54724313.09,83681695.5,83306922.89,,55037400.54,-3203663.74,38745630.54,481714609.49,209470248.42,26636907.67,12,PROMOPHARM,1.0,RFA officiel/comparatif,16291770.0,vérifié_par_impôt_du_pdf,0.0,16291770.0,V26,divers,False,haute,19.992862402238664,0.08043274955065345,0.5651569533218642,0.0,0.12310521487943059,0.0871603297317099,0.2960127084519461,31384474.0,511203838.56,97185218.96,65800744.96,447356124.44,233498730.53,-0.13041956034173016,-0.433685480889305,-0.41116729660806567,0.07680343058454812,0.1659350800411394,0,0,0,0,0,0,0,0,0,0,0,0,1,apprentissage,29470253.0,haute,2019,apprentissage,True
PROMOPHARM,Divers,2019,sociaux,324358564.9,522450180.24,0.0,91239923.93,102097738.68,79544054.17,,81584456.41,-1619645.55,52114203.41,490247686.82,165889121.92,119302279.65,12,PROMOPHARM,1.0,RFA officiel/comparatif,29470253.0,vérifié_par_impôt_du_pdf,0.0,29470253.0,V26,divers,False,haute,20.010421306701204,0.10630178338635246,0.6616218161149466,0.0,0.1746385155577643,0.09974961322830837,0.3612238690651834,16291770.0,444532858.69,55037400.54,38745630.54,481714609.49,272244361.07,0.1752791048554108,0.482345743249741,0.34503433506388864,0.017713968316290234,0.1914243645861972,0,0,0,0,0,0,0,0,0,0,0,0,1,apprentissage,30190807.0,haute,2020,validation,True
PROMOPHARM,Divers,2020,sociaux,384619455.28,573195995.7,0.0,101480571.14,128882808.74,85276133.62,,90451697.38,-907914.76,60260890.38,545090096.48,160470641.2,104109342.95,12,PROMOPHARM,1.0,RFA officiel/comparatif,30190807.0,vérifié_par_impôt_du_pdf,7.450580596923828e-09,30190806.99999999,V26,divers,False,haute,20.11646165544132,0.11055216517259003,0.7056071239667296,0.0,0.17704340557381182,0.10513138757434623,0.3337782250029458,29470253.0,522450180.24,81584456.41,52114203.41,490247686.82,324358564.9,0.09713043918692636,0.10868787217797925,0.15632373589033444,0.1118667382517116,0.18578479775485035,0,0,0,0,0,0,0,0,0,0,0,0,1,validation,33724820.0,haute,2021,validation,True
PROMOPHARM,Divers,2021,sociaux,423589590.55,630491043.46,30000000.0,104922804.49,133801271.28,100696426.75,,102694955.27,1709718.59,68970135.27,616198845.69,192609255.14,160117365.12,12,PROMOPHARM,1.0,RFA officiel/comparatif,33724820.0,vérifié_par_impôt_du_pdf,0.0,33724820.0,V26,divers,False,haute,20.239080272476276,0.11192837466738421,0.6874235378933203,0.04868558292478939,0.1664144250395788,0.10939114200815073,0.32839802024678366,30190807.0,573195995.7,90451697.38,60260890.38,545090096.48,384619455.28,0.09995716681521818,0.13535686166910052,0.14452565893202443,0.13045320336802174,0.10132127934513892,0,0,0,0,0,0,0,0,0,0,0,0,1,validation,38972320.0,haute,2022,validation,True
PROMOPHARM,Divers,2022,sociaux,458867835.35,746771033.32,67533495.69,134115436.66,160694419.51,212683177.88,,114250564.8,-11976222.87,75278244.8,762866240.51,303998405.16,106300304.87,12,PROMOPHARM,1.0,RFA officiel,38972320.0,vérifié_par_impôt_du_pdf,0.0,38972320.0,V26,divers,False,haute,20.452593267865108,0.09867817030371423,0.6015049703120071,0.0885259985352763,0.1795937853450858,0.1008049876617836,0.34111271194345993,33724820.0,630491043.46,102694955.27,68970135.27,616198845.69,423589590.55,0.18442766327318513,0.11252363370351173,0.09146146379596627,0.2380195870957311,0.08328402205114105,0,0,0,0,0,0,0,0,0,0,0,0,1,validation,30896094.0,haute,2023,test_final,True
PROMOPHARM,Divers,2023,sociaux,475765782.17,805516174.89,104372103.39,100662043.33,121188258.68,310727981.02,,87794040.82,-1456971.67,56897946.82,984531667.59,508765885.42,62741537.2,12,PROMOPHARM,1.0,RFA officiel,30896094.0,vérifié_par_impôt_du_pdf,7.450580596923828e-09,30896093.99999999,V26,divers,False,haute,20.70767662270741,0.05779189100059976,0.4832407101079949,0.1060119311809327,0.12496588705217031,0.07063538708924112,0.3519156164977622,38972320.0,746771033.32,114250564.8,75278244.8,762866240.51,458867835.35,0.07866553327440991,-0.2315658047407745,-0.2441648052346725,0.2905691919618959,0.03682530244707855,0,0,0,0,0,0,0,0,0,0,0,0,1,test_final,33883641.0,haute,2024,test_final,True
PROMOPHARM,Divers,2024,sociaux,530925751.86,898713862.91,227569236.68,106205594.23,131328556.55,378002235.79,,89043610.69,-2546396.48,55159969.69,1157262504.47,626336752.61,100040599.8,12,PROMOPHARM,1.0,RFA officiel,33883641.0,vérifié_par_impôt_du_pdf,0.0,33883641.0,V26,divers,False,haute,20.86932314401299,0.0476641811835613,0.4587772867515067,0.19664443961590336,0.11817509288897635,0.061376564851680596,0.3805286054488948,30896094.0,805516174.89,87794040.82,56897946.82,984531667.59,475765782.17,0.11569933779756429,0.014232969098232297,-0.030545515737117817,0.1754446734078363,0.11593933771027339,0,0,0,0,0,0,0,0,0,0,0,0,1,test_final,38461011.0,haute,2025,test_final,True
Papelera de Tetuan,Divers,2019,sociaux,,100000000.0,,,,,,,5097000.0,5857000.0,,,,3,Papelera de Tetuan (MED paper),1.0,alias vérifié,498768.0,provisoire_un_seul_type_disponible,,,V26,divers,False,provisoire,,,,,,0.05857,,,,,,,,,,,,,0,1,0,1,0,1,1,1,1,1,1,1,1,apprentissage,484580.63,provisoire,2020,validation,True
Papelera de Tetuan,Divers,2020,sociaux,,83817000.0,,4077000.0,603000.0,,,,3537000.0,8562000.0,,,,5,Papelera de Tetuan (MED paper),1.0,alias vérifié,484580.63,provisoire_un_seul_type_disponible,,,V26,divers,False,provisoire,,,,,0.04864168366799098,0.10215111492895236,,498768.0,100000000.0,,5857000.0,,,-0.16183,,0.4618405326959194,,,0,0,0,1,0,1,1,1,1,1,0,1,1,validation,464706.0,provisoire,2021,validation,True
Papelera de Tetuan,Divers,2021,sociaux,,,,2536000.0,,,,,1439000.0,9484000.0,,,,3,Papelera de Tetuan (MED paper),1.0,alias vérifié,464706.0,provisoire_un_seul_type_disponible,,,V26,divers,False,provisoire,,,,,,,,484580.63,83817000.0,,8562000.0,,,,,0.10768512029899556,,,1,0,0,1,0,1,1,1,1,1,1,1,1,validation,539045.0,provisoire,2022,validation,True
Papelera de Tetuan,Divers,2022,sociaux,,,,13785000.0,19172000.0,,,325000.0,5256000.0,,,,,4,Papelera de Tetuan (MED paper),1.0,alias vérifié,539045.0,provisoire_un_seul_type_disponible,,,V26,divers,False,provisoire,,,,,,,1.6586,464706.0,,,9484000.0,,,,,,,,1,0,0,0,1,1,1,1,1,1,0,1,1,validation,271478.0,provisoire,2023,test_final,True
Papelera de Tetuan,Divers,2023,sociaux,,130000000.0,,10873000.0,16705000.0,,,,4631000.0,5751000.0,,,,5,Papelera de Tetuan (MED paper),1.0,alias vérifié,271478.0,provisoire_un_seul_type_disponible,,,V26,divers,False,provisoire,,,,,0.08363846153846154,0.04423846153846154,,539045.0,,325000.0,,,,,,,,,0,0,0,1,0,1,1,1,1,1,0,1,1,test_final,277495.0,provisoire,2024,test_final,True
Papelera de Tetuan,Divers,2024,sociaux,,113000000.0,,9670000.0,,,,6670000.0,3000000.0,6345000.0,,,,5,Papelera de Tetuan (MED paper),1.0,alias vérifié,277495.0,provisoire_un_seul_type_disponible,,,V26,divers,False,provisoire,,,,,0.08557522123893806,0.05615044247787611,0.04160344827586207,271478.0,130000000.0,,5751000.0,,,-0.13076923076923078,,0.10328638497652583,,,0,0,0,0,0,1,1,1,1,1,1,1,1,test_final,276584.0,provisoire,2025,test_final,True
RES DAR SAADA,Immobilier,2013,consolides,,,,,,5698780.0,,,,,,,,1,RES DAR SAADA,1.0,nom normalisé,49700000.0,provisoire_un_seul_type_disponible,,,V26,immobilier,False,provisoire,,,,,,,,,,,,,,,,,,,1,1,1,1,1,1,1,1,1,1,1,0,1,apprentissage,59583270.0,provisoire,2014,apprentissage,True
RES DAR SAADA,Immobilier,2021,consolides,4236938000.0,,202000.0,,,79680000.0,,,,,8069747000.0,1341878000.0,,5,RES DAR SAADA,1.0,nom normalisé,1788436.0,provisoire_un_seul_type_disponible,,,V26,immobilier,False,provisoire,22.811387968179208,,0.5250397565128126,2.503176369717663e-05,,,,,,,,,,,,,,,1,1,1,1,1,0,0,0,0,1,1,0,1,validation,1392018.0,provisoire,2022,validation,True
RES DAR SAADA,Immobilier,2022,consolides,,,202000.0,-26141.0,,73056000.0,,,-32532.0,,,,,4,RES DAR SAADA,1.0,nom normalisé,1392018.0,provisoire_un_seul_type_disponible,,,V26,immobilier,False,provisoire,,,,,,,,1788436.0,,,,8069747000.0,4236938000.0,,,,,,1,0,0,1,1,1,1,1,0,1,1,0,1,validation,4175000.0,provisoire,2023,test_final,True
RES DAR SAADA,Immobilier,2023,consolides,4109461000.0,,,-29125000.0,,66195000.0,,-59696000.0,-31887000.0,-67135000.0,7321810000.0,1021876000.0,,7,RES DAR SAADA,1.0,nom normalisé,4175000.0,provisoire_un_seul_type_disponible,,,V26,immobilier,False,provisoire,22.714123402250138,-0.009169180844627216,0.5612629937133031,,,,-0.06993768426695256,1392018.0,,,,,,,,,,,1,0,0,0,0,0,0,0,1,1,1,0,1,test_final,5398000.0,haute,2024,test_final,True
RES DAR SAADA,Immobilier,2024,consolides,4027483000.0,,,-36972000.0,,63659000.0,-764000.0,-76667000.0,-22667000.0,-82829000.0,7344250000.0,782940000.0,,9,RES DAR SAADA,1.0,nom normalisé,5398000.0,vérifié_par_impôt_du_pdf,,,V26,immobilier,False,haute,22.717183531215703,-0.011278074684276815,0.5483858801102903,,,,-0.07040838952874118,4175000.0,,-59696000.0,-67135000.0,7321810000.0,4109461000.0,,-0.284290404717234,-0.2337677813361138,0.0030648159403207677,-0.019948601531928397,1,0,0,0,0,0,0,0,1,1,1,0,0,test_final,353000.0,haute,2025,test_final,True
RES DAR SAADA,Immobilier,2017,sociaux,1310442500.0,,1963079251.68,201198236.81,6524112.03,21817803.96,,193653725.61,907688.15,189838148.61,,,,8,RES DAR SAADA,1.0,nom normalisé,3815577.0,vérifié_par_rcai_moins_resultat_net,0.0,3815577.0,V26,immobilier,False,haute,,,,,,,0.01970309111266057,,,,,,,,,,,,1,0,0,0,0,1,0,1,0,1,0,0,1,apprentissage,51760349.0,haute,2018,apprentissage,True
Rebab Company,Mines,2018,sociaux,17645600.0,,,-70397.79,-90116.6,,,-12837775.83,,-12840775.83,31438000.0,,,5,Rebab,1.0,alias vérifié,3000.0,vérifié_par_rcai_moins_resultat_net,0.0,3000.0,V26,mines,False,haute,17.26352794207896,-0.4084476057637254,0.561282524333609,,,,-0.00023368533924618312,,,,,,,,,,,,1,0,1,0,0,0,0,1,1,1,0,1,1,apprentissage,871040.0,haute,2019,apprentissage,True
Rebab Company,Mines,2022,sociaux,24000192.62,,,-161000000.0,-1300000.0,,,-219000.0,-58000000.0,-3600000.0,39802000000.0,,69000000.0,8,Rebab,1.0,alias vérifié,3000.0,provisoire_un_seul_type_disponible,,,V26,mines,False,provisoire,24.407182999255657,-9.044771619516608e-05,0.0006029896140897443,,,,-0.0136986301369863,,,,,,,,,,,,1,0,0,0,0,0,0,1,1,0,0,1,1,validation,3000.0,provisoire,2023,test_final,True
Rebab Company,Mines,2023,sociaux,24217926.66,,,,-1300000.0,,,221000.0,,-5000000.0,39766000.0,,,4,Rebab,1.0,alias vérifié,3000.0,provisoire_un_seul_type_disponible,,,V26,mines,False,provisoire,17.498522858947275,-0.12573555298496203,0.609010880148871,,,,0.013574660633484163,3000.0,,-219000.0,-3600000.0,39802000000.0,24000192.62,,2.009132420091324,-0.3888888888888889,-0.9990009044771619,0.009072178854871169,1,1,1,0,0,0,0,1,1,1,0,1,1,test_final,3000.0,provisoire,2024,test_final,True
Rebab Company,Mines,2024,sociaux,24809899.31,,,325000.0,-1500000.0,17056656.89,,,-32000.0,-3000000.0,,,86000000.0,7,Rebab,1.0,alias vérifié,3000.0,provisoire_un_seul_type_disponible,,,V26,mines,False,provisoire,,,,,,,,3000.0,,221000.0,-5000000.0,39766000.0,24217926.66,,,0.4,,0.024443572660484657,1,0,0,1,0,1,0,1,1,0,0,0,1,test_final,3000.0,provisoire,2025,test_final,True
Risma,Divers,2007,consolides,100490000.0,1114504000.0,246591000.0,-39819000.0,-88269000.0,2205638000.0,,76739000.0,-67137000.0,28825000.0,2677910000.0,,,10,Risma,1.0,nom normalisé,608000.0,provisoire_un_seul_type_disponible,,,V26,divers,False,provisoire,21.708302476854556,0.010763991321590345,0.037525532971608454,0.09208337845558663,-0.03572800097621902,0.025863523145722222,0.00792295964242432,,,,,,,,,,,,0,0,0,0,0,0,0,1,0,1,0,0,1,apprentissage,1849000.0,provisoire,2008,apprentissage,True
Risma,Divers,2008,consolides,1030155000.0,937721000.0,1573768000.0,,,2076172000.0,,81455000.0,-39819000.0,48155000.0,2535801000.0,,,7,Risma,1.0,nom normalisé,1849000.0,provisoire_un_seul_type_disponible,,,V26,divers,False,provisoire,21.653775400805262,0.018990054818970415,0.4062444174444288,0.6206196779636888,,0.05135322766579825,0.022699650113559636,608000.0,1114504000.0,76739000.0,28825000.0,2677910000.0,100490000.0,-0.1586203369391227,0.06145506196327812,0.6705984388551605,-0.05306713071014336,9.251318539158126,0,1,0,0,0,0,0,1,0,1,1,0,1,apprentissage,1732320.0,provisoire,2009,apprentissage,True
Risma,Divers,2009,consolides,,,,,,3930356000.0,,,,,,,,1,Risma,1.0,nom normalisé,1732320.0,provisoire_un_seul_type_disponible,,,V26,divers,False,provisoire,,,,,,,,1849000.0,937721000.0,81455000.0,48155000.0,2535801000.0,1030155000.0,,,,,,1,1,1,1,1,1,1,1,1,1,1,0,1,apprentissage,2048500.0,provisoire,2010,apprentissage,True
Risma,Divers,2019,sociaux,2087476508.64,,,-146000000.0,,,,-183000000.0,,-302932000.0,,,,4,Risma,1.0,nom normalisé,5967203.71,vérifié_par_impôt_du_pdf,,,V26,divers,False,haute,,,,,,,-0.032607670546448086,,,,,,,,,,,,1,0,1,0,0,1,0,1,1,1,1,1,1,apprentissage,2103080.75,haute,2020,validation,True
Risma,Divers,2020,sociaux,1988781100.77,,1680388000.0,99000000.0,,,,122000000.0,-5000000.0,139989000.0,,1107075000.0,,7,Risma,1.0,nom normalisé,2103080.75,vérifié_par_impôt_du_pdf,,,V26,divers,False,haute,,,,,,,0.017238366803278688,5967203.71,,-183000000.0,-302932000.0,,2087476508.64,,1.6666666666666667,1.462113609654972,,-0.04727976935860256,1,0,0,0,0,1,0,0,0,1,1,1,1,validation,2022651.4,haute,2021,validation,True
Risma,Divers,2021,sociaux,1792813102.87,49399618.5,42000000.0,-146000000.0,,,,-183000000.0,-25000000.0,-185000000.0,3344000000.0,2044816000.0,,7,Risma,1.0,nom normalisé,2022651.4,vérifié_par_impôt_du_pdf,,,V26,divers,False,haute,21.93043353246791,-0.05532296650717703,0.536128320236244,0.012559808612440191,-2.9554884113123263,-3.744968192416304,-0.011052739890710383,2103080.75,,122000000.0,139989000.0,,1988781100.77,,-2.5,-2.3215324061176235,,-0.0985367358047232,0,0,0,0,0,0,0,0,0,1,1,1,1,validation,3309452.32,haute,2022,validation,True
Risma,Divers,2022,sociaux,1918010145.65,49119972.31,,-99000000.0,,,,-122000000.0,-19000000.0,-124000000.0,2893000000.0,,,5,Risma,1.0,nom normalisé,3309452.32,vérifié_par_impôt_du_pdf,,,V26,divers,False,haute,21.78555986328607,-0.04286208088489457,0.6629831129104736,,-2.0154734488692956,-2.524431390502956,-0.027126658360655736,2022651.4,49399618.5,-183000000.0,-185000000.0,3344000000.0,1792813102.87,-0.005660897765839986,0.3333333333333333,0.32972972972972975,-0.13486842105263158,0.0698327352581149,0,0,0,0,0,0,0,1,1,1,1,1,1,validation,2310526.23,haute,2023,test_final,True
Risma,Divers,2023,sociaux,,,,,,1343000000.0,,,,,3444000000.0,2044816000.0,,3,Risma,1.0,nom normalisé,2310526.23,vérifié_par_impôt_du_pdf,,,V26,divers,False,haute,21.959899423802256,,,,,,,3309452.32,49119972.31,-122000000.0,-124000000.0,2893000000.0,1918010145.65,,,,0.19045973038368474,,1,1,1,1,1,0,1,0,1,1,1,0,1,test_final,2509443.0,haute,2024,test_final,True
Risma,Divers,2024,sociaux,1953136803.26,,977000000.0,,,1827129000.0,,73046000.0,-23991000000.0,8.74,3731872000.0,,,7,Risma,1.0,nom normalisé,2509443.0,vérifié_par_impôt_du_pdf,,,V26,divers,False,haute,22.040175821647722,2.341988149647148e-09,0.523366504333482,0.26179890414247864,,,0.03435428360211373,2310526.23,,,,3444000000.0,,,,,0.08358652729384437,,1,1,0,0,0,0,0,1,0,1,1,0,1,test_final,5921669.26,haute,2025,test_final,True
S2M,"Matériels, logiciels et services informatiques",2024,sociaux,,308105627.93,,53649987.34,,18577840.15,,43957487.18,-1614516.49,33916967.18,219961244.35,,34202037.71,8,S2M,1.0,comparatif officiel du RFA 2025,10040520.0,vérifié_par_impôt_du_pdf,0.0,10040520.0,V26,materiels logiciels et services informatiques,False,haute,19.20896193129908,0.1541951959774863,,,0.17412855357575294,0.11008227083636965,0.22841433039348724,,,,,,,,,,,,0,0,0,0,0,0,1,1,1,0,1,0,1,test_final,9402207.74,haute,2025,test_final,True
SALAFIN,Sociétés de financement,2007,sociaux,,,,,,27647000.0,,59137000.0,,84377000.0,,,,3,Salafin,1.0,nom normalisé,50739000.0,provisoire_un_seul_type_disponible,,,V26,societes de financement,False,provisoire,,,,,,,0.8579907672015827,,,,,,,,,,,,1,1,1,0,0,1,1,1,1,1,1,0,1,apprentissage,59137000.0,provisoire,2008,apprentissage,True
SALAFIN,Sociétés de financement,2008,sociaux,,,,,,26759000.0,,55057000.0,,101477000.0,,,,3,Salafin,1.0,nom normalisé,59137000.0,provisoire_un_seul_type_disponible,,,V26,societes de financement,False,provisoire,,,,,,,1.0741050184354397,50739000.0,,59137000.0,84377000.0,,,,-0.06899233982109339,0.2026618628299181,,,1,1,1,0,0,1,1,1,1,1,1,0,1,apprentissage,55057.0,provisoire,2009,apprentissage,True
SALAFIN,Sociétés de financement,2013,sociaux,,,,,,,,58448.0,,95097.0,,,,2,Salafin,1.0,nom normalisé,55340000.0,provisoire_un_seul_type_disponible,,,V26,societes de financement,False,provisoire,,,,,,,946.8245277853819,,,,,,,,,,,,1,1,1,0,0,1,1,1,1,1,1,1,1,apprentissage,58448000.0,provisoire,2014,apprentissage,True
SALAFIN,Sociétés de financement,2016,sociaux,,,,,,,,,,400000.0,,,,1,Salafin,1.0,nom normalisé,82129000.0,provisoire_un_seul_type_disponible,,,V26,societes de financement,False,provisoire,,,,,,,,,,,,,,,,,,,1,1,1,1,0,1,1,1,1,1,1,1,1,apprentissage,79449000.0,provisoire,2017,apprentissage,True
SALAFIN,Sociétés de financement,2017,sociaux,,,,,,,,54903000.0,,59.0,,,,2,Salafin,1.0,nom normalisé,79449000.0,provisoire_un_seul_type_disponible,,,V26,societes de financement,False,provisoire,,,,,,,1.447079394568603,82129000.0,,,400000.0,,,,,-0.9998525,,,1,1,1,0,0,1,1,1,1,1,1,1,1,apprentissage,54903000.0,provisoire,2018,apprentissage,True
SALAFIN,Sociétés de financement,2020,sociaux,1010812000.0,,,,,90200000.0,,-14057000.0,,130377000.0,,,,4,Salafin,1.0,nom normalisé,2310000.0,provisoire_un_seul_type_disponible,,,V26,societes de financement,False,provisoire,,,,,,,-0.16433093832254392,,,,,,,,,,,,1,1,1,0,0,1,0,1,1,1,1,0,1,validation,52225000.0,provisoire,2021,validation,True
SALAFIN,Sociétés de financement,2021,sociaux,933245000.0,,,,,86100000.0,,136953000.0,,84728000.0,,,202000.0,5,Salafin,1.0,nom normalisé,52225000.0,provisoire_un_seul_type_disponible,,,V26,societes de financement,False,provisoire,,,,,,,0.38133520258774906,2310000.0,,-14057000.0,130377000.0,,1010812000.0,,10.742690474496692,-0.3501307745998144,,-0.07673731613791684,1,1,1,0,0,1,0,1,1,0,1,0,1,validation,53821000.0,provisoire,2022,validation,True
SALAFIN,Sociétés de financement,2022,sociaux,,,,,,82177000.0,,58733000.0,,85750000.0,,,,3,Salafin,1.0,nom normalisé,53821000.0,provisoire_un_seul_type_disponible,,,V26,societes de financement,False,provisoire,,,,,,,0.9163672892581683,52225000.0,,136953000.0,84728000.0,,933245000.0,,-0.5711448453118954,0.012062128222075348,,,1,1,1,0,0,1,1,1,1,1,1,0,1,validation,58733000.0,provisoire,2023,test_final,True
SALAFIN,Sociétés de financement,2023,sociaux,,,,,,78436000.0,,62997000.0,,90577347.0,,,,3,Salafin,1.0,nom normalisé,58733000.0,provisoire_un_seul_type_disponible,,,V26,societes de financement,False,provisoire,,,,,,,0.9323142371858978,53821000.0,,58733000.0,85750000.0,,,,0.07259973098598743,0.056295591836734694,,,1,1,1,0,0,1,1,1,1,1,1,0,1,test_final,62997000.0,provisoire,2024,test_final,True
SALAFIN,Sociétés de financement,2024,sociaux,,,,,,75391000.0,,,,93147000.0,,,,2,Salafin,1.0,nom normalisé,62997000.0,provisoire_un_seul_type_disponible,,,V26,societes de financement,False,provisoire,,,,,,,,58733000.0,,62997000.0,90577347.0,,,,,0.02836970926074927,,,1,1,1,1,0,1,1,1,1,1,1,0,1,test_final,95326000.0,haute,2025,test_final,True
SCE,Chimie,2010,sociaux,249976654.83,,3051364.43,2395348.21,11858745.91,128611342.15,,19651418.47,12839628.45,14833718.29,,,,8,Société Cherifiènne d'Engrais,1.0,alias vérifié,4817700.18,provisoire_un_seul_type_disponible,,,V26,chimie,False,provisoire,,,,,,,0.24515788452394602,,,,,,,,,,,,1,0,0,0,0,1,0,1,0,1,0,0,1,apprentissage,9388749.0,provisoire,2011,apprentissage,True
SCE,Chimie,2011,sociaux,262013589.71,1526336.59,20062092.77,,,218155747.86,,,,,,,,4,Société Cherifiènne d'Engrais,1.0,alias vérifié,9388749.0,provisoire_un_seul_type_disponible,,,V26,chimie,False,provisoire,,,,,,,,4817700.18,,19651418.47,14833718.29,,249976654.83,,,,,0.048152236008541974,0,1,1,1,1,1,0,1,0,1,1,0,1,apprentissage,8171752.0,provisoire,2012,apprentissage,True
SGTM S.A,Bâtiment et matériaux de construction,2024,sociaux,2648774000.0,10452484000.0,39286000.0,1129422000.0,1220667000.0,204772000.0,,1138414000.0,1053000.0,764092000.0,9881398000.0,7232624000.0,733766000.0,12,SGTM S.A,1.0,document officiel AMMC,374322000.0,vérifié_par_impôt_du_pdf,0.0,374322000.0,V26,batiment et materiaux de construction,False,haute,23.0139198367732,0.07732630544787286,0.2680566049459803,0.0039757532284399434,0.10805297573284972,0.07310147520914646,0.3288100813939393,,,,,,,,,,,,0,0,0,0,0,0,0,0,0,0,0,0,1,test_final,655609313.03,haute,2025,test_final,True
SMI,Mines,2011,sociaux,164509000.0,,,,,906040210.07,,421437046.99,,,,,,3,SMI,1.0,nom normalisé,70947812.0,provisoire_un_seul_type_disponible,,,V26,mines,False,provisoire,,,,,,,0.16834735462087524,,,,,,,,,,,,1,1,1,0,1,1,0,1,1,1,1,0,1,apprentissage,96967369.0,provisoire,2012,apprentissage,True
SMI,Mines,2012,sociaux,1311997367.22,,,,,1362317237.25,,568293110.71,,,,,,3,SMI,1.0,nom normalisé,96967369.0,provisoire_un_seul_type_disponible,,,V26,mines,False,provisoire,,,,,,,0.1706291474813997,70947812.0,,421437046.99,,,164509000.0,,0.3484650074521917,,,6.975231550978974,1,1,1,0,1,1,0,1,1,1,1,0,1,apprentissage,96180183.0,provisoire,2013,apprentissage,True
SMI,Mines,2013,sociaux,164509000.0,,,474755512.19,653090123.14,1362317237.25,,605609554.48,50628004.28,509429371.48,,,,7,SMI,1.0,nom normalisé,96180183.0,provisoire_un_seul_type_disponible,,,V26,mines,False,provisoire,,,,,,,0.1588154980193205,96967369.0,,568293110.71,,,1311997367.22,,0.06566407909358338,,,-0.874611791067402,1,0,0,0,0,1,0,1,1,1,0,0,1,apprentissage,57916453.0,provisoire,2014,apprentissage,True
SMI,Mines,2014,sociaux,1589833974.85,,,248800794.25,451380827.37,1601085513.1,,303399789.15,56510943.3,245483336.15,,,,7,SMI,1.0,nom normalisé,57916453.0,provisoire_un_seul_type_disponible,,,V26,mines,False,provisoire,,,,,,,0.19089154004443382,96180183.0,,605609554.48,509429371.48,,164509000.0,,-0.49901749913686405,-0.5181209606410816,,8.66411548821037,1,0,0,0,0,1,0,1,1,1,0,0,1,apprentissage,54455617.0,provisoire,2015,apprentissage,True
SMI,Mines,2015,sociaux,,,,287923146.34,481875958.71,1601085513.1,,288593861.2,6630463.1,234138244.2,,,,6,SMI,1.0,nom normalisé,54455617.0,provisoire_un_seul_type_disponible,,,V26,mines,False,provisoire,,,,,,,0.1886929152739719,57916453.0,,303399789.15,245483336.15,,1589833974.85,,-0.048800060116983075,-0.046215324135352794,,,1,0,0,0,0,1,1,1,1,1,0,0,1,apprentissage,66525800.0,provisoire,2016,apprentissage,True
SMI,Mines,2021,sociaux,1136000000.0,80270000.0,94800000.0,-79000000.0,,,,-63000000.0,10700000.0,55.4,,,,7,SMI,1.0,nom normalisé,3580360.0,vérifié_par_impôt_du_pdf,,,V26,mines,False,haute,,,,,-0.9841783979070636,6.901706739753332e-07,-0.05683111111111111,,,,,,,,,,,,0,0,0,0,0,1,0,1,0,1,1,1,1,validation,3333204.0,haute,2022,validation,True
SMI,Mines,2022,sociaux,1284673751.44,,,,,,,,,59.2,,,,2,SMI,1.0,nom normalisé,3333204.0,vérifié_par_impôt_du_pdf,,,V26,mines,False,haute,,,,,,,,3580360.0,80270000.0,-63000000.0,55.4,,1136000000.0,,,0.06859205776173292,,0.13087478119718315,1,1,1,1,0,1,0,1,1,1,1,1,1,validation,51024393.0,provisoire,2023,test_final,True
SMI,Mines,2023,sociaux,1339600000.0,798000000.0,-14400000.0,,,,,219500000.0,-3100000.0,,,,,5,SMI,1.0,nom normalisé,51024393.0,provisoire_un_seul_type_disponible,,,V26,mines,False,provisoire,,,,,,,0.23245737129840546,3333204.0,,,59.2,,1284673751.44,,,,,0.042755017371867925,0,1,0,0,1,1,0,1,0,1,1,1,1,test_final,77338199.0,provisoire,2024,test_final,True
SMI,Mines,2024,sociaux,1394700000.0,1053000000.0,,,,,,264100000.0,15100000.0,,,,,4,SMI,1.0,nom normalisé,77338199.0,provisoire_un_seul_type_disponible,,,V26,mines,False,provisoire,,,,,,,0.2928368004543733,51024393.0,798000000.0,219500000.0,,,1339600000.0,0.31954887218045114,0.20318906605922551,,,0.04113168109883547,0,1,0,0,1,1,0,1,1,1,1,1,1,test_final,191056147.0,provisoire,2025,test_final,True
SNEP,Chimie,2010,consolides,,,37869000.0,82676000.0,,130804000.0,143231000.0,,,54670000.0,,,2780000.0,6,SNEP,1.0,nom normalisé,19319807.0,provisoire_un_seul_type_disponible,,,V26,chimie,False,provisoire,,,,,,,,,,,,,,,,,,,1,0,1,1,0,1,1,1,0,0,1,0,0,apprentissage,6406830.0,provisoire,2011,apprentissage,True
SNEP,Chimie,2011,consolides,84700000.0,,85248000.0,50852000.0,,130645000.0,,,,7954000.0,,,6221000.0,6,SNEP,1.0,nom normalisé,6406830.0,provisoire_un_seul_type_disponible,,,V26,chimie,False,provisoire,,,,,,,,19319807.0,,,54670000.0,,,,,-0.8545088714102799,,,1,0,1,1,0,1,0,1,0,0,1,0,1,apprentissage,5811349.0,provisoire,2012,apprentissage,True
SNEP,Chimie,2012,consolides,,,82915000.0,-7850000.0,,,992000.0,,,-44133000.0,,,5818000.0,5,SNEP,1.0,nom normalisé,5811349.0,provisoire_un_seul_type_disponible,,,V26,chimie,False,provisoire,,,,,,,,6406830.0,,,7954000.0,,84700000.0,,,-6.548529041991451,,,1,0,1,1,0,1,1,1,0,0,1,1,0,apprentissage,4027488.0,provisoire,2013,apprentissage,True
SNEP,Chimie,2013,consolides,22051000.0,,40011000.0,23766000.0,,127818000.0,,,,-40599000.0,,,,5,SNEP,1.0,nom normalisé,4027488.0,provisoire_un_seul_type_disponible,,,V26,chimie,False,provisoire,,,,,,,,5811349.0,,,-44133000.0,,,,,0.08007613350554008,,,1,0,1,1,0,1,0,1,0,1,1,0,1,apprentissage,3866776.0,provisoire,2014,apprentissage,True
SNEP,Chimie,2014,consolides,19546000.0,,22022000.0,7741000.0,,129058000.0,331662000.0,,,-8131000.0,,,4174000.0,7,SNEP,1.0,nom normalisé,3866776.0,provisoire_un_seul_type_disponible,,,V26,chimie,False,provisoire,,,,,,,,4027488.0,,,-40599000.0,,22051000.0,,,0.7997241311362349,,-0.11360029023627047,1,0,1,1,0,1,0,1,0,0,1,0,0,apprentissage,3395844.0,provisoire,2015,apprentissage,True
SNEP,Chimie,2015,consolides,66531000.0,,19517000.0,-10775000.0,,130879000.0,,,,-36627000.0,,,3022000.0,6,SNEP,1.0,nom normalisé,3395844.0,provisoire_un_seul_type_disponible,,,V26,chimie,False,provisoire,,,,,,,,3866776.0,,,-8131000.0,,19546000.0,,,-3.5046119788463903,,2.4038166376752277,1,0,1,1,0,1,0,1,0,0,1,0,1,apprentissage,4111804.0,provisoire,2016,apprentissage,True
SNEP,Chimie,2017,sociaux,,,,,,,,131840038.9,,98526876.16,,,,2,SNEP,1.0,nom normalisé,33107753.0,provisoire_un_seul_type_disponible,,,V26,chimie,False,provisoire,,,,,,,0.2511206252382257,,,,,,,,,,,,1,1,1,0,0,1,1,1,1,1,1,1,1,apprentissage,32168026.0,haute,2018,apprentissage,True
SNEP,Chimie,2020,sociaux,759990611.93,351500000.0,221823724.57,149832157.25,,1334966281.03,,,-6239000.0,-2.0,,,,7,SNEP,1.0,nom normalisé,46627086.0,vérifié_par_impôt_du_pdf,,,V26,chimie,False,haute,,,,,0.4262650277382646,-5.689900426742532e-09,,,,,,,,,,,,,0,0,0,1,0,1,0,1,0,1,1,0,1,validation,67747018.0,haute,2021,validation,True
SNEP,Chimie,2021,sociaux,858232959.71,,171720875.92,8453.0,,1457101360.57,845000.0,202255177.48,,-2.0,,,,7,SNEP,1.0,nom normalisé,67747018.0,vérifié_par_impôt_du_pdf,,,V26,chimie,False,haute,,,,,,,0.3349581397326611,46627086.0,351500000.0,,-2.0,,759990611.93,,,0.0,,0.1292678438889043,1,0,1,0,0,1,0,1,0,1,1,0,0,validation,54076792.0,haute,2022,validation,True
SNEP,Chimie,2022,sociaux,897313231.34,,,9534.0,,,,146687.0,,,,,,3,SNEP,1.0,nom normalisé,54076792.0,vérifié_par_impôt_du_pdf,,,V26,chimie,False,haute,,,,,,,368.65429110964163,67747018.0,,202255177.48,-2.0,,858232959.71,,-0.9992747429172016,,,0.04553573850531837,1,0,1,0,1,1,0,1,1,1,1,1,1,validation,9101112.78,haute,2023,test_final,True
SNEP,Chimie,2023,sociaux,897313231.34,,,,202000000.0,,,,-14992000.0,38400000.0,,,,4,SNEP,1.0,nom normalisé,9101112.78,vérifié_par_impôt_du_pdf,,,V26,chimie,False,haute,,,,,,,,54076792.0,,146687.0,,,897313231.34,,,,,0.0,1,1,0,1,0,1,0,1,1,1,0,1,1,test_final,1625423.0,haute,2024,test_final,True
SNEP,Chimie,2024,sociaux,897313231.34,9931000.0,258619000.0,,,,7784000.0,,4214000.0,,,,,5,SNEP,1.0,nom normalisé,1625423.0,vérifié_par_impôt_du_pdf,,,V26,chimie,False,haute,,,,,,,,9101112.78,,,38400000.0,,897313231.34,,,,,0.0,0,1,0,1,1,1,0,1,0,1,1,1,0,test_final,1890698.0,haute,2025,test_final,True
SODEP-Marsa Maroc,Divers,2021,consolides,2301505000.0,3591981000.0,2641687000.0,,,3386320000.0,,,,,,,8059852000.0,5,SODEP-Marsa Maroc,1.0,nom normalisé,226745249.0,provisoire_un_seul_type_disponible,,,V26,divers,False,provisoire,,,,,,,,,,,,,,,,,,,0,1,1,1,1,1,0,1,0,0,1,0,1,validation,279988262.0,provisoire,2022,validation,True
SODEP-Marsa Maroc,Divers,2022,consolides,2685460000.0,,2365774000.0,,,3241456000.0,,,-62791000.0,,,,2023626000.0,5,SODEP-Marsa Maroc,1.0,nom normalisé,279988262.0,provisoire_un_seul_type_disponible,,,V26,divers,False,provisoire,,,,,,,,226745249.0,3591981000.0,,,,2301505000.0,,,,,0.1668277931179815,1,1,0,1,1,1,0,1,0,0,1,0,1,validation,297090781.0,provisoire,2023,test_final,True
SRM,Distributeurs,2018,sociaux,161652662.95,130919719.49,,,,,,,,-3517227.02,,,,3,Société de Réalisation Mécanique (SRM SA),1.0,alias vérifié,1781516.0,provisoire_un_seul_type_disponible,,,V26,distributeurs,False,provisoire,,,,,,-0.02686552517605001,,,,,,,,,,,,,0,1,1,1,0,1,0,1,1,1,1,1,1,apprentissage,2000256.0,provisoire,2019,apprentissage,True
SRM,Distributeurs,2019,sociaux,158135435.93,130919719.49,,,,,,,,,,,,2,Société de Réalisation Mécanique (SRM SA),1.0,alias vérifié,2000256.0,provisoire_un_seul_type_disponible,,,V26,distributeurs,False,provisoire,,,,,,,,1781516.0,130919719.49,,-3517227.02,,161652662.95,0.0,,,,-0.021757928114601352,0,1,1,1,1,1,0,1,1,1,1,1,1,apprentissage,2487418.0,provisoire,2020,validation,True
STOKVIS,Distributeurs,2018,consolides,56587000.0,,-8000.0,,,53217000.0,98370000.0,,,,,,,4,STOKVIS,1.0,nom normalisé,1674837.0,provisoire_un_seul_type_disponible,,,V26,distributeurs,False,provisoire,,,,,,,,,,,,,,,,,,,1,1,1,1,1,1,0,1,0,1,1,0,0,apprentissage,364932.0,provisoire,2019,apprentissage,True
STOKVIS,Distributeurs,2019,consolides,11081000.0,,-15000.0,,,48744000.0,97509000.0,,,,,,,4,STOKVIS,1.0,nom normalisé,364932.0,provisoire_un_seul_type_disponible,,,V26,distributeurs,False,provisoire,,,,,,,,1674837.0,,,,,56587000.0,,,,,-0.8041776379733862,1,1,1,1,1,1,0,1,0,1,1,0,0,apprentissage,279344.0,provisoire,2020,validation,True
STOKVIS,Distributeurs,2008,sociaux,91951500.0,1015924782.95,8741000.0,54871257.44,,4717306.33,,58794863.93,4038631.29,45695054.93,,,,8,STOKVIS,1.0,nom normalisé,13099809.0,provisoire_un_seul_type_disponible,,,V26,distributeurs,False,provisoire,,,,,0.054011141731051315,0.04497877765843314,0.22280532897561212,,,,,,,,,,,,0,0,0,0,0,1,0,1,0,1,1,0,1,apprentissage,10987926.0,provisoire,2009,apprentissage,True
STOKVIS,Distributeurs,2009,sociaux,271002836.27,1015924782.95,3737000.0,61462324.4,,11874381.77,,62018093.04,995584.59,51030167.04,,,,8,STOKVIS,1.0,nom normalisé,10987926.0,provisoire_un_seul_type_disponible,,,V26,distributeurs,False,provisoire,,,,,0.060498892665585204,0.05023026103548801,0.17717290973318195,13099809.0,1015924782.95,58794863.93,45695054.93,,91951500.0,0.0,0.054821610163729814,0.11675469300065025,,1.9472367092434597,0,0,0,0,0,1,0,1,0,1,1,0,1,apprentissage,4260069.0,provisoire,2010,apprentissage,True
STOKVIS,Distributeurs,2022,sociaux,,,,,,2815568.7,,-164343.5,,,,,,2,STOKVIS,1.0,nom normalisé,287432.0,vérifié_par_impôt_du_pdf,,,V26,distributeurs,False,haute,,,,,,,-1.7489709054510827,,,,,,,,,,,,1,1,1,0,1,1,1,1,1,1,1,0,1,validation,30581.0,haute,2023,test_final,True
STOKVIS,Distributeurs,2023,sociaux,-107626186.53,,24591891.35,-288.38,,21365333.57,,,4049566.76,-164343.5,,,,6,STOKVIS,1.0,nom normalisé,30581.0,vérifié_par_impôt_du_pdf,,,V26,distributeurs,False,haute,,,,,,,,287432.0,,-164343.5,,,,,,,,,1,0,0,1,0,1,0,1,0,1,1,0,1,test_final,60058.0,haute,2024,test_final,True
STOKVIS,Distributeurs,2024,sociaux,49592855.5,,4285714.61,,-19861860.03,2974402.43,,,-7093404.53,-2.0,,,,6,STOKVIS,1.0,nom normalisé,60058.0,vérifié_par_impôt_du_pdf,,,V26,distributeurs,False,haute,,,,,,,,30581.0,,,-164343.5,,-107626186.53,,,0.9999878303674925,,1.460788002427052,1,1,0,1,0,1,0,1,0,1,0,0,1,test_final,37321.0,haute,2025,test_final,True
STROC INDUSTRIE,Ingénieries et biens d'équipement industriels,2024,sociaux,-341368455.65,117669378.45,145872104.39,-13952952.65,-7814346.72,250074848.83,,-12225732.63,-1163518.7,-12577347.63,400557494.03,741925949.68,9663743.95,12,STROC INDUSTRIE,1.0,comparatif officiel du RFA 2025,351615.0,vérifié_par_impôt_du_pdf,0.0,351615.0,V26,ingenieries et biens d equipement industriels,False,haute,19.808367872296547,-0.031399606342299546,-0.8522333516107753,0.36417270070866486,-0.11857760135895407,-0.10688717655922997,-0.028760239622547673,,,,,,,,,,,,0,0,0,0,0,0,0,0,0,0,0,0,1,test_final,893044.0,haute,2025,test_final,True
Samir,Pétrole et Gaz,2007,consolides,5889630000.0,31364098000.0,4165163000.0,74000.0,,8431617000.0,53733000.0,105250000.0,68768000.0,-1356554000.0,20159315000.0,,8169000.0,10,Samir,1.0,nom normalisé,172042772.5,provisoire_un_seul_type_disponible,,,V26,petrole et gaz,False,provisoire,23.72693230144731,-0.06729167136879403,0.29215427210696393,0.20661232784943337,2.359385562435113e-06,-0.04325180976031895,1.6346106650831354,,,,,,,,,,,,0,0,0,0,0,0,0,1,0,0,1,0,0,apprentissage,105250083.0,provisoire,2008,apprentissage,True
Samir,Pétrole et Gaz,2008,consolides,,41537023000.0,5242190000.0,,,12356810000.0,387891000.0,,372575000.0,-1356554000.0,21690975000.0,,62417000.0,8,Samir,1.0,nom normalisé,105250083.0,provisoire_un_seul_type_disponible,,,V26,petrole et gaz,False,provisoire,23.8001621124116,-0.06254001952424915,,0.24167608878807892,,-0.032658912508005206,,172042772.5,31364098000.0,105250000.0,-1356554000.0,20159315000.0,5889630000.0,0.3243493563883138,,0.0,0.07597777999897318,,0,1,0,1,0,0,1,1,0,0,1,0,0,apprentissage,68008592.0,provisoire,2009,apprentissage,True
Samir,Pétrole et Gaz,2009,consolides,4056627000.0,26951183000.0,5216756000.0,,,14254607000.0,237993000.0,302607000.0,328207000.0,145899000.0,26486115000.0,,616930000.0,9,Samir,1.0,nom normalisé,68008592.0,provisoire_un_seul_type_disponible,,,V26,petrole et gaz,False,provisoire,23.999886470395996,0.00550850889230074,0.15316051448088933,0.19696191759342585,,0.005413454392706992,0.22474229611344088,105250083.0,41537023000.0,,-1356554000.0,21690975000.0,,-0.3511527535326737,,1.1075511922120314,0.22106613464816588,,0,1,0,0,0,0,0,1,0,0,1,0,0,apprentissage,93420639.0,provisoire,2010,apprentissage,True
Samir,Pétrole et Gaz,2010,consolides,4783666000.0,37030147000.0,4518670000.0,,,14706202000.0,1287437000.0,846929000.0,563700000.0,727055000.0,31135490000.0,,,8,Samir,1.0,nom normalisé,93420639.0,provisoire_un_seul_type_disponible,,,V26,petrole et gaz,False,provisoire,24.161614163094633,0.02335132673357638,0.1536402992212424,0.14512923997663116,,0.019634137558244096,0.1103051601728126,68008592.0,26951183000.0,302607000.0,145899000.0,26486115000.0,4056627000.0,0.3739711165925444,1.7987753092294627,3.9832761019609455,0.17554008959033818,0.17922254128861242,0,1,0,0,0,0,0,1,0,1,1,0,0,apprentissage,124882740.0,provisoire,2011,apprentissage,True
Samir,Pétrole et Gaz,2011,consolides,,49857591000.0,,1176451000.0,,15240555000.0,,,,,35750281000.0,,9862927000.0,5,Samir,1.0,nom normalisé,124882740.0,provisoire_un_seul_type_disponible,,,V26,petrole et gaz,False,provisoire,24.299823966223368,,,,0.02359622629982263,,,93420639.0,37030147000.0,846929000.0,727055000.0,31135490000.0,4783666000.0,0.34640543014857594,,,0.14821642440828778,,0,0,1,1,1,0,1,1,1,0,1,0,1,apprentissage,137783957.0,provisoire,2012,apprentissage,True
Sofac-Crédit,Sociétés de financement,2019,consolides,,,,36280.0,,,,,,111900000.0,,,,2,Sofac-Crédit,1.0,nom normalisé,64201000.0,vérifié_par_impôt_du_pdf,,,V26,societes de financement,False,haute,,,,,,,,,,,,,,,,,,,1,0,1,1,0,1,1,1,1,1,1,1,1,apprentissage,59314000.0,provisoire,2020,validation,True
Sofac-Crédit,Sociétés de financement,2010,sociaux,,,,,,,,,,33000.0,,,,1,Sofac-Crédit,1.0,nom normalisé,2453000.0,provisoire_un_seul_type_disponible,,,V26,societes de financement,False,provisoire,,,,,,,,,,,,,,,,,,,1,1,1,1,0,1,1,1,1,1,1,1,1,apprentissage,3583000.0,provisoire,2011,apprentissage,True
Sofac-Crédit,Sociétés de financement,2015,sociaux,,,,,,7610000.0,,,,42250000.0,,,,2,Sofac-Crédit,1.0,nom normalisé,29724000.0,provisoire_un_seul_type_disponible,,,V26,societes de financement,False,provisoire,,,,,,,,,,,,,,,,,,,1,1,1,1,0,1,1,1,1,1,1,0,1,apprentissage,42143000.0,provisoire,2016,apprentissage,True
Sofac-Crédit,Sociétés de financement,2016,sociaux,,,,,,48842000.0,,,,42250000.0,,,,2,Sofac-Crédit,1.0,nom normalisé,42143000.0,provisoire_un_seul_type_disponible,,,V26,societes de financement,False,provisoire,,,,,,,,29724000.0,,,42250000.0,,,,,0.0,,,1,1,1,1,0,1,1,1,1,1,1,0,1,apprentissage,44876000.0,provisoire,2017,apprentissage,True
Sofac-Crédit,Sociétés de financement,2021,sociaux,,,,-833000.0,,93134000.0,,,,,,,,2,Sofac-Crédit,1.0,nom normalisé,71089000.0,vérifié_par_impôt_du_pdf,,,V26,societes de financement,False,haute,,,,,,,,,,,,,,,,,,,1,0,1,1,1,1,1,1,1,1,1,0,1,validation,82875000.0,haute,2022,validation,True
Sonasid,Mines,2024,sociaux,1430165800.95,5374880003.12,0.0,220531377.72,,700342052.84,,224595740.87,14858551.65,150864565.87,4233078998.19,2802913197.24,179635163.4,11,Sonasid,1.0,comparatif officiel du RFA 2025,73731175.0,vérifié_par_impôt_du_pdf,0.0,73731175.0,V26,mines,False,haute,22.16619546100654,0.03563944021231529,0.33785473920083164,0.0,0.04103000952430312,0.02806845283660778,0.3282839412465836,,,,,,,,,,,,0,0,0,0,0,0,0,0,0,0,1,0,1,test_final,156597905.35,haute,2025,test_final,True
Sothema,Divers,2019,consolides,,1797850000.0,97953000.0,,,,1965863000.0,,,,1843632000.0,,25717000.0,5,SOTHEMA,1.0,nom normalisé,97452557.0,provisoire_un_seul_type_disponible,,,V26,divers,False,provisoire,21.335003376546723,,,0.053130451196334194,,,,,,,,,,,,,,,0,1,1,1,1,0,1,1,0,0,1,1,0,apprentissage,112633601.0,provisoire,2020,validation,True
Sothema,Divers,2020,consolides,1176707000.0,,,,,,21267000.0,,,120.0,1229643000.0,,,4,SOTHEMA,1.0,nom normalisé,112633601.0,provisoire_un_seul_type_disponible,,,V26,divers,False,provisoire,20.92998972111263,9.75893003091141e-08,0.9569501066569728,,,,,97452557.0,1797850000.0,,,1843632000.0,,,,,-0.333032297117863,,1,1,1,1,0,0,0,1,1,1,1,1,0,validation,138943676.0,provisoire,2021,validation,True
Sothema,Divers,2021,consolides,,,,2301834000.0,,213906000.0,79511000.0,,,,423000000.0,,4200.0,5,SOTHEMA,1.0,nom normalisé,138943676.0,provisoire_un_seul_type_disponible,,,V26,divers,False,provisoire,19.86288273937462,,,,,,,112633601.0,,,120.0,1229643000.0,1176707000.0,,,,-0.6559977164103727,,1,0,1,1,1,0,1,1,1,0,1,0,0,validation,132146244.0,provisoire,2022,validation,True
Sothema,Divers,2024,sociaux,1478212829.98,,292022142.9,491388258.82,533989539.97,1016544279.06,,,,,1624000000.0,,,6,SOTHEMA,1.0,nom normalisé,163205213.0,vérifié_par_impôt_du_pdf,,,V26,divers,False,haute,21.20815807930166,,0.9102295751108375,0.179816590455665,,,,,,,,,,,,,,,1,0,1,1,1,0,0,1,0,1,0,0,1,test_final,200615762.0,haute,2025,test_final,True
TAQA MOROCCO,Electricité,2024,sociaux,6478163115.43,6068100870.29,3048926525.46,801156035.23,1078500549.25,313459881.72,,1304778197.55,551231936.14,1060492555.55,11705677010.97,5227513895.54,17186219.11,12,TAQA MOROCCO,1.0,comparatif officiel du RFA 2025,244285642.0,vérifié_par_impôt_du_pdf,0.0,244285642.0,V26,electricite,False,haute,23.183339775769824,0.09059643065122651,0.5534206273895116,0.2604656289937517,0.13202747488139763,0.17476514946253985,0.1872238840737058,,,,,,,,,,,,0,0,0,0,0,0,0,0,0,0,0,0,1,test_final,232518075.0,haute,2025,test_final,True
TGCC S.A,Bâtiment et matériaux de construction,2024,sociaux,1449888650.47,6608281599.17,494448363.79,678892131.35,853590157.79,170466009.52,,583259218.64,-23501776.27,420690302.64,6658560361.81,5208671711.34,474341559.55,12,TGCC S.A,1.0,document officiel AMMC,162568916.0,vérifié_par_impôt_du_pdf,0.0,162568916.0,V26,batiment et materiaux de construction,False,haute,22.619169136392152,0.06318036929617073,0.21774806740294775,0.07425754771645471,0.10273353536194173,0.06366107380969338,0.27872498334285395,,,,,,,,,,,,0,0,0,0,0,0,0,0,0,0,0,0,1,test_final,451699378.0,haute,2025,test_final,True
TIMAR,Divers,2017,consolides,,,39310928.0,17925111.0,,,13644761.0,11437382.0,-6122659.0,6169990.0,,,27191097.0,7,TIMAR,1.0,nom normalisé,1585824.0,provisoire_un_seul_type_disponible,,,V26,divers,False,provisoire,,,,,,,0.13865270916019068,,,,,,,,,,,,1,0,0,0,0,1,1,1,0,0,1,1,0,apprentissage,1769169.0,provisoire,2018,apprentissage,True
TIMAR,Divers,2020,consolides,,,,195.555,,5880779.0,283.798,,,-400.0,,77686916.0,,5,TIMAR,1.0,nom normalisé,1343385.0,provisoire_un_seul_type_disponible,,,V26,divers,False,provisoire,,,,,,,,,,,,,,,,,,,1,0,1,1,0,1,1,0,1,1,1,0,0,validation,3445091.0,provisoire,2021,validation,True
TIMAR,Divers,2021,consolides,,,,,,,,,,-553.151,,,,1,TIMAR,1.0,nom normalisé,3445091.0,provisoire_un_seul_type_disponible,,,V26,divers,False,provisoire,,,,,,,,1343385.0,,,-400.0,,,,,-0.38287749999999987,,,1,1,1,1,0,1,1,1,1,1,1,1,1,validation,6286910.0,provisoire,2022,validation,True
TOTAL MAROC,Distributeurs,2024,sociaux,2595923623.32,18348026022.08,697106199.43,1332671876.68,1649117943.79,2214812884.4,,1310807233.5,34500952.39,844618182.5,7823328116.2,5227404492.88,1402976634.4,12,TOTAL MAROC,1.0,comparatif officiel du RFA 2025,466189051.0,vérifié_par_impôt_du_pdf,0.0,466189051.0,V26,distributeurs,False,haute,22.780375891400492,0.10796149285251425,0.33181832396170924,0.08910609258308894,0.07263298379216727,0.04603319079031101,0.3556503497125384,,,,,,,,,,,,0,0,0,0,0,0,0,0,0,0,0,0,1,test_final,444872652.0,haute,2025,test_final,True
Unimer,Agroalimentaire,2010,consolides,,,,,,,,,,3211700000.0,,,,1,Unimer,1.0,nom normalisé,10423133.0,provisoire_un_seul_type_disponible,,,V26,agroalimentaire,False,provisoire,,,,,,,,,,,,,,,,,,,1,1,1,1,0,1,1,1,1,1,1,1,1,apprentissage,9532185.0,provisoire,2011,apprentissage,True
Unimer,Agroalimentaire,2012,sociaux,,,,,,,,,,50480093.19,,,,1,Unimer,1.0,nom normalisé,8686280.0,provisoire_un_seul_type_disponible,,,V26,agroalimentaire,False,provisoire,,,,,,,,,,,,,,,,,,,1,1,1,1,0,1,1,1,1,1,1,1,1,apprentissage,18293514.0,provisoire,2013,apprentissage,True
Unimer,Agroalimentaire,2021,sociaux,,,,,,325584577700.0,,,,,,,,1,Unimer,1.0,nom normalisé,3816012.0,vérifié_par_impôt_du_pdf,,,V26,agroalimentaire,False,haute,,,,,,,,,,,,,,,,,,,1,1,1,1,1,1,1,1,1,1,1,0,1,validation,12400973.0,haute,2022,validation,True
Unimer,Agroalimentaire,2022,sociaux,,,185900070500.0,,,498632191110.0,,,,33041450.96,,,,3,Unimer,1.0,nom normalisé,12400973.0,vérifié_par_impôt_du_pdf,,,V26,agroalimentaire,False,haute,,,,,,,,3816012.0,,,,,,,,,,,1,1,1,1,0,1,1,1,0,1,1,0,1,validation,6190569.0,haute,2023,test_final,True
Unimer,Agroalimentaire,2023,sociaux,1566971375830.0,,173655305540.0,,,504315369580.0,,,,,,,,3,Unimer,1.0,nom normalisé,6190569.0,vérifié_par_impôt_du_pdf,,,V26,agroalimentaire,False,haute,,,,,,,,12400973.0,,,33041450.96,,,,,,,,1,1,1,1,1,1,0,1,0,1,1,0,1,test_final,2685482.0,haute,2024,test_final,True
Unimer,Agroalimentaire,2024,sociaux,,61000000.0,,,,,,,,,,,,1,Unimer,1.0,nom normalisé,2685482.0,vérifié_par_impôt_du_pdf,,,V26,agroalimentaire,False,haute,,,,,,,,6190569.0,,,,,1566971375830.0,,,,,,0,1,1,1,1,1,1,1,1,1,1,1,1,test_final,1828143.0,haute,2025,test_final,True
Vicenne,Santé,2024,sociaux,238848114.82,24957175.17,51612502.29,-1439719.02,528536.01,1765484.56,,51352145.71,52864855.98,51183774.71,387588897.28,148740782.46,1549944.78,12,Vicenne,1.0,comparatif officiel du RFA 2025,168371.0,vérifié_par_impôt_du_pdf,0.0,168371.0,V26,sante,False,haute,19.775455795362227,0.13205686506810355,0.6162408585389704,0.13316300506078316,-0.05768757923094707,2.0508641046654157,0.0032787529648875503,,,,,,,,,,,,0,0,0,0,0,0,0,0,0,0,0,0,1,test_final,365832.0,haute,2025,test_final,True
Wafa Assurance,Sociétés d'assurances,2022,consolides,,,,,,,,,,-29866.0,59427790000.0,,1212895000.0,3,Wafa Assurance,1.0,nom normalisé,63544712.0,provisoire_un_seul_type_disponible,,,V26,societes d assurances,False,provisoire,24.80802779904428,-5.025594927894846e-07,,,,,,,,,,,,,,,,,1,1,1,1,0,0,1,1,1,0,1,1,1,validation,175238000.0,provisoire,2023,test_final,True
Wafa Assurance,Sociétés d'assurances,2023,consolides,9232504000.0,13067306000.0,350000000.0,-5019000.0,,,30342000.0,,,,64714974000.0,,1018860000.0,7,Wafa Assurance,1.0,nom normalisé,175238000.0,provisoire_un_seul_type_disponible,,,V26,societes d assurances,False,provisoire,24.893258449094613,,0.14266410738262833,0.005408330999252198,-0.0003840883499628768,,,63544712.0,,,-29866.0,59427790000.0,,,,,0.08896820830793135,,0,0,1,1,1,0,0,1,0,0,1,1,0,test_final,278918000.0,provisoire,2024,test_final,True
Wafa Assurance,Sociétés d'assurances,2024,consolides,10980425000.0,,,,,,16345000.0,,,2066504000.0,66716873000.0,,1036590000.0,5,Wafa Assurance,1.0,nom normalisé,278918000.0,provisoire_un_seul_type_disponible,,,V26,societes d assurances,False,provisoire,24.92372372640758,0.0309742334596527,0.16458242879578605,,,,,175238000.0,13067306000.0,,,64714974000.0,9232504000.0,,,,0.03093409262591993,0.18932252831951116,1,1,1,1,0,0,0,1,1,0,1,1,0,test_final,220737000.0,provisoire,2025,test_final,True
Zellidja,Sociétés de portefeuilles holdings,2019,consolides,67324000000.0,1012000.0,91779.0,,,32992000000.0,,-43326.0,,,,,16133.0,6,Zellidja,1.0,nom normalisé,19145.0,provisoire_un_seul_type_disponible,,,V26,societes de portefeuilles holdings,False,provisoire,,,,,,,-0.4418824724184093,,,,,,,,,,,,0,1,1,0,1,1,0,1,0,0,1,0,1,apprentissage,10789.0,provisoire,2020,validation,True
Zellidja,Sociétés de portefeuilles holdings,2020,consolides,,,69785.0,-2932.0,-1700000.0,,,-25100.0,1100.0,-19839.0,75182000.0,,8330.0,8,Zellidja,1.0,nom normalisé,10789.0,provisoire_un_seul_type_disponible,,,V26,societes de portefeuilles holdings,False,provisoire,18.135422411867413,-0.00026387965204437234,,0.0009282142002074964,,,-0.4298406374501992,19145.0,1012000.0,-43326.0,,,67324000000.0,,0.4206711905091631,,,,1,0,0,0,0,0,1,1,0,0,0,1,1,validation,10251.0,provisoire,2021,validation,True
Zellidja,Sociétés de portefeuilles holdings,2021,consolides,,530600000.0,,-2932.0,-2100000.0,32992000.0,,,1100.0,-19839.0,76410000.0,,19516000.0,8,Zellidja,1.0,nom normalisé,10251.0,provisoire_un_seul_type_disponible,,,V26,societes de portefeuilles holdings,False,provisoire,18.15162414871104,-0.0002596387907341971,,,-5.5258198266113835e-06,-3.7389747455710516e-05,,10789.0,,-25100.0,-19839.0,75182000.0,,,,0.0,0.016333696895533507,,0,0,0,1,0,0,1,1,1,0,0,0,1,validation,10096.0,provisoire,2022,validation,True
Zellidja,Sociétés de portefeuilles holdings,2022,consolides,54228000.0,4400000.0,13314000.0,-1243.0,,3586000.0,,,1020.0,11100.268,88959000.0,,,8,Zellidja,1.0,nom normalisé,10096.0,provisoire_un_seul_type_disponible,,,V26,societes de portefeuilles holdings,False,provisoire,18.303686158637305,0.0001247795950943693,0.609584190469767,0.14966445216335617,-0.0002825,0.002522788181818182,,10251.0,530600000.0,,-19839.0,76410000.0,,-0.9917075009423294,,1.5595175160038308,0.16423243031016882,,0,0,0,1,0,0,0,1,0,1,1,0,1,validation,1791000.0,provisoire,2023,test_final,True
Zellidja,Sociétés de portefeuilles holdings,2023,consolides,50245000.0,6316000.0,,-1251.0,27400000.0,61452000.0,,,2250.0,4779.0,95868000.0,,,8,Zellidja,1.0,nom normalisé,1791000.0,provisoire_un_seul_type_disponible,,,V26,societes de portefeuilles holdings,False,provisoire,18.37848281368319,4.9849793466015775e-05,0.5241060625026077,,-0.000198068397720076,0.0007566497783407219,,10096.0,4400000.0,,11100.268,88959000.0,54228000.0,0.4354545454545454,,-0.5694698542413571,0.07766499173776684,-0.07344914066533893,0,0,0,1,0,0,0,1,1,1,0,0,1,test_final,5410000.0,provisoire,2024,test_final,True
Zellidja,Sociétés de portefeuilles holdings,2024,consolides,56572000.0,6793000.0,,22652000.0,-1400.0,32992000.0,,,-3638000.0,13247000.0,,,,7,Zellidja,1.0,nom normalisé,5410000.0,provisoire_un_seul_type_disponible,,,V26,societes de portefeuilles holdings,False,provisoire,,,,,3.3346091564846163,1.9500956867363461,,1791000.0,6316000.0,,4779.0,95868000.0,50245000.0,0.07552248258391386,,2770.918811466834,,0.12592297741068764,0,0,0,1,0,1,0,1,1,1,0,0,1,test_final,6170000.0,provisoire,2025,test_final,True
