societe,annee,type_rapport,url_fiche,page_liste,url_pdf,nom_fichier,taille_annoncee
LABEL VIE S.A.,2025,Rapports annuels,https://www.ammc.ma/fr/espace-emetteurs/etats-financiers/labelvie-rfa-2025,1,https://www.ammc.ma/sites/default/files/LabelVie_RFA_2025.pdf,LabelVie_RFA_2025.pdf,38.88 Mo
MANAGEM,2025,Rapports annuels,https://www.ammc.ma/fr/espace-emetteurs/etats-financiers/managem-rfa-2025,2,https://www.ammc.ma/sites/default/files/Managem_RFA_2025.pdf,Managem_RFA_2025.pdf,21.27 Mo
ATTIJARIWAFA BANK,2025,Rapports annuels,https://www.ammc.ma/fr/espace-emetteurs/etats-financiers/attijariwafa-bank-rfa-2025,2,https://www.ammc.ma/sites/default/files/AWB_RFA_2025.pdf,AWB_RFA_2025.pdf,5.99 Mo
Banque Centrale Populaire (BCP),2025,Rapports annuels,https://www.ammc.ma/fr/espace-emetteurs/etats-financiers/bcp-rfa-2025,3,https://www.ammc.ma/sites/default/files/BCP_RFA_2025_compressed.pdf,BCP_RFA_2025_compressed.pdf,11.21 Mo
COSUMAR,2025,Rapports annuels,https://www.ammc.ma/fr/espace-emetteurs/etats-financiers/cosumar-rfa-2025,4,https://www.ammc.ma/sites/default/files/Cosumar_RFA_2025.pdf,Cosumar_RFA_2025.pdf,9.71 Mo
CIMENTS DU MAROC,2025,Rapports annuels,https://www.ammc.ma/fr/espace-emetteurs/etats-financiers/ciments-du-maroc-rfa-2025,5,https://www.ammc.ma/sites/default/files/Cimar_RFA_2025.pdf,Cimar_RFA_2025.pdf,15.45 Mo
MAROC TELECOM,2025,Rapports annuels,https://www.ammc.ma/fr/espace-emetteurs/etats-financiers/maroc-telecom-rfa-2025,5,https://www.ammc.ma/sites/default/files/Maroc_Telecom_RFA_2025.pdf,Maroc_Telecom_RFA_2025.pdf,4.48 Mo
ATTIJARIWAFA BANK,2025,Rapports 1er semestre,https://www.ammc.ma/fr/espace-emetteurs/etats-financiers/attijariwafa-bank-rfs-juin-2025,6,https://www.ammc.ma/sites/default/files/AWB_S1_25_1.pdf,AWB_S1_25_1.pdf,6.82 Mo
LABEL VIE S.A.,2025,Rapports 1er semestre,https://www.ammc.ma/fr/espace-emetteurs/etats-financiers/labelvie-rfs-juin-2025,8,https://www.ammc.ma/sites/default/files/LabelVie_RFS_S1_25.pdf,LabelVie_RFS_S1_25.pdf,3.21 Mo
MANAGEM,2025,Rapports 1er semestre,https://www.ammc.ma/fr/espace-emetteurs/etats-financiers/managem-rfs-juin-2025,9,https://www.ammc.ma/sites/default/files/Managem_RFS_S1_25.pdf,Managem_RFS_S1_25.pdf,7.6 Mo
COSUMAR,2025,Rapports 1er semestre,https://www.ammc.ma/fr/espace-emetteurs/etats-financiers/cosumar-rfs-juin-2025,10,https://www.ammc.ma/sites/default/files/Cosumar_RFS_S1_25.pdf,Cosumar_RFS_S1_25.pdf,782.22 Ko
CIMENTS DU MAROC,2025,Rapports 1er semestre,https://www.ammc.ma/fr/espace-emetteurs/etats-financiers/ciments-du-maroc-rfs-juin-2025,10,https://www.ammc.ma/sites/default/files/Cimar_RFS_S1_25.pdf,Cimar_RFS_S1_25.pdf,3.68 Mo
Banque Centrale Populaire (BCP),2025,Rapports 1er semestre,https://www.ammc.ma/fr/espace-emetteurs/etats-financiers/bcp-rfs-juin-2025,11,https://www.ammc.ma/sites/default/files/BCP_S1_25_0.pdf,BCP_S1_25_0.pdf,2.94 Mo
MAROC TELECOM,2025,Rapports 1er semestre,https://www.ammc.ma/fr/espace-emetteurs/etats-financiers/maroc-telecom-rfs-juin-2025,11,https://www.ammc.ma/sites/default/files/Maroc_Telecom_RFS_2025_0.pdf,Maroc_Telecom_RFS_2025_0.pdf,3.21 Mo
LABEL VIE S.A.,2024,Rapports annuels,https://www.ammc.ma/fr/espace-emetteurs/etats-financiers/labelvie-rfa-2024,12,https://www.ammc.ma/sites/default/files/LabelVie_RFA_2024.pdf,LabelVie_RFA_2024.pdf,23.93 Mo
MANAGEM,2024,Rapports annuels,https://www.ammc.ma/fr/espace-emetteurs/etats-financiers/managem-rfa-2024,13,https://www.ammc.ma/sites/default/files/Managem_RFA_2024.pdf,Managem_RFA_2024.pdf,13.13 Mo
COSUMAR,2024,Rapports annuels,https://www.ammc.ma/fr/espace-emetteurs/etats-financiers/cosumar-rfa-2024,15,https://www.ammc.ma/sites/default/files/COSUMAR_RFA_2024.pdf,COSUMAR_RFA_2024.pdf,21.63 Mo
Banque Centrale Populaire (BCP),2024,Rapports annuels,https://www.ammc.ma/fr/espace-emetteurs/etats-financiers/bcp-rfa-2024,16,https://www.ammc.ma/sites/default/files/BCP_RFA_2024.pdf,BCP_RFA_2024.pdf,6.22 Mo
CIMENTS DU MAROC,2024,Rapports annuels,https://www.ammc.ma/fr/espace-emetteurs/etats-financiers/ciments-du-maroc-rfa-2024,16,https://www.ammc.ma/sites/default/files/Cimar_RFA_2024.pdf,Cimar_RFA_2024.pdf,14.05 Mo
ATTIJARIWAFA BANK,2024,Rapports annuels,https://www.ammc.ma/fr/espace-emetteurs/etats-financiers/attijariwafa-bank-rfa-2024,17,https://www.ammc.ma/sites/default/files/AWB_RFA_2024_1.pdf,AWB_RFA_2024_1.pdf,5.61 Mo
MAROC TELECOM,2024,Rapports annuels,https://www.ammc.ma/fr/espace-emetteurs/etats-financiers/maroc-telecom-rfa-2024,17,https://www.ammc.ma/sites/default/files/Maroc_Telecom_RFA_2024.pdf,Maroc_Telecom_RFA_2024.pdf,4.47 Mo
CIMENTS DU MAROC,2024,Rapports 1er semestre,https://www.ammc.ma/fr/espace-emetteurs/etats-financiers/ciments-du-maroc-rfs-juin-2024,19,https://www.ammc.ma/sites/default/files/Cimar_RFS_S1_24.pdf,Cimar_RFS_S1_24.pdf,3.49 Mo
Banque Centrale Populaire (BCP),2024,Rapports 1er semestre,https://www.ammc.ma/fr/espace-emetteurs/etats-financiers/bcp-rfs-juin-2024,19,https://www.ammc.ma/sites/default/files/BCP_RFS_juin_2024.pdf,BCP_RFS_juin_2024.pdf,1.86 Mo
MANAGEM,2024,Rapports 1er semestre,https://www.ammc.ma/fr/espace-emetteurs/etats-financiers/managem-rfs-juin-2024,21,https://www.ammc.ma/sites/default/files/Managem%20-S1-2024.pdf,Managem -S1-2024.pdf,1.87 Mo
COSUMAR,2024,Rapports 1er semestre,https://www.ammc.ma/fr/espace-emetteurs/etats-financiers/cosumar-rfs-juin-2024,21,https://www.ammc.ma/sites/default/files/Cosumar-S1-2024.pdf,Cosumar-S1-2024.pdf,2.41 Mo
LABEL VIE S.A.,2024,Rapports 1er semestre,https://www.ammc.ma/fr/espace-emetteurs/etats-financiers/labelvie-rfs-juin-2024,22,https://www.ammc.ma/sites/default/files/Label%27Vie_RFS_juin_2024.pdf,Label'Vie_RFS_juin_2024.pdf,8.33 Mo
ATTIJARIWAFA BANK,2024,Rapports 1er semestre,https://www.ammc.ma/fr/espace-emetteurs/etats-financiers/attijariwafa-bank-rfs-juin-2024,23,https://www.ammc.ma/sites/default/files/AWB_S1_24_0.pdf,AWB_S1_24_0.pdf,1.51 Mo
MAROC TELECOM,2024,Rapports 1er semestre,https://www.ammc.ma/fr/espace-emetteurs/etats-financiers/maroc-telecom-rfs-juin-2024,23,https://www.ammc.ma/sites/default/files/Maroc_Telecom_Rapport_financier_semetriel_2024.pdf,Maroc_Telecom_Rapport_financier_semetriel_2024.pdf,3.49 Mo
LABEL VIE S.A.,2023,Rapports annuels,https://www.ammc.ma/fr/espace-emetteurs/etats-financiers/labelvie-rfa-2023,25,https://www.ammc.ma/sites/default/files/LabelVie_RFA_2023.pdf,LabelVie_RFA_2023.pdf,10.61 Mo
Banque Centrale Populaire (BCP),2023,Rapports annuels,https://www.ammc.ma/fr/espace-emetteurs/etats-financiers/bcp-rfa-2023,26,https://www.ammc.ma/sites/default/files/BCP_RFA_2023_1.pdf,BCP_RFA_2023_1.pdf,6.45 Mo
ATTIJARIWAFA BANK,2023,Rapports annuels,https://www.ammc.ma/fr/espace-emetteurs/etats-financiers/attijariwafa-bank-rfa-2023,26,https://www.ammc.ma/sites/default/files/AWB_RFA_2023.pdf,AWB_RFA_2023.pdf,4.24 Mo
MANAGEM,2023,Rapports annuels,https://www.ammc.ma/fr/espace-emetteurs/etats-financiers/managem-rfa-2023,27,https://www.ammc.ma/sites/default/files/Managem_RFA_2023.pdf,Managem_RFA_2023.pdf,13.06 Mo
COSUMAR,2023,Rapports annuels,https://www.ammc.ma/fr/espace-emetteurs/etats-financiers/cosumar-rfa-2023,28,https://www.ammc.ma/sites/default/files/COSUMAR%20RFA%202023.pdf,COSUMAR RFA 2023.pdf,13.82 Mo
CIMENTS DU MAROC,2023,Rapports annuels,https://www.ammc.ma/fr/espace-emetteurs/etats-financiers/ciments-du-maroc-rfa-2023,29,https://www.ammc.ma/sites/default/files/Cimar_RFA_2023.pdf,Cimar_RFA_2023.pdf,16.98 Mo
MAROC TELECOM,2023,Rapports annuels,https://www.ammc.ma/fr/espace-emetteurs/etats-financiers/maroc-telecom-rfa-2023,29,https://www.ammc.ma/sites/default/files/Maroc_Telecom_Document_enregistrement_universel_2023.pdf,Maroc_Telecom_Document_enregistrement_universel_2023.pdf,4.65 Mo
Banque Centrale Populaire (BCP),2023,Rapports 1er semestre,https://www.ammc.ma/fr/espace-emetteurs/etats-financiers/bcp-rfs-juin-2023,30,https://www.ammc.ma/sites/default/files/BCP_S1_23_0.PDF,BCP_S1_23_0.PDF,3.06 Mo
ATTIJARIWAFA BANK,2023,Rapports 1er semestre,https://www.ammc.ma/fr/espace-emetteurs/etats-financiers/attijariwafa-bank-rfs-juin-2023,32,https://www.ammc.ma/sites/default/files/AWB_S1_2023_0.pdf,AWB_S1_2023_0.pdf,19.7 Mo
CIMENTS DU MAROC,2023,Rapports 1er semestre,https://www.ammc.ma/fr/espace-emetteurs/etats-financiers/ciments-du-maroc-rfs-juin-2023,33,https://www.ammc.ma/sites/default/files/Cimar_RFS_2023.pdf,Cimar_RFS_2023.pdf,3.76 Mo
MANAGEM,2023,Rapports 1er semestre,https://www.ammc.ma/fr/espace-emetteurs/etats-financiers/managem-rfs-juin-2023,33,https://www.ammc.ma/sites/default/files/Managem_RFS_S1_23.pdf,Managem_RFS_S1_23.pdf,1016.31 Ko
COSUMAR,2023,Rapports 1er semestre,https://www.ammc.ma/fr/espace-emetteurs/etats-financiers/cosumar-rfs-juin-2023,34,https://www.ammc.ma/sites/default/files/Cosumar_RFS_juin_2023.pdf,Cosumar_RFS_juin_2023.pdf,1.01 Mo
LABEL VIE S.A.,2023,Rapports 1er semestre,https://www.ammc.ma/fr/espace-emetteurs/etats-financiers/labelvie-rfs-juin-2023,35,https://www.ammc.ma/sites/default/files/LabelVie_RFS_2023_0.pdf,LabelVie_RFS_2023_0.pdf,2.02 Mo
MAROC TELECOM,2023,Rapports 1er semestre,https://www.ammc.ma/fr/espace-emetteurs/etats-financiers/maroc-telecom-rfs-juin-2023,36,https://www.ammc.ma/sites/default/files/Maroc_Telecom_RFS_2023.pdf,Maroc_Telecom_RFS_2023.pdf,3.33 Mo
MANAGEM,2022,Rapports annuels,https://www.ammc.ma/fr/espace-emetteurs/etats-financiers/managem-rfa-2022,37,https://www.ammc.ma/sites/default/files/Managem_RFA_2022.pdf,Managem_RFA_2022.pdf,7.79 Mo
LABEL VIE S.A.,2022,Rapports annuels,https://www.ammc.ma/fr/espace-emetteurs/etats-financiers/labelvie-rfa-2022,37,https://www.ammc.ma/sites/default/files/LBV-Rapport-Financier-Annuel-2022.pdf,LBV-Rapport-Financier-Annuel-2022.pdf,14.27 Mo
COSUMAR,2022,Rapports annuels,https://www.ammc.ma/fr/espace-emetteurs/etats-financiers/cosumar-rfa-2022,38,https://www.ammc.ma/sites/default/files/Cosumar_RFA_2022.pdf,Cosumar_RFA_2022.pdf,10.39 Mo
CIMENTS DU MAROC,2022,Rapports annuels,https://www.ammc.ma/fr/espace-emetteurs/etats-financiers/ciments-du-maroc-rfa-2022,38,https://www.ammc.ma/sites/default/files/CIMAR%20RFA%202022.pdf,CIMAR RFA 2022.pdf,15.62 Mo
Banque Centrale Populaire (BCP),2022,Rapports annuels,https://www.ammc.ma/fr/espace-emetteurs/etats-financiers/bcp-rfa-2022,38,https://www.ammc.ma/sites/default/files/BCP%20RFA%202022.pdf,BCP RFA 2022.pdf,12.46 Mo
ATTIJARIWAFA BANK,2022,Rapports annuels,https://www.ammc.ma/fr/espace-emetteurs/etats-financiers/attijariwafa-bank-rfa-2022,41,https://www.ammc.ma/sites/default/files/AWB_RFA_2022_0.pdf,AWB_RFA_2022_0.pdf,4.93 Mo
MAROC TELECOM,2022,Rapports annuels,https://www.ammc.ma/fr/espace-emetteurs/etats-financiers/maroc-telecom-rfa-2022,42,https://www.ammc.ma/sites/default/files/Maroc_Telecom_document_enregistrement_universel_2022.pdf,Maroc_Telecom_document_enregistrement_universel_2022.pdf,4.3 Mo
COSUMAR,2022,Rapports 1er semestre,https://www.ammc.ma/fr/espace-emetteurs/etats-financiers/cosumar-rfs-juin-2022,45,https://www.ammc.ma/sites/default/files/Cosumar_RFS_juin_22.pdf,Cosumar_RFS_juin_22.pdf,372.03 Ko
CIMENTS DU MAROC,2022,Rapports 1er semestre,https://www.ammc.ma/fr/espace-emetteurs/etats-financiers/ciments-du-maroc-rfs-juin-2022,46,https://www.ammc.ma/sites/default/files/Cimar_RFS_juin_22_0.pdf,Cimar_RFS_juin_22_0.pdf,5.84 Mo
MANAGEM,2022,Rapports 1er semestre,https://www.ammc.ma/fr/espace-emetteurs/etats-financiers/managem-rfs-juin-2022,46,https://www.ammc.ma/sites/default/files/Managem_RFS_juin_22.pdf,Managem_RFS_juin_22.pdf,4.01 Mo
ATTIJARIWAFA BANK,2022,Rapports 1er semestre,https://www.ammc.ma/fr/espace-emetteurs/etats-financiers/attijariwafa-bank-rfs-juin-2022,47,https://www.ammc.ma/sites/default/files/AWB_S1_22_0.pdf,AWB_S1_22_0.pdf,1.44 Mo
Banque Centrale Populaire (BCP),2022,Rapports 1er semestre,https://www.ammc.ma/fr/espace-emetteurs/etats-financiers/bcp-rfs-juin-2022,47,https://www.ammc.ma/sites/default/files/BCP_S1_22_0.pdf,BCP_S1_22_0.pdf,2.07 Mo
MAROC TELECOM,2022,Rapports 1er semestre,https://www.ammc.ma/fr/espace-emetteurs/etats-financiers/maroc-telecom-rfs-juin-2022,48,https://www.ammc.ma/sites/default/files/Maroc%20Telecom_RFS_juin_2022.pdf,Maroc Telecom_RFS_juin_2022.pdf,3.51 Mo
MANAGEM,2021,Rapports annuels,https://www.ammc.ma/fr/espace-emetteurs/etats-financiers/managem-rfa-2021,51,https://www.ammc.ma/sites/default/files/Managem_RFA_2021.pdf,Managem_RFA_2021.pdf,8.44 Mo
COSUMAR,2021,Rapports annuels,https://www.ammc.ma/fr/espace-emetteurs/etats-financiers/cosumar-rfa-2021,51,https://www.ammc.ma/sites/default/files/Cosumar_RFA_2021.pdf,Cosumar_RFA_2021.pdf,8.37 Mo
Banque Centrale Populaire (BCP),2021,Rapports annuels,https://www.ammc.ma/fr/espace-emetteurs/etats-financiers/bcp-rfa-2021,51,https://www.ammc.ma/sites/default/files/BCP_RFA_2021.pdf,BCP_RFA_2021.pdf,8.83 Mo
ATTIJARIWAFA BANK,2021,Rapports annuels,https://www.ammc.ma/fr/espace-emetteurs/etats-financiers/attijariwafa-bank-rfa-2021,52,https://www.ammc.ma/sites/default/files/AWB_RFA_2021_def.pdf,AWB_RFA_2021_def.pdf,7.4 Mo
LABEL VIE S.A.,2021,Rapports annuels,https://www.ammc.ma/fr/espace-emetteurs/etats-financiers/label-vie-rfa-2021,52,https://www.ammc.ma/sites/default/files/Rapport-Financier-Annuel-Label-Vie-2021_1.pdf,Rapport-Financier-Annuel-Label-Vie-2021_1.pdf,16.26 Mo
CIMENTS DU MAROC,2021,Rapports annuels,https://www.ammc.ma/fr/espace-emetteurs/etats-financiers/ciments-du-maroc-rfa-2021,52,https://www.ammc.ma/sites/default/files/Cimar_RFA_2021.pdf,Cimar_RFA_2021.pdf,16.8 Mo
MAROC TELECOM,2021,Rapports annuels,https://www.ammc.ma/fr/espace-emetteurs/etats-financiers/maroc-telecom-rfa-2021,54,https://www.ammc.ma/sites/default/files/Maroc_Telecom_Document_Enregistrement_universel_2021.pdf,Maroc_Telecom_Document_Enregistrement_universel_2021.pdf,4.63 Mo
LABEL VIE S.A.,2021,Rapports 1er semestre,https://www.ammc.ma/fr/espace-emetteurs/etats-financiers/labelvie-rapport-financier-semestriel-2021,56,https://www.ammc.ma/sites/default/files/Labelvie_RFS_2021.pdf,Labelvie_RFS_2021.pdf,1.84 Mo
MANAGEM,2021,Rapports 1er semestre,https://www.ammc.ma/fr/espace-emetteurs/etats-financiers/managem-rfs-juin-2021,56,https://www.ammc.ma/sites/default/files/MANAGEM_RFS_JUIN_2021.pdf,MANAGEM_RFS_JUIN_2021.pdf,2.27 Mo
COSUMAR,2021,Rapports 1er semestre,https://www.ammc.ma/fr/espace-emetteurs/etats-financiers/cosumar-rapport-financier-semestriel-2021,57,https://www.ammc.ma/sites/default/files/RFS-Cosumar-2021.pdf,RFS-Cosumar-2021.pdf,872 Ko
ATTIJARIWAFA BANK,2021,Rapports 1er semestre,https://www.ammc.ma/fr/espace-emetteurs/etats-financiers/attijariwafa-bank-rfs-juin-2021,57,https://www.ammc.ma/sites/default/files/ATW_RFS_juin_2021.pdf,ATW_RFS_juin_2021.pdf,585.61 Ko
Banque Centrale Populaire (BCP),2021,Rapports 1er semestre,https://www.ammc.ma/fr/espace-emetteurs/etats-financiers/bcp-rfs-juin-2021,58,https://www.ammc.ma/sites/default/files/BCP_RFS_21.pdf,BCP_RFS_21.pdf,2.15 Mo
CIMENTS DU MAROC,2021,Rapports 1er semestre,https://www.ammc.ma/fr/espace-emetteurs/etats-financiers/ciments-du-maroc-rfs-juin-2021,58,https://www.ammc.ma/sites/default/files/Ciment_du_maroc_RFS_S1_2021.pdf,Ciment_du_maroc_RFS_S1_2021.pdf,5.97 Mo
MAROC TELECOM,2021,Rapports 1er semestre,https://www.ammc.ma/fr/espace-emetteurs/etats-financiers/maroc-telecom-rfs-2021,60,https://www.ammc.ma/sites/default/files/Maroc_Telecom_RFS_S1_21.pdf,Maroc_Telecom_RFS_S1_21.pdf,2.76 Mo
CIMENTS DU MAROC,2020,Rapports annuels,https://www.ammc.ma/fr/espace-emetteurs/etats-financiers/cimar-rfa-2020,60,https://www.ammc.ma/sites/default/files/CIMAR_Rapport%20Financier%20Annuel.pdf,CIMAR_Rapport Financier Annuel.pdf,15.54 Mo
LABEL VIE S.A.,2020,Rapports annuels,https://www.ammc.ma/fr/espace-emetteurs/etats-financiers/label-vie-sa-rfa-2020,61,https://www.ammc.ma/sites/default/files/RFA%202020%20_%20LabelVieSA.pdf,RFA 2020 _ LabelVieSA.pdf,45.41 Mo
MANAGEM,2020,Rapports annuels,https://www.ammc.ma/fr/espace-emetteurs/etats-financiers/managem-rfa-2020,62,https://www.ammc.ma/sites/default/files/Managem_RFA_2020.pdf,Managem_RFA_2020.pdf,10.42 Mo
ATTIJARIWAFA BANK,2020,Rapports annuels,https://www.ammc.ma/fr/espace-emetteurs/etats-financiers/attijariwafa-bank-rfa-2020,63,https://www.ammc.ma/sites/default/files/ATW_RFA_2020_0.pdf,ATW_RFA_2020_0.pdf,4.42 Mo
Banque Centrale Populaire (BCP),2020,Rapports annuels,https://www.ammc.ma/fr/espace-emetteurs/etats-financiers/bcp-rfa-2020,63,https://www.ammc.ma/sites/default/files/BCP_RFA_2020.pdf,BCP_RFA_2020.pdf,34.46 Mo
COSUMAR,2020,Rapports annuels,https://www.ammc.ma/fr/espace-emetteurs/etats-financiers/cosumar-rfa-2020,65,https://www.ammc.ma/sites/default/files/Cosumar_RFA%202020.pdf,Cosumar_RFA 2020.pdf,5.36 Mo
MAROC TELECOM,2020,Rapports annuels,https://www.ammc.ma/fr/espace-emetteurs/etats-financiers/maroc-telecom-rfa-2020,65,https://www.ammc.ma/sites/default/files/Maroc_Telecom_doc_enregistrement_universel_2020.pdf,Maroc_Telecom_doc_enregistrement_universel_2020.pdf,4.66 Mo
MAROC TELECOM,2020,Rapports consolidés 1er semestre,https://www.ammc.ma/fr/espace-emetteurs/etats-financiers/maroc-telecom-rfs-2020-0,67,https://www.ammc.ma/sites/default/files/IAM_RFS_S1_2020_0.pdf,IAM_RFS_S1_2020_0.pdf,156.07 Ko
MAROC TELECOM,2020,Rapports sociaux 1er semestre,https://www.ammc.ma/fr/espace-emetteurs/etats-financiers/maroc-telecom-rfs-2020,67,https://www.ammc.ma/sites/default/files/IAM_RFS_S1_2020.pdf,IAM_RFS_S1_2020.pdf,156.07 Ko
ATTIJARIWAFA BANK,2020,Rapports 1er semestre,https://www.ammc.ma/fr/espace-emetteurs/etats-financiers/attijariwa-bank-rfs-juin-2020-0,70,https://www.ammc.ma/sites/default/files/AWB_S1_20_0%20%281%29.pdf,AWB_S1_20_0 (1).pdf,1.39 Mo
ATTIJARIWAFA BANK,2020,Rapports 1er semestre,https://www.ammc.ma/fr/espace-emetteurs/etats-financiers/attijariwa-bank-rfs-juin-2020,70,https://www.ammc.ma/sites/default/files/AWB_S1_20_0.pdf,AWB_S1_20_0.pdf,1.39 Mo
LABEL VIE S.A.,2020,Rapports sociaux 1er semestre,https://www.ammc.ma/fr/espace-emetteurs/etats-financiers/lablevie-rfs-juin-2020,70,https://www.ammc.ma/sites/default/files/LabelVie_RFS_2019.pdf,LabelVie_RFS_2019.pdf,1.2 Mo
MANAGEM,2020,Rapports sociaux 1er semestre,https://www.ammc.ma/fr/espace-emetteurs/etats-financiers/managem-rfs-juin-2020,71,https://www.ammc.ma/sites/default/files/Manage_RFS_juin_2020.pdf,Manage_RFS_juin_2020.pdf,2.14 Mo
COSUMAR,2020,Rapports 1er semestre,https://www.ammc.ma/fr/espace-emetteurs/etats-financiers/cosumar-rfs-juin-2020,71,https://www.ammc.ma/sites/default/files/Cosumar_RFS_juin_2020.pdf,Cosumar_RFS_juin_2020.pdf,4.54 Mo
CIMENTS DU MAROC,2020,Rapports 1er semestre,https://www.ammc.ma/fr/espace-emetteurs/etats-financiers/ciments-du-maroc-rfs-juin-2020,72,https://www.ammc.ma/sites/default/files/Cimar_RFS_juin_2020.pdf,Cimar_RFS_juin_2020.pdf,2.1 Mo
Banque Centrale Populaire (BCP),2020,Rapports consolidés 1er semestre,https://www.ammc.ma/fr/espace-emetteurs/etats-financiers/bcp-rfs-juin-2020-0,73,https://www.ammc.ma/sites/default/files/BCP_RFS_juin_2020_0.pdf,BCP_RFS_juin_2020_0.pdf,2.73 Mo
Banque Centrale Populaire (BCP),2020,Rapports 1er semestre,https://www.ammc.ma/fr/espace-emetteurs/etats-financiers/bcp-rfs-juin-2020,73,https://www.ammc.ma/sites/default/files/BCP_RFS_juin_2020.pdf,BCP_RFS_juin_2020.pdf,2.73 Mo
Banque Centrale Populaire (BCP),2019,Rapports sociaux 1er semestre,https://www.ammc.ma/fr/espace-emetteurs/etats-financiers/bcp-rfs-2019,74,,,
COSUMAR,2019,Rapports consolidés annuels,https://www.ammc.ma/fr/espace-emetteurs/etats-financiers/cosumar-rfa-2019-0,74,https://www.ammc.ma/sites/default/files/Cosumar_RFA_2019.pdf,Cosumar_RFA_2019.pdf,156.06 Ko
COSUMAR,2019,Rapports sociaux annuels,https://www.ammc.ma/fr/espace-emetteurs/etats-financiers/cosumar-rfa-2019,75,https://www.ammc.ma/sites/default/files/Cosumar_RFA_2019_0.pdf,Cosumar_RFA_2019_0.pdf,156.06 Ko
Banque Centrale Populaire (BCP),2019,Rapports consolidés annuels,https://www.ammc.ma/fr/espace-emetteurs/etats-financiers/bcp-rfa-2019-0,75,,,
Banque Centrale Populaire (BCP),2019,Rapports sociaux annuels,https://www.ammc.ma/fr/espace-emetteurs/etats-financiers/bcp-rfa-2019,76,,,
LABEL VIE S.A.,2019,Rapports sociaux annuels,https://www.ammc.ma/fr/espace-emetteurs/etats-financiers/labelvie-rfa-2019,77,https://www.ammc.ma/sites/default/files/Labelvie_RFA2019_0.pdf,Labelvie_RFA2019_0.pdf,156.02 Ko
Banque Centrale Populaire (BCP),2019,Rapports consolidés 1er semestre,https://www.ammc.ma/fr/espace-emetteurs/etats-financiers/bcp-rfs-2019-0,77,,,
MAROC TELECOM,2019,Rapports consolidés annuels,https://www.ammc.ma/fr/espace-emetteurs/etats-financiers/maroc-telecom-rfa-2019-0,78,https://www.ammc.ma/sites/default/files/IAM_RFA_2019_0.pdf,IAM_RFA_2019_0.pdf,3.21 Mo
MAROC TELECOM,2019,Rapports sociaux annuels,https://www.ammc.ma/fr/espace-emetteurs/etats-financiers/maroc-telecom-rfa-2019,78,https://www.ammc.ma/sites/default/files/IAM_RFA_2019.pdf,IAM_RFA_2019.pdf,3.21 Mo
ATTIJARIWAFA BANK,2019,Rapports annuels,https://www.ammc.ma/fr/espace-emetteurs/etats-financiers/attijariwafa-bank-rfa-2019,79,https://www.ammc.ma/sites/default/files/AWB_RFA_2019_0.pdf,AWB_RFA_2019_0.pdf,12.24 Mo
ATTIJARIWAFA BANK,2019,Rapports sociaux annuels,https://www.ammc.ma/fr/espace-emetteurs/etats-financiers/attijariwafa-bank-rfa-2019-0,79,https://www.ammc.ma/sites/default/files/AWB_RFA_2019.pdf,AWB_RFA_2019.pdf,12.24 Mo
CIMENTS DU MAROC,2019,Rapports sociaux annuels,https://www.ammc.ma/fr/espace-emetteurs/etats-financiers/ciments-du-maroc-rfa-2019-1,80,https://www.ammc.ma/sites/default/files/Cimar_RFA_2019_1.pdf,Cimar_RFA_2019_1.pdf,16.63 Mo
CIMENTS DU MAROC,2019,Rapports consolidés annuels,https://www.ammc.ma/fr/espace-emetteurs/etats-financiers/ciments-du-maroc-rfa-2019-0,80,https://www.ammc.ma/sites/default/files/Cimar_RFA_2019_0.pdf,Cimar_RFA_2019_0.pdf,16.63 Mo
MANAGEM,2019,Rapports sociaux annuels,https://www.ammc.ma/fr/espace-emetteurs/etats-financiers/managem-rfa-2019,81,https://www.ammc.ma/sites/default/files/Managem_RFA_2019.pdf,Managem_RFA_2019.pdf,6.86 Mo
MANAGEM,2019,Rapports consolidés annuels,https://www.ammc.ma/fr/espace-emetteurs/etats-financiers/managem-45,83,https://www.ammc.ma/sites/default/files/Managem_2019_0.pdf,Managem_2019_0.pdf,212.25 Ko
CIMENTS DU MAROC,2019,Rapports sociaux annuels,https://www.ammc.ma/fr/espace-emetteurs/etats-financiers/ciments-du-maroc-31,84,https://www.ammc.ma/sites/default/files/Cimar_2019_0.pdf,Cimar_2019_0.pdf,2.18 Mo
MAROC TELECOM,2019,Rapports consolidés 1er semestre,https://www.ammc.ma/fr/espace-emetteurs/etats-financiers/maroc-telecom-28,84,,,
ATTIJARIWAFA BANK,2019,Rapports consolidés annuels,https://www.ammc.ma/fr/espace-emetteurs/etats-financiers/attijariwafa-bank-29,85,https://www.ammc.ma/sites/default/files/AWB_conso_2019.pdf,AWB_conso_2019.pdf,11.47 Ko
MAROC TELECOM,2019,Rapports sociaux 1er semestre,https://www.ammc.ma/fr/espace-emetteurs/etats-financiers/maroc-telecom-27,85,,,
ATTIJARIWAFA BANK,2019,Rapports sociaux annuels,https://www.ammc.ma/fr/espace-emetteurs/etats-financiers/attijariwafa-bank-28,85,https://www.ammc.ma/sites/default/files/AWB_2019.pdf,AWB_2019.pdf,11.46 Ko
ATTIJARIWAFA BANK,2019,Rapports sociaux annuels,https://www.ammc.ma/fr/espace-emetteurs/etats-financiers/attijariwafa-bank-28,86,https://www.ammc.ma/sites/default/files/AWB_2019.pdf,AWB_2019.pdf,11.46 Ko
LABEL VIE S.A.,2019,Rapports consolidés annuels,https://www.ammc.ma/fr/espace-emetteurs/etats-financiers/labelvie-38,87,https://www.ammc.ma/sites/default/files/Labelvie_2019_0.pdf,Labelvie_2019_0.pdf,11.49 Ko
MANAGEM,2019,Rapports sociaux 1er semestre,https://www.ammc.ma/fr/espace-emetteurs/etats-financiers/managem-43,89,https://www.ammc.ma/sites/default/files/Managem_S1_19.pdf,Managem_S1_19.pdf,5.2 Mo
COSUMAR,2019,Rapports consolidés 1er semestre,https://www.ammc.ma/fr/espace-emetteurs/etats-financiers/cosumar-38,89,https://www.ammc.ma/sites/default/files/Cosumar_conso_S1_19.pdf,Cosumar_conso_S1_19.pdf,5.2 Mo
COSUMAR,2019,Rapports sociaux 1er semestre,https://www.ammc.ma/fr/espace-emetteurs/etats-financiers/cosumar-37,89,https://www.ammc.ma/sites/default/files/Cosumar_S1_19.pdf,Cosumar_S1_19.pdf,5.2 Mo
MANAGEM,2019,Rapports consolidés 1er semestre,https://www.ammc.ma/fr/espace-emetteurs/etats-financiers/managem-44,90,https://www.ammc.ma/sites/default/files/Managem_conso_S1_19.pdf,Managem_conso_S1_19.pdf,5.2 Mo
ATTIJARIWAFA BANK,2019,Rapports sociaux 1er semestre,https://www.ammc.ma/fr/espace-emetteurs/etats-financiers/attijariwafa-bank-24,92,https://www.ammc.ma/sites/default/files/AWB_S1_19.pdf,AWB_S1_19.pdf,5.2 Mo
Banque Centrale Populaire (BCP),2019,Rapports sociaux 1er semestre,https://www.ammc.ma/fr/espace-emetteurs/etats-financiers/bcp-32,92,,,
Banque Centrale Populaire (BCP),2019,Rapports sociaux 1er semestre,https://www.ammc.ma/fr/espace-emetteurs/etats-financiers/bcp-32,93,,,
LABEL VIE S.A.,2019,Rapports consolidés 1er semestre,https://www.ammc.ma/fr/espace-emetteurs/etats-financiers/labelvie-37,93,https://www.ammc.ma/sites/default/files/Label_Vie_conso_S1_19.pdf,Label_Vie_conso_S1_19.pdf,5.2 Mo
CIMENTS DU MAROC,2019,Rapports consolidés 1er semestre,https://www.ammc.ma/fr/espace-emetteurs/etats-financiers/ciments-du-maroc-30,93,,,
Banque Centrale Populaire (BCP),2019,Rapports sociaux 1er semestre,https://www.ammc.ma/fr/espace-emetteurs/etats-financiers/bcp-32,94,,,
LABEL VIE S.A.,2019,Rapports consolidés 1er semestre,https://www.ammc.ma/fr/espace-emetteurs/etats-financiers/labelvie-37,94,https://www.ammc.ma/sites/default/files/Label_Vie_conso_S1_19.pdf,Label_Vie_conso_S1_19.pdf,5.2 Mo
CIMENTS DU MAROC,2019,Rapports consolidés 1er semestre,https://www.ammc.ma/fr/espace-emetteurs/etats-financiers/ciments-du-maroc-30,94,,,
CIMENTS DU MAROC,2019,Rapports sociaux 1er semestre,https://www.ammc.ma/fr/espace-emetteurs/etats-financiers/ciments-du-maroc-29,95,,,
LABEL VIE S.A.,2018,Rapports consolidés annuels,https://www.ammc.ma/fr/espace-emetteurs/etats-financiers/labelvie-33,99,https://www.ammc.ma/sites/default/files/LabelVie_conso_2018.pdf,LabelVie_conso_2018.pdf,5.2 Mo
COSUMAR,2018,Rapports sociaux annuels,https://www.ammc.ma/fr/espace-emetteurs/etats-financiers/cosumar-35,99,https://www.ammc.ma/sites/default/files/Cosumar_2018.pdf,Cosumar_2018.pdf,5.2 Mo
LABEL VIE S.A.,2018,Rapports consolidés annuels,https://www.ammc.ma/fr/espace-emetteurs/etats-financiers/labelvie-33,100,https://www.ammc.ma/sites/default/files/LabelVie_conso_2018.pdf,LabelVie_conso_2018.pdf,5.2 Mo
COSUMAR,2018,Rapports sociaux annuels,https://www.ammc.ma/fr/espace-emetteurs/etats-financiers/cosumar-35,100,https://www.ammc.ma/sites/default/files/Cosumar_2018.pdf,Cosumar_2018.pdf,5.2 Mo
MANAGEM,2018,Rapports sociaux 2eme semestre,https://www.ammc.ma/fr/espace-emetteurs/etats-financiers/managem-40,104,https://www.ammc.ma/sites/default/files/Managem_S2_18.pdf,Managem_S2_18.pdf,5.2 Mo
CIMENTS DU MAROC,2018,Rapports consolidés annuels,https://www.ammc.ma/fr/espace-emetteurs/etats-financiers/ciments-du-maroc-28,104,,,
MANAGEM,2018,Rapports consolidés annuels,https://www.ammc.ma/fr/espace-emetteurs/etats-financiers/managem-42,104,https://www.ammc.ma/sites/default/files/Managem_conso_2018.pdf,Managem_conso_2018.pdf,5.2 Mo
MANAGEM,2018,Rapports consolidés annuels,https://www.ammc.ma/fr/espace-emetteurs/etats-financiers/managem-42,106,https://www.ammc.ma/sites/default/files/Managem_conso_2018.pdf,Managem_conso_2018.pdf,5.2 Mo
COSUMAR,2018,Rapports sociaux 2eme semestre,https://www.ammc.ma/fr/espace-emetteurs/etats-financiers/cosumar-33,108,https://www.ammc.ma/sites/default/files/Cosumar_S2_18.pdf,Cosumar_S2_18.pdf,5.2 Mo
CIMENTS DU MAROC,2018,Rapports sociaux 2eme semestre,https://www.ammc.ma/fr/espace-emetteurs/etats-financiers/ciments-du-maroc-23,108,,,
ATTIJARIWAFA BANK,2018,Rapports consolidés annuels,https://www.ammc.ma/fr/espace-emetteurs/etats-financiers/attijariwafa-bank-23,109,https://www.ammc.ma/sites/default/files/AWB_conso_2018_0.pdf,AWB_conso_2018_0.pdf,5.2 Mo
MAROC TELECOM,2018,Rapports sociaux annuels,https://www.ammc.ma/fr/espace-emetteurs/etats-financiers/maroc-telecom-25,109,https://www.ammc.ma/sites/default/files/IAM_2018.pdf,IAM_2018.pdf,5.2 Mo
ATTIJARIWAFA BANK,2018,Rapports consolidés annuels,https://www.ammc.ma/fr/espace-emetteurs/etats-financiers/attijariwafa-bank-23,110,https://www.ammc.ma/sites/default/files/AWB_conso_2018_0.pdf,AWB_conso_2018_0.pdf,5.2 Mo
MAROC TELECOM,2018,Rapports sociaux annuels,https://www.ammc.ma/fr/espace-emetteurs/etats-financiers/maroc-telecom-25,110,https://www.ammc.ma/sites/default/files/IAM_2018.pdf,IAM_2018.pdf,5.2 Mo
LABEL VIE S.A.,2018,Rapports consolidés 2eme semestre,https://www.ammc.ma/fr/espace-emetteurs/etats-financiers/labelvie-31,110,https://www.ammc.ma/sites/default/files/Labelvie_conso_S2_18.pdf,Labelvie_conso_S2_18.pdf,5.2 Mo
ATTIJARIWAFA BANK,2018,Rapports sociaux annuels,https://www.ammc.ma/fr/espace-emetteurs/etats-financiers/attijariwafa-bank-22,110,https://www.ammc.ma/sites/default/files/AWB_2018_0.pdf,AWB_2018_0.pdf,5.2 Mo
LABEL VIE S.A.,2018,Rapports sociaux 2eme semestre,https://www.ammc.ma/fr/espace-emetteurs/etats-financiers/labelvie-30,110,https://www.ammc.ma/sites/default/files/Labelvie_S2_18.pdf,Labelvie_S2_18.pdf,5.2 Mo
Banque Centrale Populaire (BCP),2018,Rapports consolidés annuels,https://www.ammc.ma/fr/espace-emetteurs/etats-financiers/bcp-31,111,https://www.ammc.ma/sites/default/files/BCP_conso_2018_0.pdf,BCP_conso_2018_0.pdf,5.2 Mo
Banque Centrale Populaire (BCP),2018,Rapports sociaux annuels,https://www.ammc.ma/fr/espace-emetteurs/etats-financiers/bcp-30,112,https://www.ammc.ma/sites/default/files/BCP_2018_0.pdf,BCP_2018_0.pdf,5.2 Mo
MAROC TELECOM,2018,Rapports consolidés annuels,https://www.ammc.ma/fr/espace-emetteurs/etats-financiers/maroc-telecom-26,112,https://www.ammc.ma/sites/default/files/IAM_conso_2018.pdf,IAM_conso_2018.pdf,5.2 Mo
MANAGEM,2018,Rapports sociaux annuels,https://www.ammc.ma/fr/espace-emetteurs/etats-financiers/managem-39,112,https://www.ammc.ma/sites/default/files/Managem_2018.pdf,Managem_2018.pdf,5.2 Mo
MANAGEM,2018,Rapports consolidés 1er semestre,https://www.ammc.ma/fr/espace-emetteurs/etats-financiers/managem-37,115,https://www.ammc.ma/sites/default/files/Managem_conso_S1_18.pdf,Managem_conso_S1_18.pdf,14.9 Ko
COSUMAR,2018,Rapports consolidés 1er semestre,https://www.ammc.ma/fr/espace-emetteurs/etats-financiers/cosumar-31,115,https://www.ammc.ma/sites/default/files/Cosumar_conso_S1_18.pdf,Cosumar_conso_S1_18.pdf,
ATTIJARIWAFA BANK,2018,Rapports consolidés 1er semestre,https://www.ammc.ma/fr/espace-emetteurs/etats-financiers/attijariwafa-bank-26,115,https://www.ammc.ma/sites/default/files/AWB_conso_S1_18.pdf,AWB_conso_S1_18.pdf,14.94 Ko
COSUMAR,2018,Rapports consolidés 1er semestre,https://www.ammc.ma/fr/espace-emetteurs/etats-financiers/cosumar-31,117,https://www.ammc.ma/sites/default/files/Cosumar_conso_S1_18.pdf,Cosumar_conso_S1_18.pdf,
ATTIJARIWAFA BANK,2018,Rapports consolidés 1er semestre,https://www.ammc.ma/fr/espace-emetteurs/etats-financiers/attijariwafa-bank-26,117,https://www.ammc.ma/sites/default/files/AWB_conso_S1_18.pdf,AWB_conso_S1_18.pdf,14.94 Ko
MANAGEM,2018,Rapports consolidés 1er semestre,https://www.ammc.ma/fr/espace-emetteurs/etats-financiers/managem-37,117,https://www.ammc.ma/sites/default/files/Managem_conso_S1_18.pdf,Managem_conso_S1_18.pdf,14.9 Ko
Banque Centrale Populaire (BCP),2018,Rapports sociaux 1er semestre,https://www.ammc.ma/fr/espace-emetteurs/etats-financiers/bcp-35,118,https://www.ammc.ma/sites/default/files/BCP_S1_18.pdf,BCP_S1_18.pdf,14.93 Ko
LABEL VIE S.A.,2018,Rapports sociaux 1er semestre,https://www.ammc.ma/fr/espace-emetteurs/etats-financiers/labelvie-35,119,https://www.ammc.ma/sites/default/files/Labelvie_S1_18.pdf,Labelvie_S1_18.pdf,
LABEL VIE S.A.,2018,Rapports sociaux 1er semestre,https://www.ammc.ma/fr/espace-emetteurs/etats-financiers/labelvie-35,120,https://www.ammc.ma/sites/default/files/Labelvie_S1_18.pdf,Labelvie_S1_18.pdf,
ATTIJARIWAFA BANK,2018,Rapports sociaux 1er semestre,https://www.ammc.ma/fr/espace-emetteurs/etats-financiers/attijariwafa-bank-27,121,https://www.ammc.ma/sites/default/files/AWB_S1_18.pdf,AWB_S1_18.pdf,
COSUMAR,2018,Rapports sociaux 1er semestre,https://www.ammc.ma/fr/espace-emetteurs/etats-financiers/cosumar-32,122,https://www.ammc.ma/sites/default/files/Cosumar_S1_18.pdf,Cosumar_S1_18.pdf,6.44 Ko
ATTIJARIWAFA BANK,2018,Rapports sociaux 1er semestre,https://www.ammc.ma/fr/espace-emetteurs/etats-financiers/attijariwafa-bank-27,122,https://www.ammc.ma/sites/default/files/AWB_S1_18.pdf,AWB_S1_18.pdf,
MANAGEM,2018,Rapports sociaux 1er semestre,https://www.ammc.ma/fr/espace-emetteurs/etats-financiers/managem-38,122,https://www.ammc.ma/sites/default/files/Managem_S1_18.pdf,Managem_S1_18.pdf,
MAROC TELECOM,2018,Rapports consolidés 1er semestre,https://www.ammc.ma/fr/espace-emetteurs/etats-financiers/maroc-telecom,123,https://www.ammc.ma/sites/default/files/IAM_conso_S1_18.pdf,IAM_conso_S1_18.pdf,5.33 Mo
LABEL VIE S.A.,2017,Rapports sociaux annuels,https://www.ammc.ma/fr/espace-emetteurs/etats-financiers/labelvie-43,123,https://www.ammc.ma/sites/default/files/LabelVie_2017_2.pdf,LabelVie_2017_2.pdf,3.1 Mo
LABEL VIE S.A.,2017,Rapports consolidés annuels,https://www.ammc.ma/fr/espace-emetteurs/etats-financiers/labelvie-42,124,https://www.ammc.ma/sites/default/files/LabelVie_conso_2017_1.pdf,LabelVie_conso_2017_1.pdf,862.14 Ko
LABEL VIE S.A.,2017,Rapports sociaux annuels,https://www.ammc.ma/fr/espace-emetteurs/etats-financiers/labelvie-41,124,https://www.ammc.ma/sites/default/files/LabelVie_2017_1.pdf,LabelVie_2017_1.pdf,3.1 Mo
MAROC TELECOM,2017,Rapports consolidés annuels,https://www.ammc.ma/fr/espace-emetteurs/etats-financiers/maroc-telecom-32,124,https://www.ammc.ma/sites/default/files/IAM_conso_2017_1.pdf,IAM_conso_2017_1.pdf,223.26 Ko
MAROC TELECOM,2017,Rapports sociaux annuels,https://www.ammc.ma/fr/espace-emetteurs/etats-financiers/maroc-telecom-31,124,https://www.ammc.ma/sites/default/files/IAM_2017_1.pdf,IAM_2017_1.pdf,246.7 Ko
CIMENTS DU MAROC,2017,Rapports sociaux annuels,https://www.ammc.ma/fr/espace-emetteurs/etats-financiers/ciments-du-maroc-0,126,,,
CIMENTS DU MAROC,2017,Rapports sociaux annuels,https://www.ammc.ma/fr/espace-emetteurs/etats-financiers/ciments-du-maroc-0,127,,,
LABEL VIE S.A.,2017,Rapports consolidés 1er semestre,https://www.ammc.ma/fr/espace-emetteurs/etats-financiers/labelvie-22017,127,https://www.ammc.ma/sites/default/files/LBV_conso_S1-2017_0.pdf,LBV_conso_S1-2017_0.pdf,603.95 Ko
COSUMAR,2017,Rapports sociaux 2eme semestre,https://www.ammc.ma/fr/espace-emetteurs/etats-financiers/cosumar-2,128,https://www.ammc.ma/sites/default/files/Cosumar_sociaux_S2_2017.pdf,Cosumar_sociaux_S2_2017.pdf,2.03 Mo
Banque Centrale Populaire (BCP),2017,Rapports consolidés annuels,https://www.ammc.ma/fr/espace-emetteurs/etats-financiers/bcp,128,https://www.ammc.ma/sites/default/files/BCP_conso_2017.pdf,BCP_conso_2017.pdf,6.81 Mo
COSUMAR,2017,Rapports consolidés 2eme semestre,https://www.ammc.ma/fr/espace-emetteurs/etats-financiers/cosumar-1,130,https://www.ammc.ma/sites/default/files/Cosumar%20consolides%20S2%202017.pdf,Cosumar consolides S2 2017.pdf,1.9 Mo
COSUMAR,2017,Rapports consolidés annuels,https://www.ammc.ma/fr/espace-emetteurs/etats-financiers/cosumar2017,131,https://www.ammc.ma/sites/default/files/Cosumar_consolide_2017.pdf,Cosumar_consolide_2017.pdf,1.9 Mo
MANAGEM,2017,Rapports sociaux annuels,https://www.ammc.ma/fr/espace-emetteurs/etats-financiers/managem-0,132,,,
Banque Centrale Populaire (BCP),2017,Rapports sociaux 2eme semestre,https://www.ammc.ma/fr/espace-emetteurs/etats-financiers/bcp-2,132,https://www.ammc.ma/sites/default/files/BCP_S1_17_0.pdf,BCP_S1_17_0.pdf,434.84 Ko
COSUMAR,2017,Rapports consolidés 2eme semestre,https://www.ammc.ma/fr/espace-emetteurs/etats-financiers/cosumar-1,133,https://www.ammc.ma/sites/default/files/Cosumar%20consolides%20S2%202017.pdf,Cosumar consolides S2 2017.pdf,1.9 Mo
ATTIJARIWAFA BANK,2017,Rapports sociaux 2eme semestre,https://www.ammc.ma/fr/espace-emetteurs/etats-financiers/attijariwafa-bank-2,134,,,
ATTIJARIWAFA BANK,2017,Rapports consolidés annuels,https://www.ammc.ma/fr/espace-emetteurs/etats-financiers/attijariwafa-bank,135,,,
LABEL VIE S.A.,2017,Rapports consolidés 2eme semestre,https://www.ammc.ma/fr/espace-emetteurs/etats-financiers/labelvie-02017,135,https://www.ammc.ma/sites/default/files/Labelvie_conso_S2_17_1.pdf,Labelvie_conso_S2_17_1.pdf,492.97 Ko
MANAGEM,2017,Rapports sociaux annuels,https://www.ammc.ma/fr/espace-emetteurs/etats-financiers/managem-0,135,,,
Banque Centrale Populaire (BCP),2017,Rapports sociaux 2eme semestre,https://www.ammc.ma/fr/espace-emetteurs/etats-financiers/bcp-2,135,https://www.ammc.ma/sites/default/files/BCP_S1_17_0.pdf,BCP_S1_17_0.pdf,434.84 Ko
ATTIJARIWAFA BANK,2017,Rapports consolidés 2eme semestre,https://www.ammc.ma/fr/espace-emetteurs/etats-financiers/attijariwafa-bank-1,136,,,
ATTIJARIWAFA BANK,2017,Rapports consolidés 2eme semestre,https://www.ammc.ma/fr/espace-emetteurs/etats-financiers/attijariwafa-bank-1,137,,,
ATTIJARIWAFA BANK,2017,Rapports consolidés 2eme semestre,https://www.ammc.ma/fr/espace-emetteurs/etats-financiers/attijariwafa-bank-21,137,https://www.ammc.ma/sites/default/files/AWB_conso_S2_17.pdf,AWB_conso_S2_17.pdf,488.8 Ko
ATTIJARIWAFA BANK,2017,Rapports sociaux 2eme semestre,https://www.ammc.ma/fr/espace-emetteurs/etats-financiers/attijariwafa-bank-20,137,https://www.ammc.ma/sites/default/files/AWB_S2_17.pdf,AWB_S2_17.pdf,401.67 Ko
Banque Centrale Populaire (BCP),2017,Rapports consolidés 2eme semestre,https://www.ammc.ma/fr/espace-emetteurs/etats-financiers/bcp-29,138,https://www.ammc.ma/sites/default/files/BCP_conso_S2_17.pdf,BCP_conso_S2_17.pdf,455.44 Ko
Banque Centrale Populaire (BCP),2017,Rapports sociaux 2eme semestre,https://www.ammc.ma/fr/espace-emetteurs/etats-financiers/bcp-28,138,https://www.ammc.ma/sites/default/files/BCP_S1_17_0.pdf,BCP_S1_17.pdf,434.84 Ko
CIMENTS DU MAROC,2017,Rapports consolidés 1er semestre,https://www.ammc.ma/fr/espace-emetteurs/etats-financiers/ciments-du-maroc-22,141,https://www.ammc.ma/sites/default/files/Cimar_conso_S1_17.pdf,Cimar_conso_S1_17.pdf,695.3 Ko
CIMENTS DU MAROC,2017,Rapports sociaux 1er semestre,https://www.ammc.ma/fr/espace-emetteurs/etats-financiers/ciments-du-maroc-21,141,https://www.ammc.ma/sites/default/files/Cimar_S1_15_0.pdf,Cimar_S1_15.pdf,726.34 Ko
COSUMAR,2017,Rapports consolidés 1er semestre,https://www.ammc.ma/fr/espace-emetteurs/etats-financiers/rapports-consolides-1er-semestre-3,144,https://www.ammc.ma/sites/default/files/Rapports%20consolid%C3%A9s%201er%20semestre_3.pdf,Rapports consolidés 1er semestre.pdf,1.89 Mo
COSUMAR,2017,Rapports sociaux 1er semestre,https://www.ammc.ma/fr/espace-emetteurs/etats-financiers/rapports-sociaux-1er-semestre-4,144,https://www.ammc.ma/sites/default/files/Rapports%20sociaux%201er%20semestre_4.pdf,Rapports sociaux 1er semestre.pdf,1.81 Mo
LABEL VIE S.A.,2017,Rapports sociaux 2eme semestre,https://www.ammc.ma/fr/espace-emetteurs/etats-financiers/labelvie-29,145,https://www.ammc.ma/sites/default/files/Labelvie_conso_S2_17_2.pdf,Labelvie_conso_S2_17_2.pdf,492.97 Ko
LABEL VIE S.A.,2017,Rapports consolidés 1er semestre,https://www.ammc.ma/fr/espace-emetteurs/etats-financiers/labelvie-28,145,https://www.ammc.ma/sites/default/files/LBV_conso_S1-2017.pdf,LBV_conso_S1-2017.pdf,603.95 Ko
MANAGEM,2017,Rapports consolidés 1er semestre,https://www.ammc.ma/fr/espace-emetteurs/etats-financiers/managem-36,146,https://www.ammc.ma/sites/default/files/Managem_conso_S1_17.pdf,Managem_conso_S1_17.pdf,1.14 Mo
MANAGEM,2017,Rapports sociaux 1er semestre,https://www.ammc.ma/fr/espace-emetteurs/etats-financiers/managem-35,146,https://www.ammc.ma/sites/default/files/Managem_S1_17.pdf,Managem_S1_17.pdf,1.25 Mo
ATTIJARIWAFA BANK,2017,Rapports consolidés 1er semestre,https://www.ammc.ma/fr/espace-emetteurs/etats-financiers/attijariwafa-bank-19,147,https://www.ammc.ma/sites/default/files/AWB_conso_S1_17.pdf,AWB_conso_S1_17.pdf,292.93 Ko
ATTIJARIWAFA BANK,2017,Rapports sociaux 1er semestre,https://www.ammc.ma/fr/espace-emetteurs/etats-financiers/attijariwafa-bank-18,148,https://www.ammc.ma/sites/default/files/AWB_S_17.pdf,AWB_S_17.pdf,402.85 Ko
Banque Centrale Populaire (BCP),2017,Rapports consolidés 1er semestre,https://www.ammc.ma/fr/espace-emetteurs/etats-financiers/bcp-27,148,https://www.ammc.ma/sites/default/files/BCP_conso_S1_17.pdf,BCP_conso_S1_17.pdf,394 Ko
Banque Centrale Populaire (BCP),2017,Rapports sociaux 1er semestre,https://www.ammc.ma/fr/espace-emetteurs/etats-financiers/bcp-26,148,https://www.ammc.ma/sites/default/files/BCP_S1_17.pdf,BCP_S1_17.pdf,517.47 Ko
MAROC TELECOM,2017,Rapports consolidés 1er semestre,https://www.ammc.ma/fr/espace-emetteurs/etats-financiers/maroc-telecom-24,148,https://www.ammc.ma/sites/default/files/IAM_conso_S_17.pdf,IAM_conso_S_17.pdf,3.77 Mo
MAROC TELECOM,2017,Rapports sociaux 1er semestre,https://www.ammc.ma/fr/espace-emetteurs/etats-financiers/maroc-telecom-23,148,https://www.ammc.ma/sites/default/files/IAM_S1_17.pdf,IAM_S1_17.pdf,3.77 Mo
LABEL VIE S.A.,2016,Rapports sociaux annuels,https://www.ammc.ma/fr/espace-emetteurs/etats-financiers/labelvie-26,150,https://www.ammc.ma/sites/default/files/Label_vie_2016.pdf,Label_vie_2016.pdf,2.61 Mo
LABEL VIE S.A.,2016,Rapports consolidés annuels,https://www.ammc.ma/fr/espace-emetteurs/etats-financiers/labelvie-27,150,https://www.ammc.ma/sites/default/files/Labelvie_conso_2016.pdf,Labelvie_conso_2016.pdf,725.11 Ko
Banque Centrale Populaire (BCP),2016,Rapports consolidés annuels,https://www.ammc.ma/fr/espace-emetteurs/etats-financiers/bcp-25,151,https://www.ammc.ma/sites/default/files/BCP_conso_2016.pdf,BCP_conso_2016.pdf,7.11 Mo
Banque Centrale Populaire (BCP),2016,Rapports sociaux annuels,https://www.ammc.ma/fr/espace-emetteurs/etats-financiers/bcp-24,151,https://www.ammc.ma/sites/default/files/BCP_2016.pdf,BCP_2016.pdf,4.78 Mo
COSUMAR,2016,Rapports sociaux annuels,https://www.ammc.ma/fr/espace-emetteurs/etats-financiers/cosumar-28,153,https://www.ammc.ma/sites/default/files/Cosumar_2016_0.pdf,Cosumar_2016.pdf,1.07 Mo
MANAGEM,2016,Rapports consolidés annuels,https://www.ammc.ma/fr/espace-emetteurs/etats-financiers/managem-34,153,https://www.ammc.ma/sites/default/files/Managem_conso_2016.pdf,Managem_conso_2016.pdf,145.6 Ko
MANAGEM,2016,Rapports sociaux annuels,https://www.ammc.ma/fr/espace-emetteurs/etats-financiers/managem-33,153,https://www.ammc.ma/sites/default/files/Managem_2016.pdf,Managem_2016.pdf,177.96 Ko
ATTIJARIWAFA BANK,2016,Rapports consolidés annuels,https://www.ammc.ma/fr/espace-emetteurs/etats-financiers/attijariwafa-6,154,https://www.ammc.ma/sites/default/files/AWB_conso_2016.pdf,AWB_conso_2016.pdf,1.29 Mo
ATTIJARIWAFA BANK,2016,Rapports sociaux annuels,https://www.ammc.ma/fr/espace-emetteurs/etats-financiers/attijariwafa-5,154,https://www.ammc.ma/sites/default/files/AWB_2016.pdf,AWB_2016.pdf,1.27 Mo
COSUMAR,2016,Rapports consolidés annuels,https://www.ammc.ma/fr/espace-emetteurs/etats-financiers/cosumar-30,160,https://www.ammc.ma/sites/default/files/Cosumar_conso_2016.pdf,Cosumar_conso_2016.pdf,1021.32 Ko
COSUMAR,2016,Rapports sociaux 2eme semestre,https://www.ammc.ma/fr/espace-emetteurs/etats-financiers/cosumar-29,160,https://www.ammc.ma/sites/default/files/Cosumar_2016.pdf,Cosumar_2016.pdf,698.36 Ko
MAROC TELECOM,2016,Rapports consolidés annuels,https://www.ammc.ma/fr/espace-emetteurs/etats-financiers/maroc-telecom-22,162,https://www.ammc.ma/sites/default/files/IAM_conso_2016.pdf,IAM_conso_2016.pdf,446.65 Ko
MAROC TELECOM,2016,Rapports sociaux annuels,https://www.ammc.ma/fr/espace-emetteurs/etats-financiers/maroc-telecom-21,162,https://www.ammc.ma/sites/default/files/IAM_2016.pdf,IAM_2016.pdf,1.08 Mo
MANAGEM,2016,Rapports consolidés 2eme semestre,https://www.ammc.ma/fr/espace-emetteurs/etats-financiers/managem-32,163,https://www.ammc.ma/sites/default/files/Managem_conso_S2_16.pdf,Managem_conso_S2_16.pdf,281.68 Ko
MANAGEM,2016,Rapports sociaux 2eme semestre,https://www.ammc.ma/fr/espace-emetteurs/etats-financiers/managem-31,163,https://www.ammc.ma/sites/default/files/Managem_S2_16.pdf,Managem_S2_16.pdf,253.55 Ko
CIMENTS DU MAROC,2016,Rapports consolidés annuels,https://www.ammc.ma/fr/espace-emetteurs/etats-financiers/ciments-du-maroc-20,163,https://www.ammc.ma/sites/default/files/Cimar_conso_2016.pdf,Cimar_conso_2016.pdf,248.93 Ko
CIMENTS DU MAROC,2016,Rapports sociaux annuels,https://www.ammc.ma/fr/espace-emetteurs/etats-financiers/ciments-du-maroc-19,163,https://www.ammc.ma/sites/default/files/Cimar_2016.pdf,Cimar_2016.pdf,282.66 Ko
LABEL VIE S.A.,2016,Rapports consolidés 2eme semestre,https://www.ammc.ma/fr/espace-emetteurs/etats-financiers/labelvie-25,164,https://www.ammc.ma/sites/default/files/Labelvie_conso_S2-2016.pdf,Labelvie_conso_S2-2016.pdf,1.14 Mo
LABEL VIE S.A.,2016,Rapports sociaux 2eme semestre,https://www.ammc.ma/fr/espace-emetteurs/etats-financiers/labelvie-24,164,https://www.ammc.ma/sites/default/files/Labelvie_S2-2016.pdf,Labelvie_S2-2016.pdf,1.12 Mo
ATTIJARIWAFA BANK,2016,Rapports consolidés 2eme semestre,https://www.ammc.ma/fr/espace-emetteurs/etats-financiers/attijariwafa-4,165,https://www.ammc.ma/sites/default/files/AWB_conso_S2_16.pdf,AWB_conso_S2_16.pdf,433.82 Ko
ATTIJARIWAFA BANK,2016,Rapports sociaux 2eme semestre,https://www.ammc.ma/fr/espace-emetteurs/etats-financiers/attijariwafa-3,165,https://www.ammc.ma/sites/default/files/AWB_S2_16.pdf,AWB_S2_16.pdf,400 Ko
Banque Centrale Populaire (BCP),2016,Rapports consolidés 2eme semestre,https://www.ammc.ma/fr/espace-emetteurs/etats-financiers/bcp-23,166,https://www.ammc.ma/sites/default/files/BCP_conso_S2_16.pdf,BCP_conso_S2_16.pdf,445.64 Ko
Banque Centrale Populaire (BCP),2016,Rapports sociaux 2eme semestre,https://www.ammc.ma/fr/espace-emetteurs/etats-financiers/bcp-22,166,https://www.ammc.ma/sites/default/files/BCP_S2_16.pdf,BCP_S2_16.pdf,429.47 Ko
COSUMAR,2016,Rapports consolidés 1er semestre,https://www.ammc.ma/fr/espace-emetteurs/etats-financiers/cosumar-27,168,https://www.ammc.ma/sites/default/files/Cosumar_conso_S1_2016.pdf,Cosumar_conso_S1_2016.pdf,673.78 Ko
COSUMAR,2016,Rapports sociaux 1er semestre,https://www.ammc.ma/fr/espace-emetteurs/etats-financiers/cosumar-26,168,https://www.ammc.ma/sites/default/files/Cosumar_S1_16.pdf,Cosumar_S1_16.pdf,646.12 Ko
MANAGEM,2016,Rapports consolidés 1er semestre,https://www.ammc.ma/fr/espace-emetteurs/etats-financiers/managem-30,169,https://www.ammc.ma/sites/default/files/Managem_conso_S1_16.pdf,Managem_conso_S1_16.pdf,386.61 Ko
MANAGEM,2016,Rapports sociaux 1er semestre,https://www.ammc.ma/fr/espace-emetteurs/etats-financiers/managem-29,169,https://www.ammc.ma/sites/default/files/Managem_S1_16.pdf,Managem_S1_16.pdf,180.31 Ko
CIMENTS DU MAROC,2016,Rapports consolidés 1er semestre,https://www.ammc.ma/fr/espace-emetteurs/etats-financiers/ciments-du-maroc-18,173,https://www.ammc.ma/sites/default/files/Cimar_Conso_S1-2016.pdf,Cimar_Conso_S1-2016.pdf,650.01 Ko
CIMENTS DU MAROC,2016,Rapports sociaux 1er semestre,https://www.ammc.ma/fr/espace-emetteurs/etats-financiers/ciments-du-maroc-17,173,https://www.ammc.ma/sites/default/files/Cimar_S1-2016.pdf,Cimar_S1-2016.pdf,1.39 Mo
LABEL VIE S.A.,2016,Rapports sociaux 1er semestre,https://www.ammc.ma/fr/espace-emetteurs/etats-financiers/labelvie-22,175,https://www.ammc.ma/sites/default/files/LabelVie_S1-2016.pdf,LabelVie_S1-2016.pdf,254.19 Ko
LABEL VIE S.A.,2016,Rapports consolidés 1er semestre,https://www.ammc.ma/fr/espace-emetteurs/etats-financiers/labelvie-23,175,https://www.ammc.ma/sites/default/files/Labelvie_Conso_S1-2016.pdf,Labelvie_Conso_S1-2016.pdf,213.49 Ko
MAROC TELECOM,2016,Rapports consolidés 1er semestre,https://www.ammc.ma/fr/espace-emetteurs/etats-financiers/maroc-telecom-20,176,https://www.ammc.ma/sites/default/files/IAM_conso_S1_2016.pdf,IAM_conso_S1_2016.pdf,1.28 Mo
MAROC TELECOM,2016,Rapports sociaux 1er semestre,https://www.ammc.ma/fr/espace-emetteurs/etats-financiers/maroc-telecom-19,176,https://www.ammc.ma/sites/default/files/IAM_S1_2016.pdf,IAM_S1_2016.pdf,676.27 Ko
ATTIJARIWAFA BANK,2016,Rapports consolidés 1er semestre,https://www.ammc.ma/fr/espace-emetteurs/etats-financiers/attijariwafa-2,176,https://www.ammc.ma/sites/default/files/AWB_conso_S1_16.pdf,AWB_conso_S1_16.pdf,318.44 Ko
ATTIJARIWAFA BANK,2016,Rapports sociaux 1er semestre,https://www.ammc.ma/fr/espace-emetteurs/etats-financiers/attijariwafa-1,176,https://www.ammc.ma/sites/default/files/AWB_S1_16.pdf,AWB_S1_16.pdf,396.86 Ko
Banque Centrale Populaire (BCP),2016,Rapports consolidés 1er semestre,https://www.ammc.ma/fr/espace-emetteurs/etats-financiers/bcp-21,176,https://www.ammc.ma/sites/default/files/BCP_conso_S1_2016_0.pdf,BCP_conso_S1_2016.pdf,985.38 Ko
Banque Centrale Populaire (BCP),2016,Rapports sociaux 1er semestre,https://www.ammc.ma/fr/espace-emetteurs/etats-financiers/bcp-20,176,https://www.ammc.ma/sites/default/files/BCP_S1_2016_0.pdf,BCP_S1_2016.pdf,2.26 Mo
LABEL VIE S.A.,2015,Rapports consolidés annuels,https://www.ammc.ma/fr/espace-emetteurs/etats-financiers/labelvie-21,178,https://www.ammc.ma/sites/default/files/Labelvie_conso_2015_0.pdf,Labelvie_conso_2015.pdf,1.57 Mo
LABEL VIE S.A.,2015,Rapports sociaux annuels,https://www.ammc.ma/fr/espace-emetteurs/etats-financiers/label-vie-4,178,https://www.ammc.ma/sites/default/files/Labelvie_2015_0.pdf,Labelvie_2015.pdf,1.49 Mo
COSUMAR,2015,Rapports sociaux annuels,https://www.ammc.ma/fr/espace-emetteurs/etats-financiers/cosumar-25,179,https://www.ammc.ma/sites/default/files/Cosumar_2015.pdf,Cosumar_2015.pdf,1.61 Mo
MANAGEM,2015,Rapports consolidés annuels,https://www.ammc.ma/fr/espace-emetteurs/etats-financiers/managem-28,179,https://www.ammc.ma/sites/default/files/Managem_conso_2015.pdf,Managem_conso_2015.pdf,267.61 Ko
MANAGEM,2015,Rapports sociaux annuels,https://www.ammc.ma/fr/espace-emetteurs/etats-financiers/managem-27,179,https://www.ammc.ma/sites/default/files/Managem_2015.pdf,Managem_2015.pdf,621.42 Ko
MAROC TELECOM,2015,Rapports consolidés annuels,https://www.ammc.ma/fr/espace-emetteurs/etats-financiers/maroc-telecom-18,186,https://www.ammc.ma/sites/default/files/IAM_2015_0.pdf,IAM_2015.pdf,830.14 Ko
MAROC TELECOM,2015,Rapports sociaux annuels,https://www.ammc.ma/fr/espace-emetteurs/etats-financiers/maroc-telecom-17,186,https://www.ammc.ma/sites/default/files/IAM_2015.pdf,IAM_2015.pdf,830.14 Ko
COSUMAR,2015,Rapports consolidés 2eme semestre,https://www.ammc.ma/fr/espace-emetteurs/etats-financiers/cosumar-24,186,https://www.ammc.ma/sites/default/files/Cosumar_conso_S2_15.pdf,Cosumar_conso_S2_15.pdf,597.09 Ko
COSUMAR,2015,Rapports sociaux 2eme semestre,https://www.ammc.ma/fr/espace-emetteurs/etats-financiers/cosumar-23,186,https://www.ammc.ma/sites/default/files/Cosumar_S2_15.pdf,Cosumar_S2_15.pdf,489.17 Ko
MANAGEM,2015,Rapports consolidés 2eme semestre,https://www.ammc.ma/fr/espace-emetteurs/etats-financiers/managem-26,190,https://www.ammc.ma/sites/default/files/Managem_conso_S2_15.pdf,Managem_conso_S2_15.pdf,293.65 Ko
MANAGEM,2015,Rapports sociaux 2eme semestre,https://www.ammc.ma/fr/espace-emetteurs/etats-financiers/managem-25,190,https://www.ammc.ma/sites/default/files/Managem_S2_15.pdf,Managem_S2_15.pdf,131.75 Ko
LABEL VIE S.A.,2015,Rapports consolidés 2eme semestre,https://www.ammc.ma/fr/espace-emetteurs/etats-financiers/labelvie-20,190,https://www.ammc.ma/sites/default/files/labelVie_conso_S2_15.pdf,labelVie_conso_S2_15.pdf,436.66 Ko
LABEL VIE S.A.,2015,Rapports sociaux 2eme semestre,https://www.ammc.ma/fr/espace-emetteurs/etats-financiers/labelvie-19,191,https://www.ammc.ma/sites/default/files/labelVie_S2_15.pdf,labelVie_S2_15.pdf,423.04 Ko
CIMENTS DU MAROC,2015,Rapports consolidés annuels,https://www.ammc.ma/fr/espace-emetteurs/etats-financiers/ciments-du-maroc-16,191,https://www.ammc.ma/sites/default/files/Cimar_conso_2015.pdf,Cimar_conso_2015.pdf,778.32 Ko
CIMENTS DU MAROC,2015,Rapports sociaux annuels,https://www.ammc.ma/fr/espace-emetteurs/etats-financiers/ciments-du-maroc-15,191,https://www.ammc.ma/sites/default/files/Cimar_2015.pdf,Cimar_2015.pdf,975.98 Ko
Banque Centrale Populaire (BCP),2015,Rapports consolidés annuels,https://www.ammc.ma/fr/espace-emetteurs/etats-financiers/bcp-18,193,https://www.ammc.ma/sites/default/files/BCP_conso_S2_2015.pdf,BCP_conso_S2_2015.pdf,514.53 Ko
Banque Centrale Populaire (BCP),2015,Rapports sociaux annuels,https://www.ammc.ma/fr/espace-emetteurs/etats-financiers/bcp-19,193,https://www.ammc.ma/sites/default/files/BCP_S2_2015.pdf,BCP_S2_2015.pdf,718.78 Ko
ATTIJARIWAFA BANK,2015,Rapports consolidés 2eme semestre,https://www.ammc.ma/fr/espace-emetteurs/etats-financiers/attijariwafa,193,https://www.ammc.ma/sites/default/files/AWB_conso_S2_15.pdf,AWB_conso_S2_15.pdf,2.13 Mo
ATTIJARIWAFA BANK,2015,Rapports sociaux 2eme semestre,https://www.ammc.ma/fr/espace-emetteurs/etats-financiers/attijariwafa-0,193,https://www.ammc.ma/sites/default/files/AWB_S2_15.pdf,AWB_S2_15.pdf,2.18 Mo
LABEL VIE S.A.,2015,Rapports consolidés 1er semestre,https://www.ammc.ma/fr/espace-emetteurs/etats-financiers/labelvie-18,194,https://www.ammc.ma/sites/default/files/LabelVie_conso_S1_15.pdf,LabelVie_conso_S1_15.pdf,427.65 Ko
LABEL VIE S.A.,2015,Rapports sociaux 1er semestre,https://www.ammc.ma/fr/espace-emetteurs/etats-financiers/labelvie-17,194,https://www.ammc.ma/sites/default/files/LabelVie_S1_15.pdf,LabelVie_S1_15.pdf,421.87 Ko
CIMENTS DU MAROC,2015,Rapports consolidés 1er semestre,https://www.ammc.ma/fr/espace-emetteurs/etats-financiers/ciments-du-maroc-14,194,https://www.ammc.ma/sites/default/files/Cimar_conso_S1_15.pdf,Cimar_conso_S1_15.pdf,471.25 Ko
CIMENTS DU MAROC,2015,Rapports sociaux 1er semestre,https://www.ammc.ma/fr/espace-emetteurs/etats-financiers/ciments-du-maroc-13,194,https://www.ammc.ma/sites/default/files/Cimar_S1_15.pdf,Cimar_S1_15.pdf,592.3 Ko
COSUMAR,2015,Rapports consolidés 1er semestre,https://www.ammc.ma/fr/espace-emetteurs/etats-financiers/cosumar-22,197,https://www.ammc.ma/sites/default/files/Cosumar_conso_S1_15.pdf,Cosumar_conso_S1_15.pdf,1006.05 Ko
COSUMAR,2015,Rapports sociaux 1er semestre,https://www.ammc.ma/fr/espace-emetteurs/etats-financiers/cosumar-21,197,https://www.ammc.ma/sites/default/files/Cosumar_S1_15.pdf,Cosumar_S1_15.pdf,901.45 Ko
MANAGEM,2015,Rapports consolidés 1er semestre,https://www.ammc.ma/fr/espace-emetteurs/etats-financiers/managem-24,200,https://www.ammc.ma/sites/default/files/Managem_conso_S1_15.pdf,Managem_conso_S1_15.pdf,441.18 Ko
MANAGEM,2015,Rapports sociaux 1er semestre,https://www.ammc.ma/fr/espace-emetteurs/etats-financiers/managem-23,200,https://www.ammc.ma/sites/default/files/Managem_S1_15.pdf,Managem_S1_15.pdf,125.07 Ko
Banque Centrale Populaire (BCP),2015,Rapports consolidés 1er semestre,https://www.ammc.ma/fr/espace-emetteurs/etats-financiers/bcp-17,203,https://www.ammc.ma/sites/default/files/BCP_conso_S1_15.pdf,BCP_conso_S1_15.pdf,270.73 Ko
Banque Centrale Populaire (BCP),2015,Rapports sociaux 1er semestre,https://www.ammc.ma/fr/espace-emetteurs/etats-financiers/bcp-16,203,https://www.ammc.ma/sites/default/files/BCP_S1_15.pdf,BCP_S1_15.pdf,266.77 Ko
ATTIJARIWAFA BANK,2015,Rapports consolidés 1er semestre,https://www.ammc.ma/fr/espace-emetteurs/etats-financiers/attijariwafa-bank-17,203,https://www.ammc.ma/sites/default/files/AWb_conso_S1_15.pdf,AWb_conso_S1_15.pdf,2.91 Mo
ATTIJARIWAFA BANK,2015,Rapports sociaux 1er semestre,https://www.ammc.ma/fr/espace-emetteurs/etats-financiers/attijariwafa-bank-16,203,https://www.ammc.ma/sites/default/files/AWB_S1_15.pdf,AWB_S1_15.pdf,2.09 Mo
MAROC TELECOM,2015,Rapports consolidés 1er semestre,https://www.ammc.ma/fr/espace-emetteurs/etats-financiers/maroc-telecom-16,204,https://www.ammc.ma/sites/default/files/IAM_conso_S1_15.pdf,IAM_conso_S1_15.pdf,1.21 Mo
MAROC TELECOM,2015,Rapports sociaux 1er semestre,https://www.ammc.ma/fr/espace-emetteurs/etats-financiers/maroc-telecom-15,204,https://www.ammc.ma/sites/default/files/IAM_S1_15.pdf,IAM_S1_15.pdf,659.89 Ko
LABEL VIE S.A.,2014,Rapports consolidés 2eme semestre,https://www.ammc.ma/fr/espace-emetteurs/etats-financiers/label-vie-3,205,https://www.ammc.ma/sites/default/files/Label_Vie_conso_S2_14.pdf,Label_Vie_conso_S2_14.pdf,415.67 Ko
LABEL VIE S.A.,2014,Rapports sociaux 2eme semestre,https://www.ammc.ma/fr/espace-emetteurs/etats-financiers/label-vie-2,205,https://www.ammc.ma/sites/default/files/Label_Vie_S2_14.pdf,Label_Vie_S2_14.pdf,418.66 Ko
LABEL VIE S.A.,2014,Rapports consolidés annuels,https://www.ammc.ma/fr/espace-emetteurs/etats-financiers/label-vie-1,206,https://www.ammc.ma/sites/default/files/Label_Vie_conso_2014.pdf,Label_Vie_conso_2014.pdf,675.61 Ko
LABEL VIE S.A.,2014,Rapports sociaux annuels,https://www.ammc.ma/fr/espace-emetteurs/etats-financiers/labelvie-16,206,https://www.ammc.ma/sites/default/files/Label_Vie_2014.pdf,Label_Vie_2014.pdf,2.55 Mo
Banque Centrale Populaire (BCP),2014,Rapports sociaux annuels,https://www.ammc.ma/fr/espace-emetteurs/etats-financiers/bcp-15,209,https://www.ammc.ma/sites/default/files/BCP_2014_0.pdf,BCP_2014.pdf,1.18 Mo
COSUMAR,2014,Rapports consolidés annuels,https://www.ammc.ma/fr/espace-emetteurs/etats-financiers/cosumar-20,209,https://www.ammc.ma/sites/default/files/Cosumar_conso_2014.pdf,Cosumar_conso_2014.pdf,6.07 Mo
COSUMAR,2014,Rapports sociaux annuels,https://www.ammc.ma/fr/espace-emetteurs/etats-financiers/cosumar-19,209,https://www.ammc.ma/sites/default/files/Cosumar_2014.pdf,Cosumar_2014.pdf,1.19 Mo
MANAGEM,2014,Rapports consolidés annuels,https://www.ammc.ma/fr/espace-emetteurs/etats-financiers/managem-22,210,https://www.ammc.ma/sites/default/files/Managem_conso_2014.pdf,Managem_conso_2014.pdf,252.37 Ko
MANAGEM,2014,Rapports sociaux annuels,https://www.ammc.ma/fr/espace-emetteurs/etats-financiers/managem-21,210,https://www.ammc.ma/sites/default/files/Managem_2014.pdf,Managem_2014.pdf,322.04 Ko
MANAGEM,2014,Rapports consolidés 2eme semestre,https://www.ammc.ma/fr/espace-emetteurs/etats-financiers/managem-20,211,https://www.ammc.ma/sites/default/files/Managem_conso_S2_14.pdf,Managem_conso_S2_14.pdf,853.23 Ko
MANAGEM,2014,Rapports sociaux 2eme semestre,https://www.ammc.ma/fr/espace-emetteurs/etats-financiers/managem-19,211,https://www.ammc.ma/sites/default/files/Managem_S2_14.pdf,Managem_S2_14.pdf,798.86 Ko
MAROC TELECOM,2014,Rapports consolidés annuels,https://www.ammc.ma/fr/espace-emetteurs/etats-financiers/maroc-telecom-14,214,https://www.ammc.ma/sites/default/files/IAM_conso_2014.pdf,IAM_conso_2014.pdf,516.74 Ko
MAROC TELECOM,2014,Rapports sociaux annuels,https://www.ammc.ma/fr/espace-emetteurs/etats-financiers/maroc-telecom-13,214,https://www.ammc.ma/sites/default/files/IAM_2014.pdf,IAM_2014.pdf,3.75 Mo
COSUMAR,2014,Rapports consolidés 2eme semestre,https://www.ammc.ma/fr/espace-emetteurs/etats-financiers/cosumar-18,215,https://www.ammc.ma/sites/default/files/Cosumar_conso_S2_14.pdf,Cosumar_conso_S2_14.pdf,930.22 Ko
COSUMAR,2014,Rapports sociaux 2eme semestre,https://www.ammc.ma/fr/espace-emetteurs/etats-financiers/cosumar-17,215,https://www.ammc.ma/sites/default/files/Cosumar_S2_14.pdf,Cosumar_S2_14.pdf,598.78 Ko
CIMENTS DU MAROC,2014,Rapports consolidés annuels,https://www.ammc.ma/fr/espace-emetteurs/etats-financiers/ciments-du-maroc-12,219,https://www.ammc.ma/sites/default/files/Cimar_conso_2014.pdf,Cimar_conso_2014.pdf,246.5 Ko
CIMENTS DU MAROC,2014,Rapports sociaux annuels,https://www.ammc.ma/fr/espace-emetteurs/etats-financiers/ciments-du-maroc-11,219,https://www.ammc.ma/sites/default/files/Cimar_2014.pdf,Cimar_2014.pdf,304.96 Ko
Banque Centrale Populaire (BCP),2014,Rapports consolidés 2eme semestre,https://www.ammc.ma/fr/espace-emetteurs/etats-financiers/bcp-14,219,https://www.ammc.ma/sites/default/files/BCP_conso_S2_14.pdf,BCP_conso_S2_14.pdf,372.71 Ko
Banque Centrale Populaire (BCP),2014,Rapports sociaux 2eme semestre,https://www.ammc.ma/fr/espace-emetteurs/etats-financiers/bcp-13,219,https://www.ammc.ma/sites/default/files/BCP_2014.pdf,BCP_2014.pdf,268.39 Ko
ATTIJARIWAFA BANK,2014,Rapports consolidés 2eme semestre,https://www.ammc.ma/fr/espace-emetteurs/etats-financiers/attijariwafa-bank-15,220,https://www.ammc.ma/sites/default/files/AWB_conso_2014.pdf,AWB_conso_2014.pdf,4.29 Mo
ATTIJARIWAFA BANK,2014,Rapports sociaux 2eme semestre,https://www.ammc.ma/fr/espace-emetteurs/etats-financiers/attijariwafa-bank-14,220,https://www.ammc.ma/sites/default/files/AWB_2014.pdf,AWB_2014.pdf,3.55 Mo
Banque Centrale Populaire (BCP),2014,Rapports sociaux 1er semestre,https://www.ammc.ma/fr/espace-emetteurs/etats-financiers/bcp-12,220,https://www.ammc.ma/sites/default/files/BCP_S1-14.pdf,BCP_S1-14.pdf,536.19 Ko
MANAGEM,2014,Rapports consolidés 1er semestre,https://www.ammc.ma/fr/espace-emetteurs/etats-financiers/managem-18,223,https://www.ammc.ma/sites/default/files/Managem_conso_S1_14.pdf,Managem_conso_S1_14.pdf,12.88 Mo
MANAGEM,2014,Rapports sociaux 1er semestre,https://www.ammc.ma/fr/espace-emetteurs/etats-financiers/managem-17,223,https://www.ammc.ma/sites/default/files/Managem_S1_2014.pdf,Managem_S1_2014.pdf,1.36 Mo
COSUMAR,2014,Rapports consolidés 1er semestre,https://www.ammc.ma/fr/espace-emetteurs/etats-financiers/cosumar-16,224,https://www.ammc.ma/sites/default/files/Cosumar_conso_S1_14.pdf,Cosumar_conso_S1_14.pdf,471.27 Ko
COSUMAR,2014,Rapports sociaux 1er semestre,https://www.ammc.ma/fr/espace-emetteurs/etats-financiers/cosumar-15,224,https://www.ammc.ma/sites/default/files/Cosumar_S1_14.pdf,Cosumar_S1_14.pdf,518.03 Ko
CIMENTS DU MAROC,2014,Rapports consolidés 1er semestre,https://www.ammc.ma/fr/espace-emetteurs/etats-financiers/ciments-du-maroc-10,226,https://www.ammc.ma/sites/default/files/Cimar_conso_S1-14.pdf,Cimar_conso_S1-14.pdf,1.49 Mo
CIMENTS DU MAROC,2014,Rapports sociaux 1er semestre,https://www.ammc.ma/fr/espace-emetteurs/etats-financiers/ciments-du-maroc-9,226,https://www.ammc.ma/sites/default/files/Cimar_S1_14.pdf,Cimar_S1_14.pdf,3.62 Mo
LABEL VIE S.A.,2014,Rapports consolidés 1er semestre,https://www.ammc.ma/fr/espace-emetteurs/etats-financiers/label-vie-0,228,https://www.ammc.ma/sites/default/files/LabelVie_conso_S1_14.pdf,LabelVie_conso_S1_14.pdf,537.34 Ko
LABEL VIE S.A.,2014,Rapports sociaux 1er semestre,https://www.ammc.ma/fr/espace-emetteurs/etats-financiers/label-vie,228,https://www.ammc.ma/sites/default/files/LabelVie_S1_14.pdf,LabelVie_S1_14.pdf,402.76 Ko
ATTIJARIWAFA BANK,2014,Rapports consolidés 1er semestre,https://www.ammc.ma/fr/espace-emetteurs/etats-financiers/attijariwafa-bank-13,229,https://www.ammc.ma/sites/default/files/AWB_conso_S1_14.pdf,AWB_conso_S1_14.pdf,2.9 Mo
ATTIJARIWAFA BANK,2014,Rapports sociaux 1er semestre,https://www.ammc.ma/fr/espace-emetteurs/etats-financiers/attijariwafa-bank-12,229,https://www.ammc.ma/sites/default/files/AWB_S1_14.pdf,AWB_S1_14.pdf,2.08 Mo
Banque Centrale Populaire (BCP),2014,Rapports consolidés 1er semestre,https://www.ammc.ma/fr/espace-emetteurs/etats-financiers/bcp-11,230,https://www.ammc.ma/sites/default/files/BCP_conso_S1_14.pdf,BCP_conso_S1_14.pdf,586.28 Ko
MAROC TELECOM,2014,Rapports consolidés 1er semestre,https://www.ammc.ma/fr/espace-emetteurs/etats-financiers/maroc-telecom-12,231,https://www.ammc.ma/sites/default/files/Maroc_Teleocm_conso_S1_14.pdf,Maroc_Teleocm_conso_S1_14.pdf,635.67 Ko
MAROC TELECOM,2014,Rapports sociaux 1er semestre,https://www.ammc.ma/fr/espace-emetteurs/etats-financiers/maroc-telecom-11,231,https://www.ammc.ma/sites/default/files/Maroc_Telecom_S1_14.pdf,Maroc_Telecom_S1_14.pdf,680.77 Ko
LABEL VIE S.A.,2013,Rapports consolidés annuels,https://www.ammc.ma/fr/espace-emetteurs/etats-financiers/labelvie-15,234,https://www.ammc.ma/sites/default/files/LabelVie_conso_2013.pdf,LabelVie_conso_2013.pdf,1.01 Mo
LABEL VIE S.A.,2013,Rapports sociaux annuels,https://www.ammc.ma/fr/espace-emetteurs/etats-financiers/labelvie-14,234,https://www.ammc.ma/sites/default/files/LabelVie_2013.pdf,LabelVie_2013.pdf,3.47 Mo
MANAGEM,2013,Rapports consolidés annuels,https://www.ammc.ma/fr/espace-emetteurs/etats-financiers/managem-16,236,https://www.ammc.ma/sites/default/files/Managem_conso_2013.pdf,Managem_conso_2013.pdf,134.76 Ko
MANAGEM,2013,Rapports sociaux annuels,https://www.ammc.ma/fr/espace-emetteurs/etats-financiers/managem-15,237,https://www.ammc.ma/sites/default/files/Managem_2013.pdf,Managem_2013.pdf,152.78 Ko
COSUMAR,2013,Rapports sociaux annuels,https://www.ammc.ma/fr/espace-emetteurs/etats-financiers/cosumar-14,237,https://www.ammc.ma/sites/default/files/Cosumar_2013.pdf,Cosumar_2013.pdf,12.09 Mo
LABEL VIE S.A.,2013,Rapports consolidés 2eme semestre,https://www.ammc.ma/fr/espace-emetteurs/etats-financiers/labelvie-13,240,https://www.ammc.ma/sites/default/files/Label_Vie_conso_S2_13.pdf,Label_Vie_conso_S2_13.pdf,577.99 Ko
LABEL VIE S.A.,2013,Rapports sociaux 2eme semestre,https://www.ammc.ma/fr/espace-emetteurs/etats-financiers/labelvie-12,240,https://www.ammc.ma/sites/default/files/Label_Vie_S2_2013.pdf,Label_Vie_S2_2013.pdf,405.53 Ko
COSUMAR,2013,Rapports consolidés 2eme semestre,https://www.ammc.ma/fr/espace-emetteurs/etats-financiers/cosumar-13,242,https://www.ammc.ma/sites/default/files/Cosumar_conso_S2_2013.pdf,Cosumar_conso_S2_2013.pdf,523.29 Ko
COSUMAR,2013,Rapports sociaux 2eme semestre,https://www.ammc.ma/fr/espace-emetteurs/etats-financiers/cosumar-12,242,https://www.ammc.ma/sites/default/files/Cosumar_S2_13.pdf,Cosumar_S2_13.pdf,556.92 Ko
MANAGEM,2013,Rapports consolidés 2eme semestre,https://www.ammc.ma/fr/espace-emetteurs/etats-financiers/managem-14,243,https://www.ammc.ma/sites/default/files/Managem_conso_S2_2013.pdf,Managem_conso_S2_2013.pdf,282.64 Ko
MANAGEM,2013,Rapports sociaux 2eme semestre,https://www.ammc.ma/fr/espace-emetteurs/etats-financiers/managem-13,243,https://www.ammc.ma/sites/default/files/Managem_S2_2013.pdf,Managem_S2_2013.pdf,212.12 Ko
ATTIJARIWAFA BANK,2013,Rapports consolidés annuels,https://www.ammc.ma/fr/espace-emetteurs/etats-financiers/attijariwafa-bank-11,245,https://www.ammc.ma/sites/default/files/AWB_conso_2013.pdf,AWB_conso_2013.pdf,4.32 Mo
ATTIJARIWAFA BANK,2013,Rapports sociaux annuels,https://www.ammc.ma/fr/espace-emetteurs/etats-financiers/attijariwafa-bank-10,245,https://www.ammc.ma/sites/default/files/AWB_2013.pdf,AWB_2013.pdf,3.25 Mo
MAROC TELECOM,2013,Rapports consolidés annuels,https://www.ammc.ma/fr/espace-emetteurs/etats-financiers/maroc-telecom-10,245,https://www.ammc.ma/sites/default/files/IAM_conso_2013_0.pdf,IAM_conso_2013.pdf,630.06 Ko
MAROC TELECOM,2013,Rapports sociaux annuels,https://www.ammc.ma/fr/espace-emetteurs/etats-financiers/maroc-telecom-9,245,https://www.ammc.ma/sites/default/files/IAM_2013_0.pdf,IAM_2013.pdf,625.32 Ko
CIMENTS DU MAROC,2013,Rapports consolidés annuels,https://www.ammc.ma/fr/espace-emetteurs/etats-financiers/ciments-du-maroc-8,246,https://www.ammc.ma/sites/default/files/Cimar_conso_2013.pdf,Cimar_conso_2013.pdf,255.03 Ko
CIMENTS DU MAROC,2013,Rapports sociaux annuels,https://www.ammc.ma/fr/espace-emetteurs/etats-financiers/ciments-du-maroc-7,246,https://www.ammc.ma/sites/default/files/Cimar_2013.pdf,Cimar_2013.pdf,305.75 Ko
Banque Centrale Populaire (BCP),2013,Rapports consolidés annuels,https://www.ammc.ma/fr/espace-emetteurs/etats-financiers/bcp-10,247,https://www.ammc.ma/sites/default/files/BCP_conso_S2_2013.pdf,BCP_conso_S2_2013.pdf,1.87 Mo
Banque Centrale Populaire (BCP),2013,Rapports sociaux annuels,https://www.ammc.ma/fr/espace-emetteurs/etats-financiers/bcp-7,248,https://www.ammc.ma/sites/default/files/BCP_S2_2013.pdf,BCP_S2_2013.pdf,1.76 Mo
LABEL VIE S.A.,2013,Rapports consolidés 1er semestre,https://www.ammc.ma/fr/espace-emetteurs/etats-financiers/labelvie-11,252,https://www.ammc.ma/sites/default/files/Label_Vie_conso_S1_2013.pdf,Label_Vie_conso_S1_2013.pdf,1.11 Mo
LABEL VIE S.A.,2013,Rapports sociaux 1er semestre,https://www.ammc.ma/fr/espace-emetteurs/etats-financiers/labelvie-10,252,https://www.ammc.ma/sites/default/files/Label_Vie_S1_2013.pdf,Label_Vie_S1_2013.pdf,835.58 Ko
COSUMAR,2013,Rapports consolidés 1er semestre,https://www.ammc.ma/fr/espace-emetteurs/etats-financiers/cosumar-11,253,https://www.ammc.ma/sites/default/files/Cosumar_conso_S1_13.pdf,Cosumar_conso_S1_13.pdf,1.13 Mo
COSUMAR,2013,Rapports sociaux 1er semestre,https://www.ammc.ma/fr/espace-emetteurs/etats-financiers/cosumar-10,253,https://www.ammc.ma/sites/default/files/Cosumar_S1_2013.pdf,Cosumar_S1_2013.pdf,847.96 Ko
CIMENTS DU MAROC,2013,Rapports sociaux 1er semestre,https://www.ammc.ma/fr/espace-emetteurs/etats-financiers/ciments-du-maroc-5,254,https://www.ammc.ma/sites/default/files/Cimar_S1_2013.pdf,Cimar_S1_2013.pdf,421.25 Ko
CIMENTS DU MAROC,2013,Rapports consolidés 1er semestre,https://www.ammc.ma/fr/espace-emetteurs/etats-financiers/ciments-du-maroc-6,254,https://www.ammc.ma/sites/default/files/Cimar_conso_S1_2013.pdf,Cimar_conso_S1_2013.pdf,859.3 Ko
MANAGEM,2013,Rapports consolidés 1er semestre,https://www.ammc.ma/fr/espace-emetteurs/etats-financiers/managem-12,255,https://www.ammc.ma/sites/default/files/Managem_conso_S1_2013.pdf,Managem_conso_S1_2013.pdf,3.49 Mo
MANAGEM,2013,Rapports sociaux 1er semestre,https://www.ammc.ma/fr/espace-emetteurs/etats-financiers/managem-11,255,https://www.ammc.ma/sites/default/files/Managem_S1_2013.pdf,Managem_S1_2013.pdf,1.93 Mo
Banque Centrale Populaire (BCP),2013,Rapports consolidés 1er semestre,https://www.ammc.ma/fr/espace-emetteurs/etats-financiers/bcp-9,258,https://www.ammc.ma/sites/default/files/BCP_conso_S1_2013.pdf,BCP_conso_S1_2013.pdf,1.49 Mo
Banque Centrale Populaire (BCP),2013,Rapports sociaux 1er semestre,https://www.ammc.ma/fr/espace-emetteurs/etats-financiers/bcp-8,258,https://www.ammc.ma/sites/default/files/BCP_S1_2013.pdf,BCP_S1_2013.pdf,1.72 Mo
ATTIJARIWAFA BANK,2013,Rapports consolidés 1er semestre,https://www.ammc.ma/fr/espace-emetteurs/etats-financiers/attijariwafa-bank-9,258,https://www.ammc.ma/sites/default/files/AWB_conso_S1_2013.pdf,AWB_conso_S1_2013.pdf,7.32 Mo
ATTIJARIWAFA BANK,2013,Rapports sociaux 1er semestre,https://www.ammc.ma/fr/espace-emetteurs/etats-financiers/attijariwafa-bank-8,258,https://www.ammc.ma/sites/default/files/AWB_S1_2013.pdf,AWB_S1_2013.pdf,5.62 Mo
MAROC TELECOM,2013,Rapports consolidés 1er semestre,https://www.ammc.ma/fr/espace-emetteurs/etats-financiers/maroc-telecom-8,258,https://www.ammc.ma/sites/default/files/IAM_conso_S1_2013.pdf,IAM_conso_S1_2013.pdf,931.12 Ko
MAROC TELECOM,2013,Rapports sociaux 1er semestre,https://www.ammc.ma/fr/espace-emetteurs/etats-financiers/maroc-telecom-7,258,https://www.ammc.ma/sites/default/files/IAM_S1_2013.pdf,IAM_S1_2013.pdf,1.31 Mo
COSUMAR,2012,Rapports consolidés annuels,https://www.ammc.ma/fr/espace-emetteurs/etats-financiers/cosumar-9,260,https://www.ammc.ma/sites/default/files/Cosumar_conso_S2_2012_0.pdf,Cosumar_conso_S2_2012.pdf,1.82 Mo
COSUMAR,2012,Rapports sociaux annuels,https://www.ammc.ma/fr/espace-emetteurs/etats-financiers/cosumar-8,260,https://www.ammc.ma/sites/default/files/Cosumar_2012.pdf,Cosumar_2012.pdf,4.13 Mo
MANAGEM,2012,Rapports consolidés annuels,https://www.ammc.ma/fr/espace-emetteurs/etats-financiers/managem-10,261,https://www.ammc.ma/sites/default/files/Managem_conso_2012.pdf,Managem_conso_2012.pdf,2.01 Mo
MANAGEM,2012,Rapports sociaux annuels,https://www.ammc.ma/fr/espace-emetteurs/etats-financiers/managem-9,261,https://www.ammc.ma/sites/default/files/Managem_2012.pdf,Managem_2012.pdf,2.81 Mo
LABEL VIE S.A.,2012,Rapports consolidés annuels,https://www.ammc.ma/fr/espace-emetteurs/etats-financiers/labelvie-9,262,https://www.ammc.ma/sites/default/files/Label_Vie_conso_2012.pdf,Label_Vie_conso_2012.pdf,3.44 Mo
LABEL VIE S.A.,2012,Rapports sociaux annuels,https://www.ammc.ma/fr/espace-emetteurs/etats-financiers/labelvie-8,262,https://www.ammc.ma/sites/default/files/Label_Vie_2012.pdf,Label_Vie_2012.pdf,3.23 Mo
COSUMAR,2012,Rapports consolidés 2eme semestre,https://www.ammc.ma/fr/espace-emetteurs/etats-financiers/cosumar-7,266,https://www.ammc.ma/sites/default/files/Cosumar_conso_S2_2012.pdf,Cosumar_conso_S2_2012.pdf,1.82 Mo
COSUMAR,2012,Rapports sociaux 2eme semestre,https://www.ammc.ma/fr/espace-emetteurs/etats-financiers/cosumar-6,266,https://www.ammc.ma/sites/default/files/Cosumar_S2_2012.pdf,Cosumar_S2_2012.pdf,1.23 Mo
CIMENTS DU MAROC,2012,Rapports consolidés annuels,https://www.ammc.ma/fr/espace-emetteurs/etats-financiers/ciments-du-maroc-4,267,https://www.ammc.ma/sites/default/files/Cimar_conso_2012.pdf,Cimar_conso_2012.pdf,1.18 Mo
CIMENTS DU MAROC,2012,Rapports sociaux annuels,https://www.ammc.ma/fr/espace-emetteurs/etats-financiers/ciments-du-maroc-3,267,https://www.ammc.ma/sites/default/files/Cimar_2012.pdf,Cimar_2012.pdf,1.7 Mo
LABEL VIE S.A.,2012,Rapports consolidés 2eme semestre,https://www.ammc.ma/fr/espace-emetteurs/etats-financiers/labelvie-7,269,https://www.ammc.ma/sites/default/files/Label_Vie_conso_S2_2012.pdf,Label_Vie_conso_S2_2012.pdf,1.13 Mo
LABEL VIE S.A.,2012,Rapports sociaux 2eme semestre,https://www.ammc.ma/fr/espace-emetteurs/etats-financiers/labelvie-6,269,https://www.ammc.ma/sites/default/files/Label_Vie_S2_2012.pdf,Label_Vie_S2_2012.pdf,849.24 Ko
MANAGEM,2012,Rapports consolidés 2eme semestre,https://www.ammc.ma/fr/espace-emetteurs/etats-financiers/managem-8,269,https://www.ammc.ma/sites/default/files/Managem_conso_S2_2012.pdf,Managem_conso_S2_2012.pdf,541.03 Ko
MANAGEM,2012,Rapports sociaux 2eme semestre,https://www.ammc.ma/fr/espace-emetteurs/etats-financiers/managem-7,269,https://www.ammc.ma/sites/default/files/Managem_S2_2012.pdf,Managem_S2_2012.pdf,806.13 Ko
MAROC TELECOM,2012,Rapports consolidés annuels,https://www.ammc.ma/fr/espace-emetteurs/etats-financiers/maroc-telecom-6,271,https://www.ammc.ma/sites/default/files/IAM_conso_2012.pdf,IAM_conso_2012.pdf,2.48 Mo
MAROC TELECOM,2012,Rapports sociaux annuels,https://www.ammc.ma/fr/espace-emetteurs/etats-financiers/maroc-telecom-5,271,https://www.ammc.ma/sites/default/files/IAM_2012.pdf,IAM_2012.pdf,2.76 Mo
ATTIJARIWAFA BANK,2012,Rapports consolidés annuels,https://www.ammc.ma/fr/espace-emetteurs/etats-financiers/attijariwafa-bank-7,272,https://www.ammc.ma/sites/default/files/AWB_conso_S2_2012_0.pdf,AWB_conso_S2_2012.pdf,7.77 Mo
ATTIJARIWAFA BANK,2012,Rapports consolidés annuels,https://www.ammc.ma/fr/espace-emetteurs/etats-financiers/attijariwafa-bank-6,272,https://www.ammc.ma/sites/default/files/AWB_conso_S2_2012.pdf,AWB_conso_S2_2012.pdf,7.77 Mo
ATTIJARIWAFA BANK,2012,Rapports sociaux annuels,https://www.ammc.ma/fr/espace-emetteurs/etats-financiers/attijariwafa-bank-5,272,https://www.ammc.ma/sites/default/files/AWB_S2_2012.pdf,AWB_S2_2012.pdf,5.61 Mo
Banque Centrale Populaire (BCP),2012,Rapports consolidés annuels,https://www.ammc.ma/fr/espace-emetteurs/etats-financiers/bcp-6,272,https://www.ammc.ma/sites/default/files/BCP_conso_S2_2012.pdf,BCP_conso_S2_2012.pdf,1.86 Mo
Banque Centrale Populaire (BCP),2012,Rapports sociaux annuels,https://www.ammc.ma/fr/espace-emetteurs/etats-financiers/bcp-5,272,https://www.ammc.ma/sites/default/files/BCP_S2_2012.pdf,BCP_S2_2012.pdf,1.72 Mo
CIMENTS DU MAROC,2012,Rapports sociaux 1er semestre,https://www.ammc.ma/fr/espace-emetteurs/etats-financiers/ciments-du-maroc-2,273,https://www.ammc.ma/sites/default/files/Cimar_S1_2012.pdf,Cimar_S1_2012.pdf,404.87 Ko
COSUMAR,2012,Rapports consolidés 1er semestre,https://www.ammc.ma/fr/espace-emetteurs/etats-financiers/cosumar-5,274,https://www.ammc.ma/sites/default/files/Cosumar_conso_S1_2012.pdf,Cosumar_conso_S1_2012.pdf,2.28 Mo
COSUMAR,2012,Rapports sociaux 1er semestre,https://www.ammc.ma/fr/espace-emetteurs/etats-financiers/cosumar-4,274,https://www.ammc.ma/sites/default/files/Cosumar_S1_2012.pdf,Cosumar_S1_2012.pdf,3.56 Mo
MANAGEM,2012,Rapports consolidés 1er semestre,https://www.ammc.ma/fr/espace-emetteurs/etats-financiers/managem-6,275,https://www.ammc.ma/sites/default/files/Managem_conso_S1_2012.pdf,Managem_conso_S1_2012.pdf,174.32 Ko
MANAGEM,2012,Rapports sociaux 1er semestre,https://www.ammc.ma/fr/espace-emetteurs/etats-financiers/managem-5,276,https://www.ammc.ma/sites/default/files/Managem_S1_2012.pdf,Managem_S1_2012.pdf,121.29 Ko
LABEL VIE S.A.,2012,Rapports consolidés 1er semestre,https://www.ammc.ma/fr/espace-emetteurs/etats-financiers/labelvie-5,279,,,
LABEL VIE S.A.,2012,Rapports sociaux 1er semestre,https://www.ammc.ma/fr/espace-emetteurs/etats-financiers/labelvie-4,279,https://www.ammc.ma/sites/default/files/Label_Vie_S1_2012.pdf,Label_Vie_S1_2012.pdf,406.59 Ko
Banque Centrale Populaire (BCP),2012,Rapports consolidés 1er semestre,https://www.ammc.ma/fr/espace-emetteurs/etats-financiers/bcp-4,282,https://www.ammc.ma/sites/default/files/BCP_conso_S1_13.pdf,BCP_conso_S1_13.pdf,16.02 Mo
Banque Centrale Populaire (BCP),2012,Rapports sociaux 1er semestre,https://www.ammc.ma/fr/espace-emetteurs/etats-financiers/bcp-3,282,https://www.ammc.ma/sites/default/files/BCP_S1_2012_0.pdf,BCP_S1_2012.pdf,11.56 Mo
ATTIJARIWAFA BANK,2012,Rapports consolidés 1er semestre,https://www.ammc.ma/fr/espace-emetteurs/etats-financiers/attijariwafa-bank-2,282,,,
ATTIJARIWAFA BANK,2012,Rapports sociaux 1er semestre,https://www.ammc.ma/fr/espace-emetteurs/etats-financiers/attijariwafa-bank-1,282,,,
MAROC TELECOM,2012,Rapports consolidés 1er semestre,https://www.ammc.ma/fr/espace-emetteurs/etats-financiers/maroc-telecom-4,282,https://www.ammc.ma/sites/default/files/IAM_conso_S1_2012.pdf,IAM_conso_S1_2012.pdf,606.01 Ko
MAROC TELECOM,2012,Rapports sociaux 1er semestre,https://www.ammc.ma/fr/espace-emetteurs/etats-financiers/maroc-telecom-3,282,https://www.ammc.ma/sites/default/files/IAM_S1_12.pdf,IAM_S1_12.pdf,604.56 Ko
LABEL VIE S.A.,2011,Rapports sociaux 2eme semestre,https://www.ammc.ma/fr/espace-emetteurs/etats-financiers/labelvie-40,282,https://www.ammc.ma/sites/default/files/Label_Vie_S2_2011_1.pdf,Label_Vie_S2_2011_1.pdf,395.01 Ko
LABEL VIE S.A.,2011,Rapports consolidés 2eme semestre,https://www.ammc.ma/fr/espace-emetteurs/etats-financiers/labelvie-39,282,https://www.ammc.ma/sites/default/files/Label_Vie_conso_S2_2011_0.pdf,Label_Vie_conso_S2_2011_0.pdf,541.5 Ko
MAROC TELECOM,2011,Rapports consolidés annuels,https://www.ammc.ma/fr/espace-emetteurs/etats-financiers/maroc-telecom-12017,283,https://www.ammc.ma/sites/default/files/IAM_conso_2011_0.pdf,IAM_conso_2011_0.pdf,668.67 Ko
MAROC TELECOM,2011,Rapports sociaux 1er semestre,https://www.ammc.ma/fr/espace-emetteurs/etats-financiers/maroc-telecom-02011,284,https://www.ammc.ma/sites/default/files/IAM%201S11_0.pdf,IAM 1S11_0.pdf,151.96 Ko
MAROC TELECOM,2011,Rapports sociaux annuels,https://www.ammc.ma/fr/espace-emetteurs/etats-financiers/maroc-telecom-22017,285,https://www.ammc.ma/sites/default/files/IAM_2011_0.pdf,IAM_2011_0.pdf,987.37 Ko
MANAGEM,2011,Rapports consolidés annuels,https://www.ammc.ma/fr/espace-emetteurs/etats-financiers/managem-4,287,https://www.ammc.ma/sites/default/files/Managem_conso_2011.pdf,Managem_conso_2011.pdf,2.58 Mo
CIMENTS DU MAROC,2011,Rapports consolidés annuels,https://www.ammc.ma/fr/espace-emetteurs/etats-financiers/cimar-rapportconsolides2011,288,https://www.ammc.ma/sites/default/files/RAPPORTS%20CONSOLIDES%202011.pdf,RAPPORTS CONSOLIDES 2011.pdf,380.66 Ko
LABEL VIE S.A.,2011,Rapports consolidés annuels,https://www.ammc.ma/fr/espace-emetteurs/etats-financiers/labelvie-3,288,https://www.ammc.ma/sites/default/files/Label_Vie_conso_2011.pdf,Label_Vie_conso_2011.pdf,968.84 Ko
LABEL VIE S.A.,2011,Rapports sociaux annuels,https://www.ammc.ma/fr/espace-emetteurs/etats-financiers/labelvie-2,288,https://www.ammc.ma/sites/default/files/LBV_conso_S1-2017_0.pdf,LBV_conso_S1-2017_0.pdf,603.95 Ko
MANAGEM,2011,Rapports sociaux annuels,https://www.ammc.ma/fr/espace-emetteurs/etats-financiers/managem-3,291,https://www.ammc.ma/sites/default/files/Managem_2011_0.pdf,Managem_2011.pdf,491.59 Ko
COSUMAR,2011,Rapports sociaux annuels,https://www.ammc.ma/fr/espace-emetteurs/etats-financiers/cosumar-3,291,https://www.ammc.ma/sites/default/files/Cosumar_2011.pdf,Cosumar_2011.pdf,114.95 Ko
CIMENTS DU MAROC,2011,Rapports sociaux annuels,https://www.ammc.ma/fr/espace-emetteurs/etats-financiers/ciments-du-maroc-1,293,https://www.ammc.ma/sites/default/files/Cimar_2011.pdf,Cimar_2011.pdf,660.38 Ko
MAROC TELECOM,2011,Rapports consolidés annuels,https://www.ammc.ma/fr/espace-emetteurs/etats-financiers/maroc-telecom-2,294,https://www.ammc.ma/sites/default/files/IAM_2011_0.pdf,IAM_2011_0.pdf,987.37 Ko
MAROC TELECOM,2011,Rapports sociaux annuels,https://www.ammc.ma/fr/espace-emetteurs/etats-financiers/maroc-telecom-1,294,https://www.ammc.ma/sites/default/files/IAM_conso_2011_0.pdf,IAM_conso_2011_0.pdf,668.67 Ko
MANAGEM,2011,Rapports consolidés 2eme semestre,https://www.ammc.ma/fr/espace-emetteurs/etats-financiers/managem-2,295,,,
MANAGEM,2011,Rapports sociaux 2eme semestre,https://www.ammc.ma/fr/espace-emetteurs/etats-financiers/managem-1,295,,,
COSUMAR,2011,Rapports consolidés 2eme semestre,https://www.ammc.ma/fr/espace-emetteurs/etats-financiers/cosumar-2,296,https://www.ammc.ma/sites/default/files/Cosumar_sociaux_S2_2017.pdf,Cosumar_sociaux_S2_2017.pdf,2.03 Mo
COSUMAR,2011,Rapports sociaux 2eme semestre,https://www.ammc.ma/fr/espace-emetteurs/etats-financiers/cosumar-1,296,https://www.ammc.ma/sites/default/files/Cosumar%20consolides%20S2%202017.pdf,Cosumar consolides S2 2017.pdf,1.9 Mo
LABEL VIE S.A.,2011,Rapports consolidés 2eme semestre,https://www.ammc.ma/fr/espace-emetteurs/etats-financiers/labelvie-1,298,https://www.ammc.ma/sites/default/files/Labelvie_conso_S2_17.pdf,Labelvie_conso_S2_17.pdf,492.97 Ko
LABEL VIE S.A.,2011,Rapports sociaux 2eme semestre,https://www.ammc.ma/fr/espace-emetteurs/etats-financiers/labelvie-0,298,https://www.ammc.ma/sites/default/files/Labelvie_conso_S2_17_1.pdf,Labelvie_conso_S2_17_1.pdf,492.97 Ko
Banque Centrale Populaire (BCP),2011,Rapports consolidés annuels,https://www.ammc.ma/fr/espace-emetteurs/etats-financiers/bcp-2,299,https://www.ammc.ma/sites/default/files/BCP_S1_17_0.pdf,BCP_S1_17_0.pdf,434.84 Ko
Banque Centrale Populaire (BCP),2011,Rapports sociaux annuels,https://www.ammc.ma/fr/espace-emetteurs/etats-financiers/bcp-1,299,https://www.ammc.ma/sites/default/files/BCP_conso_S2_17.pdf,BCP_conso_S2_17.pdf,455.44 Ko
ATTIJARIWAFA BANK,2011,Rapports consolidés annuels,https://www.ammc.ma/fr/espace-emetteurs/etats-financiers/attijariwafa-bank-0,300,,,
ATTIJARIWAFA BANK,2011,Rapports sociaux annuels,https://www.ammc.ma/fr/espace-emetteurs/etats-financiers/attijariwafa-bank,300,,,
MANAGEM,2011,Rapports consolidés 1er semestre,https://www.ammc.ma/fr/espace-emetteurs/etats-financiers/managem-0,302,,,
MANAGEM,2011,Rapports sociaux 1er semestre,https://www.ammc.ma/fr/espace-emetteurs/etats-financiers/managem,302,,,
COSUMAR,2011,Rapports consolidés 1er semestre,https://www.ammc.ma/fr/espace-emetteurs/etats-financiers/cosumar,304,https://www.ammc.ma/sites/default/files/Cosumar_consolide_2017.pdf,Cosumar_consolide_2017.pdf,1.9 Mo
COSUMAR,2011,Rapports sociaux 1er semestre,https://www.ammc.ma/fr/espace-emetteurs/etats-financiers/cosumar-0,304,https://www.ammc.ma/sites/default/files/Cosumar_social_2017.pdf,Cosumar_social_2017.pdf,632.18 Ko
LABEL VIE S.A.,2011,Rapports sociaux 1er semestre,https://www.ammc.ma/fr/espace-emetteurs/etats-financiers/labelvie,305,https://www.ammc.ma/sites/default/files/LabelVie_conso_2017.pdf,LabelVie_conso_2017.pdf,862.14 Ko
CIMENTS DU MAROC,2011,Rapports consolidés 1er semestre,https://www.ammc.ma/fr/espace-emetteurs/etats-financiers/ciments-du-maroc-0,306,,,
CIMENTS DU MAROC,2011,Rapports sociaux 1er semestre,https://www.ammc.ma/fr/espace-emetteurs/etats-financiers/ciments-du-maroc,306,,,
Banque Centrale Populaire (BCP),2011,Rapports consolidés 1er semestre,https://www.ammc.ma/fr/espace-emetteurs/etats-financiers/bcp,308,https://www.ammc.ma/sites/default/files/BCP_conso_2017.pdf,BCP_conso_2017.pdf,6.81 Mo
Banque Centrale Populaire (BCP),2011,Rapports sociaux 1er semestre,https://www.ammc.ma/fr/espace-emetteurs/etats-financiers/bcp-0,308,https://www.ammc.ma/sites/default/files/BCP_2017.pdf,BCP_2017.pdf,4.06 Mo
MAROC TELECOM,2011,Rapports consolidés 1er semestre,https://www.ammc.ma/fr/espace-emetteurs/etats-financiers/maroc-telecom,308,https://www.ammc.ma/sites/default/files/IAM_conso_S1_18.pdf,IAM_conso_S1_18.pdf,5.33 Mo
MAROC TELECOM,2011,Rapports sociaux 1er semestre,https://www.ammc.ma/fr/espace-emetteurs/etats-financiers/maroc-telecom-0,308,https://www.ammc.ma/sites/default/files/IAM%201S11_0.pdf,IAM 1S11_0.pdf,151.96 Ko
ATTIJARIWAFA BANK,2011,Rapports consolidés 1er semestre,https://www.ammc.ma/fr/espace-emetteurs/etats-financiers/attijariwafa-bank-3,308,https://www.ammc.ma/sites/default/files/AWB%20conso%201S11.pdf,AWB conso 1S11.pdf,2.9 Mo
ATTIJARIWAFA BANK,2011,Rapports sociaux 1er semestre,https://www.ammc.ma/fr/espace-emetteurs/etats-financiers/attijariwafa-bank-4,308,https://www.ammc.ma/sites/default/files/AWB%201S11.pdf,AWB 1S11.pdf,2.09 Mo
MAROC TELECOM,2010,Rapports consolidés annuels,https://www.ammc.ma/fr/espace-emetteurs/etats-financiers/maroc-telecom-2010-6,310,https://www.ammc.ma/sites/default/files/IAM_conso_2010.pdf,IAM_conso_2010.pdf,3.69 Mo
MAROC TELECOM,2010,Rapports sociaux annuels,https://www.ammc.ma/fr/espace-emetteurs/etats-financiers/maroc-telecom-2010-5,310,https://www.ammc.ma/sites/default/files/IAM_2010.pdf,IAM_2010.pdf,219.27 Ko
COSUMAR,2010,Rapports sociaux annuels,https://www.ammc.ma/fr/espace-emetteurs/etats-financiers/cosumar-2010-8,312,https://www.ammc.ma/sites/default/files/Cosumar_2010.pdf,Cosumar_2010.pdf,2.49 Mo
MANAGEM,2010,Rapports sociaux annuels,https://www.ammc.ma/fr/espace-emetteurs/etats-financiers/managem-2010-8,312,https://www.ammc.ma/sites/default/files/Managem_2010.pdf,Managem_2010.pdf,827.32 Ko
COSUMAR,2010,Rapports consolidés 2eme semestre,https://www.ammc.ma/fr/espace-emetteurs/etats-financiers/cosumar-2010-7,314,https://www.ammc.ma/sites/default/files/Cosumar_conso_2S10.pdf,Cosumar_conso_2S10.pdf,618.19 Ko
LABEL VIE S.A.,2010,Rapports consolidés 2eme semestre,https://www.ammc.ma/fr/espace-emetteurs/etats-financiers/label-vie-sa-2010-6,314,https://www.ammc.ma/sites/default/files/Label%27Vie_conso_2S10.pdf,Label'Vie_conso_2S10.pdf,614.49 Ko
MANAGEM,2010,Rapports consolidés 2eme semestre,https://www.ammc.ma/fr/espace-emetteurs/etats-financiers/managem-2010-7,314,https://www.ammc.ma/sites/default/files/Managem_conso_2S10.pdf,Managem_conso_2S10.pdf,572.6 Ko
Banque Centrale Populaire (BCP),2010,Rapports consolidés 2eme semestre,https://www.ammc.ma/fr/espace-emetteurs/etats-financiers/bcp-2010-6,314,https://www.ammc.ma/sites/default/files/BCP_conso_2S10.pdf,BCP_conso_2S10.pdf,924.9 Ko
LABEL VIE S.A.,2010,Rapports consolidés 1er semestre,https://www.ammc.ma/fr/espace-emetteurs/etats-financiers/label-vie-sa-2010-5,315,https://www.ammc.ma/sites/default/files/Label%27Vie_conso.pdf,Label'Vie_conso.pdf,382.39 Ko
Banque Centrale Populaire (BCP),2010,Rapports consolidés 2eme semestre,https://www.ammc.ma/fr/espace-emetteurs/etats-financiers/bcp-2010-6,315,https://www.ammc.ma/sites/default/files/BCP_conso_2S10.pdf,BCP_conso_2S10.pdf,924.9 Ko
MAROC TELECOM,2010,Rapports consolidés 1er semestre,https://www.ammc.ma/fr/espace-emetteurs/etats-financiers/maroc-telecom-2010-4,315,https://www.ammc.ma/sites/default/files/IAM_1S10_conso.pdf,IAM_1S10_conso.pdf,48.88 Ko
ATTIJARIWAFA BANK,2010,Rapports consolidés 2eme semestre,https://www.ammc.ma/fr/espace-emetteurs/etats-financiers/attijariwafa-bank-2010-6,316,https://www.ammc.ma/sites/default/files/ES_AWB_conso_2010.pdf,ES_AWB_conso_2010.pdf,2.93 Mo
MANAGEM,2010,Rapports consolidés 1er semestre,https://www.ammc.ma/fr/espace-emetteurs/etats-financiers/managem-2010-6,316,https://www.ammc.ma/sites/default/files/Managem_conso.pdf,Managem_conso.pdf,341.24 Ko
LABEL VIE S.A.,2010,Rapports consolidés 1er semestre,https://www.ammc.ma/fr/espace-emetteurs/etats-financiers/label-vie-sa-2010-5,316,https://www.ammc.ma/sites/default/files/Label%27Vie_conso.pdf,Label'Vie_conso.pdf,382.39 Ko
Banque Centrale Populaire (BCP),2010,Rapports consolidés 2eme semestre,https://www.ammc.ma/fr/espace-emetteurs/etats-financiers/bcp-2010-6,316,https://www.ammc.ma/sites/default/files/BCP_conso_2S10.pdf,BCP_conso_2S10.pdf,924.9 Ko
ATTIJARIWAFA BANK,2010,Rapports consolidés 1er semestre,https://www.ammc.ma/fr/espace-emetteurs/etats-financiers/attijariwafa-bank-2010-5,317,https://www.ammc.ma/sites/default/files/AWB_conso.pdf,AWB_conso.pdf,273.84 Ko
Banque Centrale Populaire (BCP),2010,Rapports consolidés 1er semestre,https://www.ammc.ma/fr/espace-emetteurs/etats-financiers/bcp-2010-5,317,https://www.ammc.ma/sites/default/files/BCP_conso.pdf,BCP_conso.pdf,445.26 Ko
COSUMAR,2010,Rapports consolidés 1er semestre,https://www.ammc.ma/fr/espace-emetteurs/etats-financiers/cosumar-2010-6,317,https://www.ammc.ma/sites/default/files/Cosumar_conso.pdf,Cosumar_conso.pdf,2 Mo
CIMENTS DU MAROC,2010,Rapports consolidés 1er semestre,https://www.ammc.ma/fr/espace-emetteurs/etats-financiers/ciments-du-maroc-2010-3,317,https://www.ammc.ma/sites/default/files/Cimar_conso.pdf,Cimar_conso.pdf,84.27 Ko
LABEL VIE S.A.,2010,Rapports sociaux 2eme semestre,https://www.ammc.ma/fr/espace-emetteurs/etats-financiers/label-vie-sa-2010-4,319,https://www.ammc.ma/sites/default/files/Label%27Vie_2S10.pdf,Label'Vie_2S10.pdf,578.82 Ko
MANAGEM,2010,Rapports sociaux 2eme semestre,https://www.ammc.ma/fr/espace-emetteurs/etats-financiers/managem-2010-5,319,https://www.ammc.ma/sites/default/files/Managem_2S10.pdf,Managem_2S10.pdf,521.03 Ko
ATTIJARIWAFA BANK,2010,Rapports sociaux 2eme semestre,https://www.ammc.ma/fr/espace-emetteurs/etats-financiers/attijariwafa-bank-2010-4,320,https://www.ammc.ma/sites/default/files/ES_AWB_2010.pdf,ES_AWB_2010.pdf,2.08 Mo
COSUMAR,2010,Rapports sociaux 2eme semestre,https://www.ammc.ma/fr/espace-emetteurs/etats-financiers/cosumar-2010-5,320,https://www.ammc.ma/sites/default/files/Cosumar_2S10_conso.pdf,Cosumar_2S10_conso.pdf,775.67 Ko
Banque Centrale Populaire (BCP),2010,Rapports sociaux 2eme semestre,https://www.ammc.ma/fr/espace-emetteurs/etats-financiers/bcp-2010-4,320,https://www.ammc.ma/sites/default/files/BCP_2010.pdf,BCP_2010.pdf,474.89 Ko
MAROC TELECOM,2010,Rapports sociaux 1er semestre,https://www.ammc.ma/fr/espace-emetteurs/etats-financiers/maroc-telecom-2010-3,322,https://www.ammc.ma/sites/default/files/IAM_1S10.pdf,IAM_1S10.pdf,51.17 Ko
MAROC TELECOM,2010,Rapports sociaux 1er semestre,https://www.ammc.ma/fr/espace-emetteurs/etats-financiers/maroc-telecom-2010-3,323,https://www.ammc.ma/sites/default/files/IAM_1S10.pdf,IAM_1S10.pdf,51.17 Ko
MANAGEM,2010,Rapports sociaux 1er semestre,https://www.ammc.ma/fr/espace-emetteurs/etats-financiers/managem-2010-4,323,https://www.ammc.ma/sites/default/files/Managem.pdf,Managem.pdf,1.42 Mo
LABEL VIE S.A.,2010,Rapports sociaux 1er semestre,https://www.ammc.ma/fr/espace-emetteurs/etats-financiers/label-vie-sa-2010-3,324,https://www.ammc.ma/sites/default/files/Label%27Vie_1S10.pdf,Label'Vie_1S10.pdf,378.7 Ko
COSUMAR,2010,Rapports sociaux 1er semestre,https://www.ammc.ma/fr/espace-emetteurs/etats-financiers/cosumar-2010-4,325,https://www.ammc.ma/sites/default/files/Cosumar_soc.pdf,Cosumar_soc.pdf,1.25 Mo
CIMENTS DU MAROC,2010,Rapports sociaux 1er semestre,https://www.ammc.ma/fr/espace-emetteurs/etats-financiers/ciments-du-maroc-2010-2,325,https://www.ammc.ma/sites/default/files/Cimar_1S10.pdf,Cimar_1S10.pdf,316.4 Ko
ATTIJARIWAFA BANK,2010,Rapports sociaux 1er semestre,https://www.ammc.ma/fr/espace-emetteurs/etats-financiers/attijariwafa-bank-2010-3,325,https://www.ammc.ma/sites/default/files/AWB_soc.pdf,AWB_soc.pdf,225.42 Ko
Banque Centrale Populaire (BCP),2010,Rapports sociaux 1er semestre,https://www.ammc.ma/fr/espace-emetteurs/etats-financiers/bcp-2010-3,325,https://www.ammc.ma/sites/default/files/BCP_1S10.pdf,BCP_1S10.pdf,365.9 Ko
COSUMAR,2009,Rapports consolidés annuels,https://www.ammc.ma/fr/espace-emetteurs/etats-financiers/cosumar-2009-10,327,https://www.ammc.ma/sites/default/files/Cosumar_conso_09.pdf,Cosumar_conso_09.pdf,1.25 Mo
MAROC TELECOM,2009,Rapports consolidés annuels,https://www.ammc.ma/fr/espace-emetteurs/etats-financiers/maroc-telecom-2009-6,327,https://www.ammc.ma/sites/default/files/IAM_conso_09.pdf,IAM_conso_09.pdf,134.13 Ko
COSUMAR,2009,Rapports consolidés annuels,https://www.ammc.ma/fr/espace-emetteurs/etats-financiers/cosumar-2009-10,328,https://www.ammc.ma/sites/default/files/Cosumar_conso_09.pdf,Cosumar_conso_09.pdf,1.25 Mo
MAROC TELECOM,2009,Rapports sociaux annuels,https://www.ammc.ma/fr/espace-emetteurs/etats-financiers/maroc-telecom-2009-5,328,https://www.ammc.ma/sites/default/files/IAM_2009.pdf,IAM_2009.pdf,180.11 Ko
MAROC TELECOM,2009,Rapports sociaux annuels,https://www.ammc.ma/fr/espace-emetteurs/etats-financiers/maroc-telecom-2009-5,329,https://www.ammc.ma/sites/default/files/IAM_2009.pdf,IAM_2009.pdf,180.11 Ko
COSUMAR,2009,Rapports sociaux annuels,https://www.ammc.ma/fr/espace-emetteurs/etats-financiers/cosumar-2009-9,330,https://www.ammc.ma/sites/default/files/Cosumar.pdf,Cosumar.pdf,1.31 Mo
CIMENTS DU MAROC,2009,Rapports sociaux annuels,https://www.ammc.ma/fr/espace-emetteurs/etats-financiers/ciments-du-maroc-2009-4,330,https://www.ammc.ma/sites/default/files/Cimar_conso_09.pdf,Cimar_conso_09.pdf,191.28 Ko
LABEL VIE S.A.,2009,Rapports sociaux annuels,https://www.ammc.ma/fr/espace-emetteurs/etats-financiers/label-vie-sa-2009-4,331,https://www.ammc.ma/sites/default/files/Label%27Vie_09.pdf,Label'Vie_09.pdf,2.84 Mo
COSUMAR,2009,Rapports sociaux annuels,https://www.ammc.ma/fr/espace-emetteurs/etats-financiers/cosumar-2009-9,331,https://www.ammc.ma/sites/default/files/Cosumar.pdf,Cosumar.pdf,1.31 Mo
CIMENTS DU MAROC,2009,Rapports sociaux annuels,https://www.ammc.ma/fr/espace-emetteurs/etats-financiers/ciments-du-maroc-2009-4,331,https://www.ammc.ma/sites/default/files/Cimar_conso_09.pdf,Cimar_conso_09.pdf,191.28 Ko
Banque Centrale Populaire (BCP),2009,Rapports sociaux annuels,https://www.ammc.ma/fr/espace-emetteurs/etats-financiers/bcp-2009-8,332,https://www.ammc.ma/sites/default/files/BCP_09.pdf,BCP_09.pdf,221.67 Ko
MAROC TELECOM,2009,Rapports consolidés 2eme semestre,https://www.ammc.ma/fr/espace-emetteurs/etats-financiers/maroc-telecom-2009-4,333,https://www.ammc.ma/sites/default/files/IAM_2S09.pdf,IAM_2S09.pdf,71.8 Ko
MANAGEM,2009,Rapports consolidés 2eme semestre,https://www.ammc.ma/fr/espace-emetteurs/etats-financiers/managem-2009-8,334,https://www.ammc.ma/sites/default/files/Managem_conso_2S09.pdf,Managem_conso_2S09.pdf,5.89 Mo
COSUMAR,2009,Rapports consolidés 2eme semestre,https://www.ammc.ma/fr/espace-emetteurs/etats-financiers/cosumar-2009-8,334,https://www.ammc.ma/sites/default/files/Cosumar_conso_2S09.pdf,Cosumar_conso_2S09.pdf,1.08 Mo
MAROC TELECOM,2009,Rapports consolidés 1er semestre,https://www.ammc.ma/fr/espace-emetteurs/etats-financiers/maroc-telecom-2009-3,335,https://www.ammc.ma/sites/default/files/MarocTelecom-CP-Resultats-S1-2009-FR.pdf,MarocTelecom-CP-Resultats-S1-2009-FR.pdf,278.97 Ko
Banque Centrale Populaire (BCP),2009,Rapports consolidés 2eme semestre,https://www.ammc.ma/fr/espace-emetteurs/etats-financiers/bcp-2009-7,335,https://www.ammc.ma/sites/default/files/BCP_2S09_conso.pdf,BCP_2S09_conso.pdf,340.93 Ko
MAROC TELECOM,2009,Rapports consolidés 1er semestre,https://www.ammc.ma/fr/espace-emetteurs/etats-financiers/maroc-telecom-2009-3,336,https://www.ammc.ma/sites/default/files/MarocTelecom-CP-Resultats-S1-2009-FR.pdf,MarocTelecom-CP-Resultats-S1-2009-FR.pdf,278.97 Ko
Banque Centrale Populaire (BCP),2009,Rapports consolidés 2eme semestre,https://www.ammc.ma/fr/espace-emetteurs/etats-financiers/bcp-2009-7,336,https://www.ammc.ma/sites/default/files/BCP_2S09_conso.pdf,BCP_2S09_conso.pdf,340.93 Ko
ATTIJARIWAFA BANK,2009,Rapports consolidés 2eme semestre,https://www.ammc.ma/fr/espace-emetteurs/etats-financiers/attijariwafa-bank-2009-6,336,https://www.ammc.ma/sites/default/files/ES_AWB_2S09_conso.pdf,ES_AWB_2S09_conso.pdf,263.16 Ko
ATTIJARIWAFA BANK,2009,Rapports consolidés 1er semestre,https://www.ammc.ma/fr/espace-emetteurs/etats-financiers/attijariwafa-bank-2009-5,337,https://www.ammc.ma/sites/default/files/AWB_conso_1S09.pdf,AWB_conso_1S09.pdf,226.67 Ko
CIMENTS DU MAROC,2009,Rapports consolidés 1er semestre,https://www.ammc.ma/fr/espace-emetteurs/etats-financiers/ciments-du-maroc-2009-3,337,https://www.ammc.ma/sites/default/files/Cimar_1S09_cons_2009-09-30_EC_.pdf,Cimar_1S09_cons_2009-09-30_EC_.pdf,469.36 Ko
ATTIJARIWAFA BANK,2009,Rapports consolidés 1er semestre,https://www.ammc.ma/fr/espace-emetteurs/etats-financiers/attijariwafa-bank-2009-5,338,https://www.ammc.ma/sites/default/files/AWB_conso_1S09.pdf,AWB_conso_1S09.pdf,226.67 Ko
CIMENTS DU MAROC,2009,Rapports consolidés 1er semestre,https://www.ammc.ma/fr/espace-emetteurs/etats-financiers/ciments-du-maroc-2009-3,338,https://www.ammc.ma/sites/default/files/Cimar_1S09_cons_2009-09-30_EC_.pdf,Cimar_1S09_cons_2009-09-30_EC_.pdf,469.36 Ko
LABEL VIE S.A.,2009,Rapports sociaux 2eme semestre,https://www.ammc.ma/fr/espace-emetteurs/etats-financiers/label-vie-sa-2009-3,340,https://www.ammc.ma/sites/default/files/Label%27Vie_2S09.pdf,Label'Vie_2S09.pdf,2.59 Mo
MANAGEM,2009,Rapports sociaux 2eme semestre,https://www.ammc.ma/fr/espace-emetteurs/etats-financiers/managem-2009-6,340,https://www.ammc.ma/sites/default/files/Managem_2S09%281%29.pdf,Managem_2S09(1).pdf,3.62 Mo
Banque Centrale Populaire (BCP),2009,Rapports sociaux 2eme semestre,https://www.ammc.ma/fr/espace-emetteurs/etats-financiers/bcp-2009-5,341,https://www.ammc.ma/sites/default/files/BCP_2S09.pdf,BCP_2S09.pdf,271.34 Ko
COSUMAR,2009,Rapports sociaux 2eme semestre,https://www.ammc.ma/fr/espace-emetteurs/etats-financiers/cosumar-2009-6,341,https://www.ammc.ma/sites/default/files/Cosumar_2S09.pdf,Cosumar_2S09.pdf,1.07 Mo
ATTIJARIWAFA BANK,2009,Rapports sociaux 2eme semestre,https://www.ammc.ma/fr/espace-emetteurs/etats-financiers/attijariwafa-bank-2009-4,341,https://www.ammc.ma/sites/default/files/ES_AWB_2S09%281%29.pdf,ES_AWB_2S09(1).pdf,4.53 Mo
MANAGEM,2009,Rapports sociaux 1er semestre,https://www.ammc.ma/fr/espace-emetteurs/etats-financiers/managem-2009-5,343,https://www.ammc.ma/sites/default/files/Managem_1S09.pdf,Managem_1S09.pdf,710.65 Ko
LABEL VIE S.A.,2009,Rapports sociaux 1er semestre,https://www.ammc.ma/fr/espace-emetteurs/etats-financiers/label-vie-sa-2009-2,344,https://www.ammc.ma/sites/default/files/Label%27Vie_1S09.pdf,Label'Vie_1S09.pdf,163.68 Ko
LABEL VIE S.A.,2009,Rapports sociaux 1er semestre,https://www.ammc.ma/fr/espace-emetteurs/etats-financiers/label-vie-sa-2009-2,345,https://www.ammc.ma/sites/default/files/Label%27Vie_1S09.pdf,Label'Vie_1S09.pdf,163.68 Ko
COSUMAR,2009,Rapports sociaux 1er semestre,https://www.ammc.ma/fr/espace-emetteurs/etats-financiers/cosumar-2009-5,345,https://www.ammc.ma/sites/default/files/Cosumar_1S09_2009-09-30_EC.pdf,Cosumar_1S09_2009-09-30_EC.pdf,475.71 Ko
COSUMAR,2009,Rapports sociaux 1er semestre,https://www.ammc.ma/fr/espace-emetteurs/etats-financiers/cosumar-2009-5,346,https://www.ammc.ma/sites/default/files/Cosumar_1S09_2009-09-30_EC.pdf,Cosumar_1S09_2009-09-30_EC.pdf,475.71 Ko
ATTIJARIWAFA BANK,2009,Rapports sociaux 1er semestre,https://www.ammc.ma/fr/espace-emetteurs/etats-financiers/attijariwafa-bank-2009-3,347,https://www.ammc.ma/sites/default/files/AWB_1S09.pdf,AWB_1S09.pdf,1.87 Mo
Banque Centrale Populaire (BCP),2009,Rapports sociaux 1er semestre,https://www.ammc.ma/fr/espace-emetteurs/etats-financiers/bcp-2009-4,347,https://www.ammc.ma/sites/default/files/BCP_1S09_2009-09-30_MA.pdf,BCP_1S09_2009-09-30_MA.pdf,191.69 Ko
MAROC TELECOM,2008,Rapports consolidés annuels,https://www.ammc.ma/fr/espace-emetteurs/etats-financiers/maroc-telecom-2008-6,348,https://www.ammc.ma/sites/default/files/Maroc_Telecom_2008_conso.pdf,Maroc_Telecom_2008_conso.pdf,65.04 Ko
CIMENTS DU MAROC,2008,Rapports consolidés annuels,https://www.ammc.ma/fr/espace-emetteurs/etats-financiers/ciments-du-maroc-2008-6,348,https://www.ammc.ma/sites/default/files/Cimara_conso_08.pdf,Cimara_conso_08.pdf,155.79 Ko
MAROC TELECOM,2008,Rapports sociaux annuels,https://www.ammc.ma/fr/espace-emetteurs/etats-financiers/maroc-telecom-2008-5,350,https://www.ammc.ma/sites/default/files/Maroc_Telecom_2008.pdf,Maroc_Telecom_2008.pdf,113.1 Ko
COSUMAR,2008,Rapports sociaux annuels,https://www.ammc.ma/fr/espace-emetteurs/etats-financiers/cosumar-2008-8,352,https://www.ammc.ma/sites/default/files/Cosumar_08.pdf,Cosumar_08.pdf,1.18 Mo
CIMENTS DU MAROC,2008,Rapports sociaux annuels,https://www.ammc.ma/fr/espace-emetteurs/etats-financiers/ciments-du-maroc-2008-5,352,https://www.ammc.ma/sites/default/files/Cimar_2008.pdf,Cimar_2008.pdf,312.01 Ko
MANAGEM,2008,Rapports sociaux annuels,https://www.ammc.ma/fr/espace-emetteurs/etats-financiers/managem-2008-8,352,https://www.ammc.ma/sites/default/files/Managem_08.pdf,Managem_08.pdf,913.84 Ko
LABEL VIE S.A.,2008,Rapports sociaux annuels,https://www.ammc.ma/fr/espace-emetteurs/etats-financiers/label-vie-sa-2008-6,353,https://www.ammc.ma/sites/default/files/Label%27Vie_08.pdf,Label'Vie_08.pdf,928.65 Ko
Banque Centrale Populaire (BCP),2008,Rapports sociaux annuels,https://www.ammc.ma/fr/espace-emetteurs/etats-financiers/bcp-2008-8,353,https://www.ammc.ma/sites/default/files/BCP_08.pdf,BCP_08.pdf,334.72 Ko
ATTIJARIWAFA BANK,2008,Rapports sociaux annuels,https://www.ammc.ma/fr/espace-emetteurs/etats-financiers/attijariwafa-bank-2008-8,353,https://www.ammc.ma/sites/default/files/AWB_08%281%29.pdf,AWB_08(1).pdf,374.39 Ko
MAROC TELECOM,2008,Rapports consolidés 2eme semestre,https://www.ammc.ma/fr/espace-emetteurs/etats-financiers/maroc-telecom-2008-4,355,https://www.ammc.ma/sites/default/files/IAM_2008.pdf,IAM_2008.pdf,67.82 Ko
COSUMAR,2008,Rapports consolidés 2eme semestre,https://www.ammc.ma/fr/espace-emetteurs/etats-financiers/cosumar-2008-7,355,https://www.ammc.ma/sites/default/files/Cosumar_2S08_conso.pdf,Cosumar_2S08_conso.pdf,1.05 Mo
COSUMAR,2008,Rapports consolidés 2eme semestre,https://www.ammc.ma/fr/espace-emetteurs/etats-financiers/cosumar-2008-7,356,https://www.ammc.ma/sites/default/files/Cosumar_2S08_conso.pdf,Cosumar_2S08_conso.pdf,1.05 Mo
MANAGEM,2008,Rapports consolidés 1er semestre,https://www.ammc.ma/fr/espace-emetteurs/etats-financiers/managem-2008-6,356,https://www.ammc.ma/sites/default/files/Managem_1S08_conso.pdf,Managem_1S08_conso.pdf,759.1 Ko
ATTIJARIWAFA BANK,2008,Rapports consolidés 2eme semestre,https://www.ammc.ma/fr/espace-emetteurs/etats-financiers/attijariwafa-bank-2008-7,357,https://www.ammc.ma/sites/default/files/AWB_conso_08.pdf,AWB_conso_08.pdf,259.87 Ko
Banque Centrale Populaire (BCP),2008,Rapports consolidés 2eme semestre,https://www.ammc.ma/fr/espace-emetteurs/etats-financiers/bcp-2008-7,357,https://www.ammc.ma/sites/default/files/BCP_conso_08.pdf,BCP_conso_08.pdf,987.68 Ko
MANAGEM,2008,Rapports consolidés 1er semestre,https://www.ammc.ma/fr/espace-emetteurs/etats-financiers/managem-2008-6,358,https://www.ammc.ma/sites/default/files/Managem_1S08_conso.pdf,Managem_1S08_conso.pdf,759.1 Ko
ATTIJARIWAFA BANK,2008,Rapports consolidés 2eme semestre,https://www.ammc.ma/fr/espace-emetteurs/etats-financiers/attijariwafa-bank-2008-7,358,https://www.ammc.ma/sites/default/files/AWB_conso_08.pdf,AWB_conso_08.pdf,259.87 Ko
Banque Centrale Populaire (BCP),2008,Rapports consolidés 2eme semestre,https://www.ammc.ma/fr/espace-emetteurs/etats-financiers/bcp-2008-7,358,https://www.ammc.ma/sites/default/files/BCP_conso_08.pdf,BCP_conso_08.pdf,987.68 Ko
ATTIJARIWAFA BANK,2008,Rapports consolidés 1er semestre,https://www.ammc.ma/fr/espace-emetteurs/etats-financiers/attijariwafa-bank-2008-6,359,https://www.ammc.ma/sites/default/files/AWB_conso_1S08.pdf,AWB_conso_1S08.pdf,287.63 Ko
CIMENTS DU MAROC,2008,Rapports consolidés 1er semestre,https://www.ammc.ma/fr/espace-emetteurs/etats-financiers/ciments-du-maroc-2008-4,359,https://www.ammc.ma/sites/default/files/Cimar_1S08_conso.pdf,Cimar_1S08_conso.pdf,92.69 Ko
COSUMAR,2008,Rapports consolidés 1er semestre,https://www.ammc.ma/fr/espace-emetteurs/etats-financiers/cosumar-2008-6,360,https://www.ammc.ma/sites/default/files/Cosumar_1S08_conso.pdf,Cosumar_1S08_conso.pdf,428.72 Ko
Banque Centrale Populaire (BCP),2008,Rapports consolidés 1er semestre,https://www.ammc.ma/fr/espace-emetteurs/etats-financiers/bcp-2008-6,360,https://www.ammc.ma/sites/default/files/BCP_1S08_cons_2008-09-24_MA.pdf,BCP_1S08_cons_2008-09-24_MA.pdf,731.37 Ko
MANAGEM,2008,Rapports sociaux 2eme semestre,https://www.ammc.ma/fr/espace-emetteurs/etats-financiers/managem-2008-5,362,https://www.ammc.ma/sites/default/files/Managem_2S08.pdf,Managem_2S08.pdf,3.72 Mo
LABEL VIE S.A.,2008,Rapports sociaux 2eme semestre,https://www.ammc.ma/fr/espace-emetteurs/etats-financiers/label-vie-sa-2008-4,362,https://www.ammc.ma/sites/default/files/Label%27Vie_2S08.pdf,Label'Vie_2S08.pdf,363.12 Ko
ATTIJARIWAFA BANK,2008,Rapports sociaux 2eme semestre,https://www.ammc.ma/fr/espace-emetteurs/etats-financiers/attijariwafa-bank-2008-5,362,https://www.ammc.ma/sites/default/files/AWB_08.pdf,AWB_08.pdf,394.59 Ko
Banque Centrale Populaire (BCP),2008,Rapports sociaux 2eme semestre,https://www.ammc.ma/fr/espace-emetteurs/etats-financiers/bcp-2008-5,363,https://www.ammc.ma/sites/default/files/BCP_sociaux_08.pdf,BCP_sociaux_08.pdf,740.44 Ko
COSUMAR,2008,Rapports sociaux 2eme semestre,https://www.ammc.ma/fr/espace-emetteurs/etats-financiers/cosumar-2008-5,363,https://www.ammc.ma/sites/default/files/Cosumar_2S08.pdf,Cosumar_2S08.pdf,631.68 Ko
ATTIJARIWAFA BANK,2008,Rapports sociaux 2eme semestre,https://www.ammc.ma/fr/espace-emetteurs/etats-financiers/attijariwafa-bank-2008-5,363,https://www.ammc.ma/sites/default/files/AWB_08.pdf,AWB_08.pdf,394.59 Ko
LABEL VIE S.A.,2008,Rapports sociaux 1er semestre,https://www.ammc.ma/fr/espace-emetteurs/etats-financiers/label-vie-sa-2008-3,367,https://www.ammc.ma/sites/default/files/Label%27Vie_1S08.pdf,Label'Vie_1S08.pdf,220.92 Ko
CIMENTS DU MAROC,2008,Rapports sociaux 1er semestre,https://www.ammc.ma/fr/espace-emetteurs/etats-financiers/ciments-du-maroc-2008-3,368,https://www.ammc.ma/sites/default/files/Cimar_1S08.pdf,Cimar_1S08.pdf,149.63 Ko
ATTIJARIWAFA BANK,2008,Rapports sociaux 1er semestre,https://www.ammc.ma/fr/espace-emetteurs/etats-financiers/attijariwafa-bank-2008-4,369,https://www.ammc.ma/sites/default/files/AWB_1S08.pdf,AWB_1S08.pdf,1.83 Mo
Banque Centrale Populaire (BCP),2008,Rapports sociaux 1er semestre,https://www.ammc.ma/fr/espace-emetteurs/etats-financiers/bcp-2008-4,369,https://www.ammc.ma/sites/default/files/BCP_1S08.pdf,BCP_1S08.pdf,2.83 Mo
MAROC TELECOM,2007,Rapports consolidés annuels,https://www.ammc.ma/fr/espace-emetteurs/etats-financiers/maroc-telecom-2007-4,370,https://www.ammc.ma/sites/default/files/ES_IAM_2007_consolid%C3%A9.pdf,ES_IAM_2007_consolidé.pdf,101.17 Ko
CIMENTS DU MAROC,2007,Rapports consolidés annuels,https://www.ammc.ma/fr/espace-emetteurs/etats-financiers/ciments-du-maroc-2007-6,370,https://www.ammc.ma/sites/default/files/Cimar_2007_conso.pdf,Cimar_2007_conso.pdf,186.17 Ko
Banque Centrale Populaire (BCP),2007,Rapports consolidés annuels,https://www.ammc.ma/fr/espace-emetteurs/etats-financiers/bcp-2007-8,371,https://www.ammc.ma/sites/default/files/BCP_2007_conso.pdf,BCP_2007_conso.pdf,3.2 Mo
Banque Centrale Populaire (BCP),2007,Rapports consolidés annuels,https://www.ammc.ma/fr/espace-emetteurs/etats-financiers/bcp-2007-8,372,https://www.ammc.ma/sites/default/files/BCP_2007_conso.pdf,BCP_2007_conso.pdf,3.2 Mo
MAROC TELECOM,2007,Rapports sociaux annuels,https://www.ammc.ma/fr/espace-emetteurs/etats-financiers/maroc-telecom-2007-3,372,https://www.ammc.ma/sites/default/files/ES_IAM_2007.pdf,ES_IAM_2007.pdf,178.25 Ko
MANAGEM,2007,Rapports consolidés 2eme semestre,https://www.ammc.ma/fr/espace-emetteurs/etats-financiers/managem-2007-7,377,https://www.ammc.ma/sites/default/files/Managem_2S07_conso.pdf,Managem_2S07_conso.pdf,2.63 Mo
ATTIJARIWAFA BANK,2007,Rapports consolidés 2eme semestre,https://www.ammc.ma/fr/espace-emetteurs/etats-financiers/attijariwafa-bank-2007-6,378,https://www.ammc.ma/sites/default/files/ES_Attijariwafa_2S07_consolid%C3%A9.pdf,ES_Attijariwafa_2S07_consolidé.pdf,531.23 Ko
ATTIJARIWAFA BANK,2007,Rapports consolidés 2eme semestre,https://www.ammc.ma/fr/espace-emetteurs/etats-financiers/attijariwafa-bank-2007-6,379,https://www.ammc.ma/sites/default/files/ES_Attijariwafa_2S07_consolid%C3%A9.pdf,ES_Attijariwafa_2S07_consolidé.pdf,531.23 Ko
Banque Centrale Populaire (BCP),2007,Rapports consolidés 2eme semestre,https://www.ammc.ma/fr/espace-emetteurs/etats-financiers/bcp-2007-6,379,https://www.ammc.ma/sites/default/files/BCP_2S07_conso.pdf,BCP_2S07_conso.pdf,107.41 Ko
MANAGEM,2007,Rapports consolidés 1er semestre,https://www.ammc.ma/fr/espace-emetteurs/etats-financiers/managem-2007-6,379,https://www.ammc.ma/sites/default/files/Managem_1S07_consolid%C3%A9s.pdf,Managem_1S07_consolidés.pdf,1.04 Mo
CIMENTS DU MAROC,2007,Rapports consolidés 1er semestre,https://www.ammc.ma/fr/espace-emetteurs/etats-financiers/ciments-du-maroc-2007-4,379,https://www.ammc.ma/sites/default/files/Ciments_du_Maroc_consolid%C3%A9_1S07.pdf,Ciments_du_Maroc_consolidé_1S07.pdf,195.99 Ko
CIMENTS DU MAROC,2007,Rapports consolidés 1er semestre,https://www.ammc.ma/fr/espace-emetteurs/etats-financiers/ciments-du-maroc-2007-4,380,https://www.ammc.ma/sites/default/files/Ciments_du_Maroc_consolid%C3%A9_1S07.pdf,Ciments_du_Maroc_consolidé_1S07.pdf,195.99 Ko
ATTIJARIWAFA BANK,2007,Rapports consolidés 1er semestre,https://www.ammc.ma/fr/espace-emetteurs/etats-financiers/attijariwafa-bank-2007-5,380,https://www.ammc.ma/sites/default/files/AWB_1S07_consolid%C3%A9s.pdf,AWB_1S07_consolidés.pdf,3.89 Mo
COSUMAR,2007,Rapports consolidés 1er semestre,https://www.ammc.ma/fr/espace-emetteurs/etats-financiers/cosumar-2007-6,380,https://www.ammc.ma/sites/default/files/Cosumar_1S07_consolid%C3%A9s.pdf,Cosumar_1S07_consolidés.pdf,657.92 Ko
Banque Centrale Populaire (BCP),2007,Rapports sociaux 2eme semestre,https://www.ammc.ma/fr/espace-emetteurs/etats-financiers/bcp-2007-5,383,https://www.ammc.ma/sites/default/files/BCP_2S07_sociaux.pdf,BCP_2S07_sociaux.pdf,109.99 Ko
COSUMAR,2007,Rapports sociaux 2eme semestre,https://www.ammc.ma/fr/espace-emetteurs/etats-financiers/cosumar-2007-5,383,https://www.ammc.ma/sites/default/files/Cosumar_2S07_sociaux.pdf,Cosumar_2S07_sociaux.pdf,608.28 Ko
ATTIJARIWAFA BANK,2007,Rapports sociaux 2eme semestre,https://www.ammc.ma/fr/espace-emetteurs/etats-financiers/attijariwafa-bank-2007-4,383,https://www.ammc.ma/sites/default/files/ES_Attijariwafa_2S07_sociaux.pdf,ES_Attijariwafa_2S07_sociaux.pdf,281.42 Ko
MANAGEM,2007,Rapports sociaux 1er semestre,https://www.ammc.ma/fr/espace-emetteurs/etats-financiers/managem-2007-4,385,https://www.ammc.ma/sites/default/files/Managem_1S07_sociaux.pdf,Managem_1S07_sociaux.pdf,640.09 Ko
MAROC TELECOM,2007,Rapports sociaux 1er semestre,https://www.ammc.ma/fr/espace-emetteurs/etats-financiers/maroc-telecom-2007-2,385,https://www.ammc.ma/sites/default/files/MarocTelecom_1S07.pdf,MarocTelecom_1S07.pdf,268.09 Ko
CIMENTS DU MAROC,2007,Rapports sociaux 1er semestre,https://www.ammc.ma/fr/espace-emetteurs/etats-financiers/ciments-du-maroc-2007-3,386,https://www.ammc.ma/sites/default/files/Ciments_du_Maroc_sociaux_1S07.pdf,Ciments_du_Maroc_sociaux_1S07.pdf,219.82 Ko
COSUMAR,2007,Rapports sociaux 1er semestre,https://www.ammc.ma/fr/espace-emetteurs/etats-financiers/cosumar-2007-4,387,https://www.ammc.ma/sites/default/files/Cosumar_1S07_sociaux.pdf,Cosumar_1S07_sociaux.pdf,385.71 Ko
CIMENTS DU MAROC,2007,Rapports sociaux 1er semestre,https://www.ammc.ma/fr/espace-emetteurs/etats-financiers/ciments-du-maroc-2007-3,387,https://www.ammc.ma/sites/default/files/Ciments_du_Maroc_sociaux_1S07.pdf,Ciments_du_Maroc_sociaux_1S07.pdf,219.82 Ko
Banque Centrale Populaire (BCP),2007,Rapports sociaux 1er semestre,https://www.ammc.ma/fr/espace-emetteurs/etats-financiers/bcp-2007-4,388,https://www.ammc.ma/sites/default/files/BCP_1S07.pdf,BCP_1S07.pdf,659 Ko
Banque Centrale Populaire (BCP),2006,Rapports consolidés annuels,https://www.ammc.ma/fr/espace-emetteurs/etats-financiers/bcp-2006-10,388,https://www.ammc.ma/sites/default/files/BCP_2006_consolid%C3%A9s.pdf,BCP_2006_consolidés.pdf,840.15 Ko
CIMENTS DU MAROC,2006,Rapports consolidés annuels,https://www.ammc.ma/fr/espace-emetteurs/etats-financiers/ciments-du-maroc-2006-6,389,https://www.ammc.ma/sites/default/files/Cimar_2006_consolid%C3%A9s.pdf,Cimar_2006_consolidés.pdf,880.65 Ko
Banque Centrale Populaire (BCP),2006,Rapports consolidés annuels,https://www.ammc.ma/fr/espace-emetteurs/etats-financiers/bcp-2006-10,389,https://www.ammc.ma/sites/default/files/BCP_2006_consolid%C3%A9s.pdf,BCP_2006_consolidés.pdf,840.15 Ko
COSUMAR,2006,Rapports sociaux annuels,https://www.ammc.ma/fr/espace-emetteurs/etats-financiers/cosumar-2006-8,389,https://www.ammc.ma/sites/default/files/Cosumar_2006_sociaux.pdf,Cosumar_2006_sociaux.pdf,920.15 Ko
CIMENTS DU MAROC,2006,Rapports sociaux annuels,https://www.ammc.ma/fr/espace-emetteurs/etats-financiers/ciments-du-maroc-2006-5,389,https://www.ammc.ma/sites/default/files/Cimar_2006_sociaux.pdf,Cimar_2006_sociaux.pdf,1009.86 Ko
Banque Centrale Populaire (BCP),2006,Rapports sociaux annuels,https://www.ammc.ma/fr/espace-emetteurs/etats-financiers/bcp-2006-9,389,https://www.ammc.ma/sites/default/files/BCP_2006_sociaux.pdf,BCP_2006_sociaux.pdf,795.73 Ko
Banque Centrale Populaire (BCP),2006,Rapports sociaux annuels,https://www.ammc.ma/fr/espace-emetteurs/etats-financiers/bcp-2006-9,390,https://www.ammc.ma/sites/default/files/BCP_2006_sociaux.pdf,BCP_2006_sociaux.pdf,795.73 Ko
COSUMAR,2006,Rapports consolidés 2eme semestre,https://www.ammc.ma/fr/espace-emetteurs/etats-financiers/cosumar-2006-7,391,https://www.ammc.ma/sites/default/files/Cosumar_2S06_consolid%C3%A9s.pdf,Cosumar_2S06_consolidés.pdf,69.88 Ko
ATTIJARIWAFA BANK,2006,Rapports consolidés 2eme semestre,https://www.ammc.ma/fr/espace-emetteurs/etats-financiers/attijariwafa-bank-2006-6,391,https://www.ammc.ma/sites/default/files/AWB_2S06_consolid%C3%A9s.pdf,AWB_2S06_consolidés.pdf,1004.19 Ko
Banque Centrale Populaire (BCP),2006,Rapports consolidés 2eme semestre,https://www.ammc.ma/fr/espace-emetteurs/etats-financiers/bcp-2006-8,391,https://www.ammc.ma/sites/default/files/BCP_2S06_consolid%C3%A9s.pdf,BCP_2S06_consolidés.pdf,1.06 Mo
ATTIJARIWAFA BANK,2006,Rapports consolidés 1er semestre,https://www.ammc.ma/fr/espace-emetteurs/etats-financiers/attijariwafa-bank-2006-5,392,https://www.ammc.ma/sites/default/files/AWB_1S06_consolid%C3%A9s.pdf,AWB_1S06_consolidés.pdf,1.54 Mo
COSUMAR,2006,Rapports consolidés 1er semestre,https://www.ammc.ma/fr/espace-emetteurs/etats-financiers/cosumar-2006-6,392,https://www.ammc.ma/sites/default/files/Cosumar_1S06_consolid%C3%A9s.pdf,Cosumar_1S06_consolidés.pdf,404.75 Ko
CIMENTS DU MAROC,2006,Rapports consolidés 1er semestre,https://www.ammc.ma/fr/espace-emetteurs/etats-financiers/ciments-du-maroc-2006-4,392,https://www.ammc.ma/sites/default/files/Cimar_1S06_consolid%C3%A9s.pdf,Cimar_1S06_consolidés.pdf,492.87 Ko
COSUMAR,2006,Rapports consolidés 1er semestre,https://www.ammc.ma/fr/espace-emetteurs/etats-financiers/cosumar-2006-6,393,https://www.ammc.ma/sites/default/files/Cosumar_1S06_consolid%C3%A9s.pdf,Cosumar_1S06_consolidés.pdf,404.75 Ko
CIMENTS DU MAROC,2006,Rapports consolidés 1er semestre,https://www.ammc.ma/fr/espace-emetteurs/etats-financiers/ciments-du-maroc-2006-4,393,https://www.ammc.ma/sites/default/files/Cimar_1S06_consolid%C3%A9s.pdf,Cimar_1S06_consolidés.pdf,492.87 Ko
MANAGEM,2006,Rapports sociaux 2eme semestre,https://www.ammc.ma/fr/espace-emetteurs/etats-financiers/managem-2006-2,395,https://www.ammc.ma/sites/default/files/Managem_2S06.pdf,Managem_2S06.pdf,2.25 Mo
MAROC TELECOM,2006,Rapports sociaux 2eme semestre,https://www.ammc.ma/fr/espace-emetteurs/etats-financiers/maroc-telecom-2006-2,395,https://www.ammc.ma/sites/default/files/MarocTelecom_2S06.pdf,MarocTelecom_2S06.pdf,606.23 Ko
COSUMAR,2006,Rapports sociaux 2eme semestre,https://www.ammc.ma/fr/espace-emetteurs/etats-financiers/cosumar-2006-5,396,https://www.ammc.ma/sites/default/files/Cosumar_2S06_sociaux.pdf,Cosumar_2S06_sociaux.pdf,88.08 Ko
ATTIJARIWAFA BANK,2006,Rapports sociaux 2eme semestre,https://www.ammc.ma/fr/espace-emetteurs/etats-financiers/attijariwafa-bank-2006-4,396,https://www.ammc.ma/sites/default/files/AWB_2S06__sociaux.pdf,AWB_2S06__sociaux.pdf,2.71 Mo
Banque Centrale Populaire (BCP),2006,Rapports sociaux 2eme semestre,https://www.ammc.ma/fr/espace-emetteurs/etats-financiers/bcp-2006-6,396,https://www.ammc.ma/sites/default/files/BCP_2S06_sociaux.pdf,BCP_2S06_sociaux.pdf,891.13 Ko
ATTIJARIWAFA BANK,2006,Rapports sociaux 2eme semestre,https://www.ammc.ma/fr/espace-emetteurs/etats-financiers/attijariwafa-bank-2006-4,397,https://www.ammc.ma/sites/default/files/AWB_2S06__sociaux.pdf,AWB_2S06__sociaux.pdf,2.71 Mo
MANAGEM,2006,Rapports sociaux 1er semestre,https://www.ammc.ma/fr/espace-emetteurs/etats-financiers/managem-2006-1,399,https://www.ammc.ma/sites/default/files/Managem_1S06.pdf,Managem_1S06.pdf,519.28 Ko
ATTIJARIWAFA BANK,2006,Rapports sociaux 1er semestre,https://www.ammc.ma/fr/espace-emetteurs/etats-financiers/attijariwafa-bank-2006-3,402,https://www.ammc.ma/sites/default/files/AWB_1S06_sociaux.pdf,AWB_1S06_sociaux.pdf,1.98 Mo
Banque Centrale Populaire (BCP),2006,Rapports sociaux 1er semestre,https://www.ammc.ma/fr/espace-emetteurs/etats-financiers/bcp-2006-5,402,https://www.ammc.ma/sites/default/files/BCP_1S06.pdf,BCP_1S06.pdf,44.3 Ko
COSUMAR,2005,Rapports consolidés annuels,https://www.ammc.ma/fr/espace-emetteurs/etats-financiers/cosumar-2005-8,402,https://www.ammc.ma/sites/default/files/Cosumar_2005_consolid%C3%A9s.pdf,Cosumar_2005_consolidés.pdf,644.5 Ko
CIMENTS DU MAROC,2005,Rapports consolidés annuels,https://www.ammc.ma/fr/espace-emetteurs/etats-financiers/ciments-du-maroc-2005-6,402,https://www.ammc.ma/sites/default/files/Cimar_2005_consolid%C3%A9s.pdf,Cimar_2005_consolidés.pdf,1.57 Mo
CIMENTS DU MAROC,2005,Rapports consolidés annuels,https://www.ammc.ma/fr/espace-emetteurs/etats-financiers/ciments-du-maroc-2005-6,403,https://www.ammc.ma/sites/default/files/Cimar_2005_consolid%C3%A9s.pdf,Cimar_2005_consolidés.pdf,1.57 Mo
CIMENTS DU MAROC,2005,Rapports sociaux annuels,https://www.ammc.ma/fr/espace-emetteurs/etats-financiers/ciments-du-maroc-2005-5,403,https://www.ammc.ma/sites/default/files/Cimar_2005_sociaux.pdf,Cimar_2005_sociaux.pdf,1.09 Mo
COSUMAR,2005,Rapports sociaux annuels,https://www.ammc.ma/fr/espace-emetteurs/etats-financiers/cosumar-2005-7,403,https://www.ammc.ma/sites/default/files/Cosumar_2005_sociaux.pdf,Cosumar_2005_sociaux.pdf,877.51 Ko
Banque Centrale Populaire (BCP),2005,Rapports sociaux annuels,https://www.ammc.ma/fr/espace-emetteurs/etats-financiers/bcp-2005-8,404,https://www.ammc.ma/sites/default/files/BCP_2005_sociaux.pdf,BCP_2005_sociaux.pdf,1.19 Mo
ATTIJARIWAFA BANK,2005,Rapports sociaux annuels,https://www.ammc.ma/fr/espace-emetteurs/etats-financiers/attijariwafa-bank-2005-8,404,https://www.ammc.ma/sites/default/files/AWB_2005_sociaux.pdf,AWB_2005_sociaux.pdf,1.17 Mo
COSUMAR,2005,Rapports consolidés 2eme semestre,https://www.ammc.ma/fr/espace-emetteurs/etats-financiers/cosumar-2005-6,404,https://www.ammc.ma/sites/default/files/Cosumar_2S05_consolid%C3%A9s.pdf,Cosumar_2S05_consolidés.pdf,177.77 Ko
ATTIJARIWAFA BANK,2005,Rapports consolidés 2eme semestre,https://www.ammc.ma/fr/espace-emetteurs/etats-financiers/attijariwafa-bank-2005-7,405,https://www.ammc.ma/sites/default/files/AWB_2S05_consolid%C3%A9s.pdf,AWB_2S05_consolidés.pdf,1.3 Mo
Banque Centrale Populaire (BCP),2005,Rapports consolidés 2eme semestre,https://www.ammc.ma/fr/espace-emetteurs/etats-financiers/bcp-2005-7,405,https://www.ammc.ma/sites/default/files/BCP_2S05_consolid%C3%A9s.pdf,BCP_2S05_consolidés.pdf,1.08 Mo
CIMENTS DU MAROC,2005,Rapports consolidés 1er semestre,https://www.ammc.ma/fr/espace-emetteurs/etats-financiers/ciments-du-maroc-2005-4,405,https://www.ammc.ma/sites/default/files/Cimar_1S05_consolid%C3%A9s.pdf,Cimar_1S05_consolidés.pdf,440.57 Ko
Banque Centrale Populaire (BCP),2005,Rapports consolidés 1er semestre,https://www.ammc.ma/fr/espace-emetteurs/etats-financiers/bcp-2005-6,405,https://www.ammc.ma/sites/default/files/BCP_1S05_consolid%C3%A9s.pdf,BCP_1S05_consolidés.pdf,299.29 Ko
Banque Centrale Populaire (BCP),2005,Rapports consolidés 1er semestre,https://www.ammc.ma/fr/espace-emetteurs/etats-financiers/bcp-2005-6,406,https://www.ammc.ma/sites/default/files/BCP_1S05_consolid%C3%A9s.pdf,BCP_1S05_consolidés.pdf,299.29 Ko
ATTIJARIWAFA BANK,2005,Rapports consolidés 1er semestre,https://www.ammc.ma/fr/espace-emetteurs/etats-financiers/attijariwafa-bank-2005-6,406,https://www.ammc.ma/sites/default/files/AWB_1S05_consolid%C3%A9s.pdf,AWB_1S05_consolidés.pdf,470.58 Ko
MAROC TELECOM,2005,Rapports sociaux 2eme semestre,https://www.ammc.ma/fr/espace-emetteurs/etats-financiers/maroc-telecom-2005-2,408,https://www.ammc.ma/sites/default/files/Maroc_Telecom_2S05.pdf,Maroc_Telecom_2S05.pdf,88.59 Ko
MANAGEM,2005,Rapports sociaux 2eme semestre,https://www.ammc.ma/fr/espace-emetteurs/etats-financiers/managem-2005-2,409,https://www.ammc.ma/sites/default/files/Managem_2S05.pdf,Managem_2S05.pdf,687.11 Ko
Banque Centrale Populaire (BCP),2005,Rapports sociaux 2eme semestre,https://www.ammc.ma/fr/espace-emetteurs/etats-financiers/bcp-2005-5,409,https://www.ammc.ma/sites/default/files/BCP_2S05_sociaux.pdf,BCP_2S05_sociaux.pdf,391.88 Ko
COSUMAR,2005,Rapports sociaux 2eme semestre,https://www.ammc.ma/fr/espace-emetteurs/etats-financiers/cosumar-2005-5,409,https://www.ammc.ma/sites/default/files/Cosumar_2S05.pdf,Cosumar_2S05.pdf,421.63 Ko
ATTIJARIWAFA BANK,2005,Rapports sociaux 2eme semestre,https://www.ammc.ma/fr/espace-emetteurs/etats-financiers/attijariwafa-bank-2005-5,409,https://www.ammc.ma/sites/default/files/AWB_2S05_sociaux.pdf,AWB_2S05_sociaux.pdf,361.08 Ko
Banque Centrale Populaire (BCP),2005,Rapports sociaux 2eme semestre,https://www.ammc.ma/fr/espace-emetteurs/etats-financiers/bcp-2005-5,410,https://www.ammc.ma/sites/default/files/BCP_2S05_sociaux.pdf,BCP_2S05_sociaux.pdf,391.88 Ko
MAROC TELECOM,2005,Rapports sociaux 1er semestre,https://www.ammc.ma/fr/espace-emetteurs/etats-financiers/maroc-telecom-2005-1,411,https://www.ammc.ma/sites/default/files/Maroc_Telecom_1S05.pdf,Maroc_Telecom_1S05.pdf,132.29 Ko
ATTIJARIWAFA BANK,2005,Rapports sociaux 1er semestre,https://www.ammc.ma/fr/espace-emetteurs/etats-financiers/attijariwafa-bank-2005-4,414,https://www.ammc.ma/sites/default/files/AWB_1S05_sociaux.pdf,AWB_1S05_sociaux.pdf,827.83 Ko
Banque Centrale Populaire (BCP),2005,Rapports sociaux 1er semestre,https://www.ammc.ma/fr/espace-emetteurs/etats-financiers/bcp-2005-4,414,https://www.ammc.ma/sites/default/files/BCP_1S05_sociaux.pdf,BCP_1S05_sociaux.pdf,264.44 Ko
COSUMAR,2004,Rapports sociaux annuels,https://www.ammc.ma/fr/espace-emetteurs/etats-financiers/cosumar-2004-4,415,https://www.ammc.ma/sites/default/files/Cosumar_2004.pdf,Cosumar_2004.pdf,458.55 Ko
CIMENTS DU MAROC,2004,Rapports sociaux annuels,https://www.ammc.ma/fr/espace-emetteurs/etats-financiers/ciments-du-maroc-2004-2,415,https://www.ammc.ma/sites/default/files/Cimar_2004.pdf,Cimar_2004.pdf,1.62 Mo
ATTIJARIWAFA BANK,2004,Rapports sociaux annuels,https://www.ammc.ma/fr/espace-emetteurs/etats-financiers/attijariwafa-bank-2004-4,415,https://www.ammc.ma/sites/default/files/AWB_2004_sociaux.pdf,AWB_2004_sociaux.pdf,5.74 Mo
Banque Centrale Populaire (BCP),2004,Rapports sociaux annuels,https://www.ammc.ma/fr/espace-emetteurs/etats-financiers/bcp-2004-2,416,https://www.ammc.ma/sites/default/files/BCP_2004.pdf,BCP_2004.pdf,1.48 Mo
ATTIJARIWAFA BANK,2004,Rapports consolidés 1er semestre,https://www.ammc.ma/fr/espace-emetteurs/etats-financiers/attijariwafa-bank-2004-3,417,https://www.ammc.ma/sites/default/files/AWB_1S04_consolid%C3%A9.pdf,AWB_1S04_consolidé.pdf,946.93 Ko
MANAGEM,2004,Rapports sociaux 2eme semestre,https://www.ammc.ma/fr/espace-emetteurs/etats-financiers/managem-2004-2,418,https://www.ammc.ma/sites/default/files/Managem_2S04.pdf,Managem_2S04.pdf,1.17 Mo
MAROC TELECOM,2004,Rapports sociaux 2eme semestre,https://www.ammc.ma/fr/espace-emetteurs/etats-financiers/maroc-telecom-2004-0,418,https://www.ammc.ma/sites/default/files/Maroc_Telecom_2S04.pdf,Maroc_Telecom_2S04.pdf,773.17 Ko
MANAGEM,2004,Rapports sociaux 2eme semestre,https://www.ammc.ma/fr/espace-emetteurs/etats-financiers/managem-2004-2,419,https://www.ammc.ma/sites/default/files/Managem_2S04.pdf,Managem_2S04.pdf,1.17 Mo
COSUMAR,2004,Rapports sociaux 2eme semestre,https://www.ammc.ma/fr/espace-emetteurs/etats-financiers/cosumar-2004-3,419,https://www.ammc.ma/sites/default/files/Cosumar_2S04%281%29.pdf,Cosumar_2S04(1).pdf,126.99 Ko
ATTIJARIWAFA BANK,2004,Rapports sociaux 2eme semestre,https://www.ammc.ma/fr/espace-emetteurs/etats-financiers/attijariwafa-bank-2004-2,419,https://www.ammc.ma/sites/default/files/AWB_2S04%281%29.pdf,AWB_2S04(1).pdf,924.69 Ko
COSUMAR,2004,Rapports sociaux 2eme semestre,https://www.ammc.ma/fr/espace-emetteurs/etats-financiers/cosumar-2004-3,420,https://www.ammc.ma/sites/default/files/Cosumar_2S04%281%29.pdf,Cosumar_2S04(1).pdf,126.99 Ko
ATTIJARIWAFA BANK,2004,Rapports sociaux 2eme semestre,https://www.ammc.ma/fr/espace-emetteurs/etats-financiers/attijariwafa-bank-2004-2,420,https://www.ammc.ma/sites/default/files/AWB_2S04%281%29.pdf,AWB_2S04(1).pdf,924.69 Ko
MANAGEM,2004,Rapports sociaux 1er semestre,https://www.ammc.ma/fr/espace-emetteurs/etats-financiers/managem-2004-1,421,https://www.ammc.ma/sites/default/files/Managem_1S04.pdf,Managem_1S04.pdf,356.36 Ko
MANAGEM,2004,Rapports sociaux 1er semestre,https://www.ammc.ma/fr/espace-emetteurs/etats-financiers/managem-2004-1,422,https://www.ammc.ma/sites/default/files/Managem_1S04.pdf,Managem_1S04.pdf,356.36 Ko
COSUMAR,2004,Rapports sociaux 1er semestre,https://www.ammc.ma/fr/espace-emetteurs/etats-financiers/cosumar-2004-2,423,https://www.ammc.ma/sites/default/files/Cosumar_1S04.pdf,Cosumar_1S04.pdf,310.14 Ko
CIMENTS DU MAROC,2004,Rapports sociaux 1er semestre,https://www.ammc.ma/fr/espace-emetteurs/etats-financiers/ciments-du-maroc-2004-1,423,https://www.ammc.ma/sites/default/files/Cimar_1S04.pdf,Cimar_1S04.pdf,223.48 Ko
